HuggingFaceID,Architecture,System,Backend,Version,Mode,Status,ErrMsg,Command,Source
MiniMaxAI/MiniMax-M2.7,MiniMaxM2ForCausalLM,b60,vllm,0.12.0,agg,FAIL,"Traceback (most recent call last):\n  File ""tools/support_matrix/support_matrix.py"", line 925, in _attempt\n    python_pareto_df = SupportMatrix._run_mode(\n                       ^^^^^^^^^^^^^^^^^^^^^^^^\n  File ""tools/support_matrix/support_matrix.py"", line 814, in _run_mode\n    pareto_df = task.run()\n                ^^^^^^^^^^\n  File ""src/aiconfigurator/sdk/task_v2.py"", line 1588, in run\n    self.validate()\n  File ""src/aiconfigurator/sdk/task_v2.py"", line 1237, in validate\n    self._validate_database_quant_modes()\n  File ""src/aiconfigurator/sdk/task_v2.py"", line 1286, in _validate_database_quant_modes\n    self._check_role_against_db(""agg"", validate_context=True, validate_generation=True)\n  File ""src/aiconfigurator/sdk/task_v2.py"", line 1386, in _check_role_against_db\n    _check(""gemm"", self._role_attr(role, ""gemm_quant_mode""))\n  File ""src/aiconfigurator/sdk/task_v2.py"", line 1379, in _check\n    raise exc_type(\nValueError: Unsupported gemm quant mode 'fp8_block' for system='b60', backend='vllm', version='0.12.0'. Supported gemm modes: ['bfloat16', 'fp8']\n",uv run aiconfigurator cli default --model-path MiniMaxAI/MiniMax-M2.7 --total-gpus 128 --system b60 --backend vllm --backend-version 0.12.0 --database-mode SILICON --isl 256 --osl 256 --prefix 128 --ttft 2000000.0 --tpot 50000.0 --top-n 1 --no-color,
MiniMaxAI/MiniMax-M2.7,MiniMaxM2ForCausalLM,b60,vllm,0.12.0,disagg,FAIL,"Traceback (most recent call last):\n  File ""tools/support_matrix/support_matrix.py"", line 925, in _attempt\n    python_pareto_df = SupportMatrix._run_mode(\n                       ^^^^^^^^^^^^^^^^^^^^^^^^\n  File ""tools/support_matrix/support_matrix.py"", line 814, in _run_mode\n    pareto_df = task.run()\n                ^^^^^^^^^^\n  File ""src/aiconfigurator/sdk/task_v2.py"", line 1588, in run\n    self.validate()\n  File ""src/aiconfigurator/sdk/task_v2.py"", line 1237, in validate\n    self._validate_database_quant_modes()\n  File ""src/aiconfigurator/sdk/task_v2.py"", line 1288, in _validate_database_quant_modes\n    self._check_role_against_db(""prefill"", validate_context=True, validate_generation=False)\n  File ""src/aiconfigurator/sdk/task_v2.py"", line 1386, in _check_role_against_db\n    _check(""gemm"", self._role_attr(role, ""gemm_quant_mode""))\n  File ""src/aiconfigurator/sdk/task_v2.py"", line 1379, in _check\n    raise exc_type(\nValueError: Unsupported gemm quant mode 'fp8_block' for system='b60', backend='vllm', version='0.12.0'. Supported gemm modes: ['bfloat16', 'fp8']\n",uv run aiconfigurator cli default --model-path MiniMaxAI/MiniMax-M2.7 --total-gpus 128 --system b60 --backend vllm --backend-version 0.12.0 --database-mode SILICON --isl 256 --osl 256 --prefix 128 --ttft 2000000.0 --tpot 50000.0 --top-n 1 --no-color,
MiniMaxAI/MiniMax-M2.7,MiniMaxM2ForCausalLM,b60,vllm,0.20.0,agg,FAIL,"Traceback (most recent call last):\n  File ""tools/support_matrix/support_matrix.py"", line 925, in _attempt\n    python_pareto_df = SupportMatrix._run_mode(\n                       ^^^^^^^^^^^^^^^^^^^^^^^^\n  File ""tools/support_matrix/support_matrix.py"", line 814, in _run_mode\n    pareto_df = task.run()\n                ^^^^^^^^^^\n  File ""src/aiconfigurator/sdk/task_v2.py"", line 1588, in run\n    self.validate()\n  File ""src/aiconfigurator/sdk/task_v2.py"", line 1237, in validate\n    self._validate_database_quant_modes()\n  File ""src/aiconfigurator/sdk/task_v2.py"", line 1286, in _validate_database_quant_modes\n    self._check_role_against_db(""agg"", validate_context=True, validate_generation=True)\n  File ""src/aiconfigurator/sdk/task_v2.py"", line 1386, in _check_role_against_db\n    _check(""gemm"", self._role_attr(role, ""gemm_quant_mode""))\n  File ""src/aiconfigurator/sdk/task_v2.py"", line 1379, in _check\n    raise exc_type(\nValueError: Unsupported gemm quant mode 'fp8_block' for system='b60', backend='vllm', version='0.20.0'. Supported gemm modes: ['bfloat16', 'fp8']\n",uv run aiconfigurator cli default --model-path MiniMaxAI/MiniMax-M2.7 --total-gpus 128 --system b60 --backend vllm --backend-version 0.20.0 --database-mode SILICON --isl 256 --osl 256 --prefix 128 --ttft 2000000.0 --tpot 50000.0 --top-n 1 --no-color,
MiniMaxAI/MiniMax-M2.7,MiniMaxM2ForCausalLM,b60,vllm,0.20.0,disagg,FAIL,"Traceback (most recent call last):\n  File ""tools/support_matrix/support_matrix.py"", line 925, in _attempt\n    python_pareto_df = SupportMatrix._run_mode(\n                       ^^^^^^^^^^^^^^^^^^^^^^^^\n  File ""tools/support_matrix/support_matrix.py"", line 814, in _run_mode\n    pareto_df = task.run()\n                ^^^^^^^^^^\n  File ""src/aiconfigurator/sdk/task_v2.py"", line 1588, in run\n    self.validate()\n  File ""src/aiconfigurator/sdk/task_v2.py"", line 1237, in validate\n    self._validate_database_quant_modes()\n  File ""src/aiconfigurator/sdk/task_v2.py"", line 1288, in _validate_database_quant_modes\n    self._check_role_against_db(""prefill"", validate_context=True, validate_generation=False)\n  File ""src/aiconfigurator/sdk/task_v2.py"", line 1386, in _check_role_against_db\n    _check(""gemm"", self._role_attr(role, ""gemm_quant_mode""))\n  File ""src/aiconfigurator/sdk/task_v2.py"", line 1379, in _check\n    raise exc_type(\nValueError: Unsupported gemm quant mode 'fp8_block' for system='b60', backend='vllm', version='0.20.0'. Supported gemm modes: ['bfloat16', 'fp8']\n",uv run aiconfigurator cli default --model-path MiniMaxAI/MiniMax-M2.7 --total-gpus 128 --system b60 --backend vllm --backend-version 0.20.0 --database-mode SILICON --isl 256 --osl 256 --prefix 128 --ttft 2000000.0 --tpot 50000.0 --top-n 1 --no-color,
MiniMaxAI/MiniMax-M3,MiniMaxM3ForCausalLM,b60,vllm,0.12.0,agg,FAIL,"Traceback (most recent call last):\n  File ""src/aiconfigurator/sdk/sweep.py"", line 485, in sweep_agg\n    point_df, point_saw_model_fit, point_saw_memory_fit = _sweep_one_parallel_agg(\n                                                          ^^^^^^^^^^^^^^^^^^^^^^^^\n  File ""src/aiconfigurator/sdk/sweep.py"", line 335, in _sweep_one_parallel_agg\n    summary = predict_agg_worker(\n              ^^^^^^^^^^^^^^^^^^^\n  File ""src/aiconfigurator/sdk/predict.py"", line 143, in predict_agg_worker\n    summary = (predictor or DEFAULT_PREDICTOR).predict_agg_worker(\n              ^^^^^^^^^^^^^^^^^^^^^^^^^^^^^^^^^^^^^^^^^^^^^^^^^^^^\n  File ""src/aiconfigurator/sdk/predictor.py"", line 118, in predict_agg_worker\n    return backend.run_agg(\n           ^^^^^^^^^^^^^^^^\n  File ""aic-core/src/aiconfigurator_core/sdk/backends/base_backend.py"", line 1466, in run_agg\n    mix_step_estimate = self.run_mixed(\n                        ^^^^^^^^^^^^^^^\n  File ""aic-core/src/aiconfigurator_core/sdk/backends/base_backend.py"", line 1147, in run_mixed\n    summary = self.run_static(\n              ^^^^^^^^^^^^^^^^\n  File ""aic-core/src/aiconfigurator_core/sdk/backends/base_backend.py"", line 685, in run_static\n    ) = self._run_static_breakdown(\n        ^^^^^^^^^^^^^^^^^^^^^^^^^^^\n  File ""aic-core/src/aiconfigurator_core/sdk/backends/base_backend.py"", line 503, in _run_static_breakdown\n    context_latency_dict, context_energy_wms_dict, context_source_dict = self._run_context_phase(\n                                                                         ^^^^^^^^^^^^^^^^^^^^^^^^\n  File ""aic-core/src/aiconfigurator_core/sdk/backends/base_backend.py"", line 338, in _run_context_phase\n    result = op.query(\n             ^^^^^^^^^\n  File ""aic-core/src/aiconfigurator_core/sdk/operations/msa.py"", line 272, in query\n    raise PerfDataNotAvailableError(""MSA has no silicon data; use HYBRID or EMPIRICAL."")\naiconfigurator_core.sdk.errors.PerfDataNotAvailableError: MSA has no silicon data; use HYBRID or EMPIRICAL.\n\nThe above exception was the direct cause of the following exception:\n\nTraceback (most recent call last):\n  File ""tools/support_matrix/support_matrix.py"", line 925, in _attempt\n    python_pareto_df = SupportMatrix._run_mode(\n                       ^^^^^^^^^^^^^^^^^^^^^^^^\n  File ""tools/support_matrix/support_matrix.py"", line 814, in _run_mode\n    pareto_df = task.run()\n                ^^^^^^^^^^\n  File ""src/aiconfigurator/sdk/task_v2.py"", line 1595, in run\n    return sweep_agg(\n           ^^^^^^^^^^\n  File ""src/aiconfigurator/sdk/sweep.py"", line 526, in sweep_agg\n    raise RuntimeError(\nRuntimeError: sweep_agg: no results for any parallel configuration. Last exception: MSA has no silicon data; use HYBRID or EMPIRICAL.\n",uv run aiconfigurator cli default --model-path MiniMaxAI/MiniMax-M3 --total-gpus 128 --system b60 --backend vllm --backend-version 0.12.0 --database-mode SILICON --isl 256 --osl 256 --prefix 128 --ttft 2000000.0 --tpot 50000.0 --top-n 1 --no-color,
MiniMaxAI/MiniMax-M3,MiniMaxM3ForCausalLM,b60,vllm,0.12.0,disagg,FAIL,"Traceback (most recent call last):\n  File ""src/aiconfigurator/sdk/sweep.py"", line 603, in _get_disagg_worker_candidates\n    summary = predict_disagg_worker(\n              ^^^^^^^^^^^^^^^^^^^^^^\n  File ""src/aiconfigurator/sdk/predict.py"", line 91, in predict_disagg_worker\n    summary = (predictor or DEFAULT_PREDICTOR).predict_disagg_worker(\n              ^^^^^^^^^^^^^^^^^^^^^^^^^^^^^^^^^^^^^^^^^^^^^^^^^^^^^^^\n  File ""src/aiconfigurator/sdk/predictor.py"", line 139, in predict_disagg_worker\n    return backend.run_static(\n           ^^^^^^^^^^^^^^^^^^^\n  File ""aic-core/src/aiconfigurator_core/sdk/backends/base_backend.py"", line 685, in run_static\n    ) = self._run_static_breakdown(\n        ^^^^^^^^^^^^^^^^^^^^^^^^^^^\n  File ""aic-core/src/aiconfigurator_core/sdk/backends/base_backend.py"", line 503, in _run_static_breakdown\n    context_latency_dict, context_energy_wms_dict, context_source_dict = self._run_context_phase(\n                                                                         ^^^^^^^^^^^^^^^^^^^^^^^^\n  File ""aic-core/src/aiconfigurator_core/sdk/backends/base_backend.py"", line 338, in _run_context_phase\n    result = op.query(\n             ^^^^^^^^^\n  File ""aic-core/src/aiconfigurator_core/sdk/operations/msa.py"", line 272, in query\n    raise PerfDataNotAvailableError(""MSA has no silicon data; use HYBRID or EMPIRICAL."")\naiconfigurator_core.sdk.errors.PerfDataNotAvailableError: MSA has no silicon data; use HYBRID or EMPIRICAL.\n\nThe above exception was the direct cause of the following exception:\n\nTraceback (most recent call last):\n  File ""tools/support_matrix/support_matrix.py"", line 925, in _attempt\n    python_pareto_df = SupportMatrix._run_mode(\n                       ^^^^^^^^^^^^^^^^^^^^^^^^\n  File ""tools/support_matrix/support_matrix.py"", line 814, in _run_mode\n    pareto_df = task.run()\n                ^^^^^^^^^^\n  File ""src/aiconfigurator/sdk/task_v2.py"", line 1607, in run\n    return sweep_disagg(\n           ^^^^^^^^^^^^^\n  File ""src/aiconfigurator/sdk/sweep.py"", line 850, in sweep_disagg\n    prefill_summary_df = _get_disagg_worker_candidates(\n                         ^^^^^^^^^^^^^^^^^^^^^^^^^^^^^^\n  File ""src/aiconfigurator/sdk/sweep.py"", line 642, in _get_disagg_worker_candidates\n    raise RuntimeError(\nRuntimeError: sweep_disagg/prefill: no results for any parallel config. Last exception: MSA has no silicon data; use HYBRID or EMPIRICAL.\n",uv run aiconfigurator cli default --model-path MiniMaxAI/MiniMax-M3 --total-gpus 128 --system b60 --backend vllm --backend-version 0.12.0 --database-mode SILICON --isl 256 --osl 256 --prefix 128 --ttft 2000000.0 --tpot 50000.0 --top-n 1 --no-color,
MiniMaxAI/MiniMax-M3,MiniMaxM3ForCausalLM,b60,vllm,0.20.0,agg,FAIL,"Traceback (most recent call last):\n  File ""src/aiconfigurator/sdk/sweep.py"", line 485, in sweep_agg\n    point_df, point_saw_model_fit, point_saw_memory_fit = _sweep_one_parallel_agg(\n                                                          ^^^^^^^^^^^^^^^^^^^^^^^^\n  File ""src/aiconfigurator/sdk/sweep.py"", line 335, in _sweep_one_parallel_agg\n    summary = predict_agg_worker(\n              ^^^^^^^^^^^^^^^^^^^\n  File ""src/aiconfigurator/sdk/predict.py"", line 143, in predict_agg_worker\n    summary = (predictor or DEFAULT_PREDICTOR).predict_agg_worker(\n              ^^^^^^^^^^^^^^^^^^^^^^^^^^^^^^^^^^^^^^^^^^^^^^^^^^^^\n  File ""src/aiconfigurator/sdk/predictor.py"", line 118, in predict_agg_worker\n    return backend.run_agg(\n           ^^^^^^^^^^^^^^^^\n  File ""aic-core/src/aiconfigurator_core/sdk/backends/base_backend.py"", line 1466, in run_agg\n    mix_step_estimate = self.run_mixed(\n                        ^^^^^^^^^^^^^^^\n  File ""aic-core/src/aiconfigurator_core/sdk/backends/base_backend.py"", line 1147, in run_mixed\n    summary = self.run_static(\n              ^^^^^^^^^^^^^^^^\n  File ""aic-core/src/aiconfigurator_core/sdk/backends/base_backend.py"", line 685, in run_static\n    ) = self._run_static_breakdown(\n        ^^^^^^^^^^^^^^^^^^^^^^^^^^^\n  File ""aic-core/src/aiconfigurator_core/sdk/backends/base_backend.py"", line 503, in _run_static_breakdown\n    context_latency_dict, context_energy_wms_dict, context_source_dict = self._run_context_phase(\n                                                                         ^^^^^^^^^^^^^^^^^^^^^^^^\n  File ""aic-core/src/aiconfigurator_core/sdk/backends/base_backend.py"", line 338, in _run_context_phase\n    result = op.query(\n             ^^^^^^^^^\n  File ""aic-core/src/aiconfigurator_core/sdk/operations/msa.py"", line 272, in query\n    raise PerfDataNotAvailableError(""MSA has no silicon data; use HYBRID or EMPIRICAL."")\naiconfigurator_core.sdk.errors.PerfDataNotAvailableError: MSA has no silicon data; use HYBRID or EMPIRICAL.\n\nThe above exception was the direct cause of the following exception:\n\nTraceback (most recent call last):\n  File ""tools/support_matrix/support_matrix.py"", line 925, in _attempt\n    python_pareto_df = SupportMatrix._run_mode(\n                       ^^^^^^^^^^^^^^^^^^^^^^^^\n  File ""tools/support_matrix/support_matrix.py"", line 814, in _run_mode\n    pareto_df = task.run()\n                ^^^^^^^^^^\n  File ""src/aiconfigurator/sdk/task_v2.py"", line 1595, in run\n    return sweep_agg(\n           ^^^^^^^^^^\n  File ""src/aiconfigurator/sdk/sweep.py"", line 526, in sweep_agg\n    raise RuntimeError(\nRuntimeError: sweep_agg: no results for any parallel configuration. Last exception: MSA has no silicon data; use HYBRID or EMPIRICAL.\n",uv run aiconfigurator cli default --model-path MiniMaxAI/MiniMax-M3 --total-gpus 128 --system b60 --backend vllm --backend-version 0.20.0 --database-mode SILICON --isl 256 --osl 256 --prefix 128 --ttft 2000000.0 --tpot 50000.0 --top-n 1 --no-color,
MiniMaxAI/MiniMax-M3,MiniMaxM3ForCausalLM,b60,vllm,0.20.0,disagg,FAIL,"Traceback (most recent call last):\n  File ""src/aiconfigurator/sdk/sweep.py"", line 603, in _get_disagg_worker_candidates\n    summary = predict_disagg_worker(\n              ^^^^^^^^^^^^^^^^^^^^^^\n  File ""src/aiconfigurator/sdk/predict.py"", line 91, in predict_disagg_worker\n    summary = (predictor or DEFAULT_PREDICTOR).predict_disagg_worker(\n              ^^^^^^^^^^^^^^^^^^^^^^^^^^^^^^^^^^^^^^^^^^^^^^^^^^^^^^^\n  File ""src/aiconfigurator/sdk/predictor.py"", line 139, in predict_disagg_worker\n    return backend.run_static(\n           ^^^^^^^^^^^^^^^^^^^\n  File ""aic-core/src/aiconfigurator_core/sdk/backends/base_backend.py"", line 685, in run_static\n    ) = self._run_static_breakdown(\n        ^^^^^^^^^^^^^^^^^^^^^^^^^^^\n  File ""aic-core/src/aiconfigurator_core/sdk/backends/base_backend.py"", line 503, in _run_static_breakdown\n    context_latency_dict, context_energy_wms_dict, context_source_dict = self._run_context_phase(\n                                                                         ^^^^^^^^^^^^^^^^^^^^^^^^\n  File ""aic-core/src/aiconfigurator_core/sdk/backends/base_backend.py"", line 338, in _run_context_phase\n    result = op.query(\n             ^^^^^^^^^\n  File ""aic-core/src/aiconfigurator_core/sdk/operations/msa.py"", line 272, in query\n    raise PerfDataNotAvailableError(""MSA has no silicon data; use HYBRID or EMPIRICAL."")\naiconfigurator_core.sdk.errors.PerfDataNotAvailableError: MSA has no silicon data; use HYBRID or EMPIRICAL.\n\nThe above exception was the direct cause of the following exception:\n\nTraceback (most recent call last):\n  File ""tools/support_matrix/support_matrix.py"", line 925, in _attempt\n    python_pareto_df = SupportMatrix._run_mode(\n                       ^^^^^^^^^^^^^^^^^^^^^^^^\n  File ""tools/support_matrix/support_matrix.py"", line 814, in _run_mode\n    pareto_df = task.run()\n                ^^^^^^^^^^\n  File ""src/aiconfigurator/sdk/task_v2.py"", line 1607, in run\n    return sweep_disagg(\n           ^^^^^^^^^^^^^\n  File ""src/aiconfigurator/sdk/sweep.py"", line 850, in sweep_disagg\n    prefill_summary_df = _get_disagg_worker_candidates(\n                         ^^^^^^^^^^^^^^^^^^^^^^^^^^^^^^\n  File ""src/aiconfigurator/sdk/sweep.py"", line 642, in _get_disagg_worker_candidates\n    raise RuntimeError(\nRuntimeError: sweep_disagg/prefill: no results for any parallel config. Last exception: MSA has no silicon data; use HYBRID or EMPIRICAL.\n",uv run aiconfigurator cli default --model-path MiniMaxAI/MiniMax-M3 --total-gpus 128 --system b60 --backend vllm --backend-version 0.20.0 --database-mode SILICON --isl 256 --osl 256 --prefix 128 --ttft 2000000.0 --tpot 50000.0 --top-n 1 --no-color,
Qwen/Qwen3-0.6B,Qwen3ForCausalLM,b60,vllm,0.12.0,agg,PASS,,uv run aiconfigurator cli default --model-path Qwen/Qwen3-0.6B --total-gpus 4 --system b60 --backend vllm --backend-version 0.12.0 --database-mode SILICON --isl 256 --osl 256 --prefix 128 --ttft 1500.0 --tpot 50.0 --top-n 1 --no-color,silicon
Qwen/Qwen3-0.6B,Qwen3ForCausalLM,b60,vllm,0.12.0,disagg,PASS,,uv run aiconfigurator cli default --model-path Qwen/Qwen3-0.6B --total-gpus 4 --system b60 --backend vllm --backend-version 0.12.0 --database-mode SILICON --isl 256 --osl 256 --prefix 128 --ttft 1500.0 --tpot 50.0 --top-n 1 --no-color,silicon
Qwen/Qwen3-0.6B,Qwen3ForCausalLM,b60,vllm,0.20.0,agg,PASS,,uv run aiconfigurator cli default --model-path Qwen/Qwen3-0.6B --total-gpus 4 --system b60 --backend vllm --backend-version 0.20.0 --database-mode SILICON --isl 256 --osl 256 --prefix 128 --ttft 1500.0 --tpot 50.0 --top-n 1 --no-color,silicon
Qwen/Qwen3-0.6B,Qwen3ForCausalLM,b60,vllm,0.20.0,disagg,PASS,,uv run aiconfigurator cli default --model-path Qwen/Qwen3-0.6B --total-gpus 4 --system b60 --backend vllm --backend-version 0.20.0 --database-mode SILICON --isl 256 --osl 256 --prefix 128 --ttft 1500.0 --tpot 50.0 --top-n 1 --no-color,silicon
Qwen/Qwen3-1.7B,Qwen3ForCausalLM,b60,vllm,0.12.0,agg,PASS,,uv run aiconfigurator cli default --model-path Qwen/Qwen3-1.7B --total-gpus 4 --system b60 --backend vllm --backend-version 0.12.0 --database-mode SILICON --isl 256 --osl 256 --prefix 128 --ttft 1500.0 --tpot 50.0 --top-n 1 --no-color,silicon
Qwen/Qwen3-1.7B,Qwen3ForCausalLM,b60,vllm,0.12.0,disagg,PASS,,uv run aiconfigurator cli default --model-path Qwen/Qwen3-1.7B --total-gpus 4 --system b60 --backend vllm --backend-version 0.12.0 --database-mode SILICON --isl 256 --osl 256 --prefix 128 --ttft 1500.0 --tpot 50.0 --top-n 1 --no-color,silicon
Qwen/Qwen3-1.7B,Qwen3ForCausalLM,b60,vllm,0.20.0,agg,PASS,,uv run aiconfigurator cli default --model-path Qwen/Qwen3-1.7B --total-gpus 4 --system b60 --backend vllm --backend-version 0.20.0 --database-mode SILICON --isl 256 --osl 256 --prefix 128 --ttft 1500.0 --tpot 50.0 --top-n 1 --no-color,silicon
Qwen/Qwen3-1.7B,Qwen3ForCausalLM,b60,vllm,0.20.0,disagg,PASS,,uv run aiconfigurator cli default --model-path Qwen/Qwen3-1.7B --total-gpus 4 --system b60 --backend vllm --backend-version 0.20.0 --database-mode SILICON --isl 256 --osl 256 --prefix 128 --ttft 1500.0 --tpot 50.0 --top-n 1 --no-color,silicon
Qwen/Qwen3-235B-A22B,Qwen3MoeForCausalLM,b60,vllm,0.12.0,agg,FAIL,"Traceback (most recent call last):\n  File ""src/aiconfigurator/sdk/sweep.py"", line 485, in sweep_agg\n    point_df, point_saw_model_fit, point_saw_memory_fit = _sweep_one_parallel_agg(\n                                                          ^^^^^^^^^^^^^^^^^^^^^^^^\n  File ""src/aiconfigurator/sdk/sweep.py"", line 335, in _sweep_one_parallel_agg\n    summary = predict_agg_worker(\n              ^^^^^^^^^^^^^^^^^^^\n  File ""src/aiconfigurator/sdk/predict.py"", line 143, in predict_agg_worker\n    summary = (predictor or DEFAULT_PREDICTOR).predict_agg_worker(\n              ^^^^^^^^^^^^^^^^^^^^^^^^^^^^^^^^^^^^^^^^^^^^^^^^^^^^\n  File ""src/aiconfigurator/sdk/predictor.py"", line 118, in predict_agg_worker\n    return backend.run_agg(\n           ^^^^^^^^^^^^^^^^\n  File ""aic-core/src/aiconfigurator_core/sdk/backends/base_backend.py"", line 1466, in run_agg\n    mix_step_estimate = self.run_mixed(\n                        ^^^^^^^^^^^^^^^\n  File ""aic-core/src/aiconfigurator_core/sdk/backends/base_backend.py"", line 1147, in run_mixed\n    summary = self.run_static(\n              ^^^^^^^^^^^^^^^^\n  File ""aic-core/src/aiconfigurator_core/sdk/backends/base_backend.py"", line 685, in run_static\n    ) = self._run_static_breakdown(\n        ^^^^^^^^^^^^^^^^^^^^^^^^^^^\n  File ""aic-core/src/aiconfigurator_core/sdk/backends/base_backend.py"", line 503, in _run_static_breakdown\n    context_latency_dict, context_energy_wms_dict, context_source_dict = self._run_context_phase(\n                                                                         ^^^^^^^^^^^^^^^^^^^^^^^^\n  File ""aic-core/src/aiconfigurator_core/sdk/backends/base_backend.py"", line 338, in _run_context_phase\n    result = op.query(\n             ^^^^^^^^^\n  File ""aic-core/src/aiconfigurator_core/sdk/operations/moe.py"", line 840, in query\n    result = database.query_moe(\n             ^^^^^^^^^^^^^^^^^^^\n  File ""aic-core/src/aiconfigurator_core/sdk/perf_database.py"", line 2909, in query_moe\n    return MoE._query_moe_table(\n           ^^^^^^^^^^^^^^^^^^^^^\n  File ""aic-core/src/aiconfigurator_core/sdk/operations/moe.py"", line 809, in _query_moe_table\n    return database._query_silicon_or_hybrid(\n           ^^^^^^^^^^^^^^^^^^^^^^^^^^^^^^^^^^\n  File ""aic-core/src/aiconfigurator_core/sdk/perf_database.py"", line 2543, in _query_silicon_or_hybrid\n    return get_silicon()\n           ^^^^^^^^^^^^^\n  File ""aic-core/src/aiconfigurator_core/sdk/operations/moe.py"", line 795, in get_silicon\n    moe_dict = util_empirical.require_data_slice(\n               ^^^^^^^^^^^^^^^^^^^^^^^^^^^^^^^^^^\n  File ""aic-core/src/aiconfigurator_core/sdk/operations/util_empirical.py"", line 224, in require_data_slice\n    raise PerfDataNotAvailableError(\naiconfigurator_core.sdk.errors.PerfDataNotAvailableError: Missing silicon data for the requested lookup; requested slice ('power_law_1.2', 8, 128, 4096) is not available. Failed to query moe data for num_tokens=128.0, hidden_size=4096, inter_size=1536, topk=8, num_experts=128, moe_tp_size=8, moe_ep_size=1, quant_mode=<MoEQuantMode.bfloat16: QuantMapping(memory=2, compute=1, name='bfloat16')>, workload_distribution='power_law_1.2'. Consider using HYBRID mode.\n\nThe above exception was the direct cause of the following exception:\n\nTraceback (most recent call last):\n  File ""tools/support_matrix/support_matrix.py"", line 925, in _attempt\n    python_pareto_df = SupportMatrix._run_mode(\n                       ^^^^^^^^^^^^^^^^^^^^^^^^\n  File ""tools/support_matrix/support_matrix.py"", line 814, in _run_mode\n    pareto_df = task.run()\n                ^^^^^^^^^^\n  File ""src/aiconfigurator/sdk/task_v2.py"", line 1595, in run\n    return sweep_agg(\n           ^^^^^^^^^^\n  File ""src/aiconfigurator/sdk/sweep.py"", line 526, in sweep_agg\n    raise RuntimeError(\nRuntimeError: sweep_agg: no results for any parallel configuration. Last exception: Missing silicon data for the requested lookup; requested slice ('power_law_1.2', 8, 128, 4096) is not available. Failed to query moe data for num_tokens=128.0, hidden_size=4096, inter_size=1536, topk=8, num_experts=128, moe_tp_size=8, moe_ep_size=1, quant_mode=<MoEQuantMode.bfloat16: QuantMapping(memory=2, compute=1, name='bfloat16')>, workload_distribution='power_law_1.2'. Consider using HYBRID mode.\n",uv run aiconfigurator cli default --model-path Qwen/Qwen3-235B-A22B --total-gpus 128 --system b60 --backend vllm --backend-version 0.12.0 --database-mode SILICON --isl 256 --osl 256 --prefix 128 --ttft 2000000.0 --tpot 50000.0 --top-n 1 --no-color,
Qwen/Qwen3-235B-A22B,Qwen3MoeForCausalLM,b60,vllm,0.12.0,disagg,FAIL,"Traceback (most recent call last):\n  File ""src/aiconfigurator/sdk/sweep.py"", line 603, in _get_disagg_worker_candidates\n    summary = predict_disagg_worker(\n              ^^^^^^^^^^^^^^^^^^^^^^\n  File ""src/aiconfigurator/sdk/predict.py"", line 91, in predict_disagg_worker\n    summary = (predictor or DEFAULT_PREDICTOR).predict_disagg_worker(\n              ^^^^^^^^^^^^^^^^^^^^^^^^^^^^^^^^^^^^^^^^^^^^^^^^^^^^^^^\n  File ""src/aiconfigurator/sdk/predictor.py"", line 139, in predict_disagg_worker\n    return backend.run_static(\n           ^^^^^^^^^^^^^^^^^^^\n  File ""aic-core/src/aiconfigurator_core/sdk/backends/base_backend.py"", line 685, in run_static\n    ) = self._run_static_breakdown(\n        ^^^^^^^^^^^^^^^^^^^^^^^^^^^\n  File ""aic-core/src/aiconfigurator_core/sdk/backends/base_backend.py"", line 503, in _run_static_breakdown\n    context_latency_dict, context_energy_wms_dict, context_source_dict = self._run_context_phase(\n                                                                         ^^^^^^^^^^^^^^^^^^^^^^^^\n  File ""aic-core/src/aiconfigurator_core/sdk/backends/base_backend.py"", line 338, in _run_context_phase\n    result = op.query(\n             ^^^^^^^^^\n  File ""aic-core/src/aiconfigurator_core/sdk/operations/moe.py"", line 840, in query\n    result = database.query_moe(\n             ^^^^^^^^^^^^^^^^^^^\n  File ""aic-core/src/aiconfigurator_core/sdk/perf_database.py"", line 2909, in query_moe\n    return MoE._query_moe_table(\n           ^^^^^^^^^^^^^^^^^^^^^\n  File ""aic-core/src/aiconfigurator_core/sdk/operations/moe.py"", line 809, in _query_moe_table\n    return database._query_silicon_or_hybrid(\n           ^^^^^^^^^^^^^^^^^^^^^^^^^^^^^^^^^^\n  File ""aic-core/src/aiconfigurator_core/sdk/perf_database.py"", line 2543, in _query_silicon_or_hybrid\n    return get_silicon()\n           ^^^^^^^^^^^^^\n  File ""aic-core/src/aiconfigurator_core/sdk/operations/moe.py"", line 795, in get_silicon\n    moe_dict = util_empirical.require_data_slice(\n               ^^^^^^^^^^^^^^^^^^^^^^^^^^^^^^^^^^\n  File ""aic-core/src/aiconfigurator_core/sdk/operations/util_empirical.py"", line 224, in require_data_slice\n    raise PerfDataNotAvailableError(\naiconfigurator_core.sdk.errors.PerfDataNotAvailableError: Missing silicon data for the requested lookup; requested slice ('power_law_1.2', 8, 128, 4096) is not available. Failed to query moe data for num_tokens=128, hidden_size=4096, inter_size=1536, topk=8, num_experts=128, moe_tp_size=8, moe_ep_size=1, quant_mode=<MoEQuantMode.bfloat16: QuantMapping(memory=2, compute=1, name='bfloat16')>, workload_distribution='power_law_1.2'. Consider using HYBRID mode.\n\nThe above exception was the direct cause of the following exception:\n\nTraceback (most recent call last):\n  File ""tools/support_matrix/support_matrix.py"", line 925, in _attempt\n    python_pareto_df = SupportMatrix._run_mode(\n                       ^^^^^^^^^^^^^^^^^^^^^^^^\n  File ""tools/support_matrix/support_matrix.py"", line 814, in _run_mode\n    pareto_df = task.run()\n                ^^^^^^^^^^\n  File ""src/aiconfigurator/sdk/task_v2.py"", line 1607, in run\n    return sweep_disagg(\n           ^^^^^^^^^^^^^\n  File ""src/aiconfigurator/sdk/sweep.py"", line 850, in sweep_disagg\n    prefill_summary_df = _get_disagg_worker_candidates(\n                         ^^^^^^^^^^^^^^^^^^^^^^^^^^^^^^\n  File ""src/aiconfigurator/sdk/sweep.py"", line 642, in _get_disagg_worker_candidates\n    raise RuntimeError(\nRuntimeError: sweep_disagg/prefill: no results for any parallel config. Last exception: Missing silicon data for the requested lookup; requested slice ('power_law_1.2', 8, 128, 4096) is not available. Failed to query moe data for num_tokens=128, hidden_size=4096, inter_size=1536, topk=8, num_experts=128, moe_tp_size=8, moe_ep_size=1, quant_mode=<MoEQuantMode.bfloat16: QuantMapping(memory=2, compute=1, name='bfloat16')>, workload_distribution='power_law_1.2'. Consider using HYBRID mode.\n",uv run aiconfigurator cli default --model-path Qwen/Qwen3-235B-A22B --total-gpus 128 --system b60 --backend vllm --backend-version 0.12.0 --database-mode SILICON --isl 256 --osl 256 --prefix 128 --ttft 2000000.0 --tpot 50000.0 --top-n 1 --no-color,
Qwen/Qwen3-235B-A22B,Qwen3MoeForCausalLM,b60,vllm,0.20.0,agg,FAIL,"Traceback (most recent call last):\n  File ""src/aiconfigurator/sdk/sweep.py"", line 485, in sweep_agg\n    point_df, point_saw_model_fit, point_saw_memory_fit = _sweep_one_parallel_agg(\n                                                          ^^^^^^^^^^^^^^^^^^^^^^^^\n  File ""src/aiconfigurator/sdk/sweep.py"", line 335, in _sweep_one_parallel_agg\n    summary = predict_agg_worker(\n              ^^^^^^^^^^^^^^^^^^^\n  File ""src/aiconfigurator/sdk/predict.py"", line 143, in predict_agg_worker\n    summary = (predictor or DEFAULT_PREDICTOR).predict_agg_worker(\n              ^^^^^^^^^^^^^^^^^^^^^^^^^^^^^^^^^^^^^^^^^^^^^^^^^^^^\n  File ""src/aiconfigurator/sdk/predictor.py"", line 118, in predict_agg_worker\n    return backend.run_agg(\n           ^^^^^^^^^^^^^^^^\n  File ""aic-core/src/aiconfigurator_core/sdk/backends/base_backend.py"", line 1466, in run_agg\n    mix_step_estimate = self.run_mixed(\n                        ^^^^^^^^^^^^^^^\n  File ""aic-core/src/aiconfigurator_core/sdk/backends/base_backend.py"", line 1147, in run_mixed\n    summary = self.run_static(\n              ^^^^^^^^^^^^^^^^\n  File ""aic-core/src/aiconfigurator_core/sdk/backends/base_backend.py"", line 685, in run_static\n    ) = self._run_static_breakdown(\n        ^^^^^^^^^^^^^^^^^^^^^^^^^^^\n  File ""aic-core/src/aiconfigurator_core/sdk/backends/base_backend.py"", line 503, in _run_static_breakdown\n    context_latency_dict, context_energy_wms_dict, context_source_dict = self._run_context_phase(\n                                                                         ^^^^^^^^^^^^^^^^^^^^^^^^\n  File ""aic-core/src/aiconfigurator_core/sdk/backends/base_backend.py"", line 338, in _run_context_phase\n    result = op.query(\n             ^^^^^^^^^\n  File ""aic-core/src/aiconfigurator_core/sdk/operations/moe.py"", line 840, in query\n    result = database.query_moe(\n             ^^^^^^^^^^^^^^^^^^^\n  File ""aic-core/src/aiconfigurator_core/sdk/perf_database.py"", line 2909, in query_moe\n    return MoE._query_moe_table(\n           ^^^^^^^^^^^^^^^^^^^^^\n  File ""aic-core/src/aiconfigurator_core/sdk/operations/moe.py"", line 809, in _query_moe_table\n    return database._query_silicon_or_hybrid(\n           ^^^^^^^^^^^^^^^^^^^^^^^^^^^^^^^^^^\n  File ""aic-core/src/aiconfigurator_core/sdk/perf_database.py"", line 2543, in _query_silicon_or_hybrid\n    return get_silicon()\n           ^^^^^^^^^^^^^\n  File ""aic-core/src/aiconfigurator_core/sdk/operations/moe.py"", line 795, in get_silicon\n    moe_dict = util_empirical.require_data_slice(\n               ^^^^^^^^^^^^^^^^^^^^^^^^^^^^^^^^^^\n  File ""aic-core/src/aiconfigurator_core/sdk/operations/util_empirical.py"", line 224, in require_data_slice\n    raise PerfDataNotAvailableError(\naiconfigurator_core.sdk.errors.PerfDataNotAvailableError: Missing silicon data for the requested lookup; requested slice ('power_law_1.2', 8, 128, 4096) is not available. Failed to query moe data for num_tokens=128.0, hidden_size=4096, inter_size=1536, topk=8, num_experts=128, moe_tp_size=8, moe_ep_size=1, quant_mode=<MoEQuantMode.bfloat16: QuantMapping(memory=2, compute=1, name='bfloat16')>, workload_distribution='power_law_1.2'. Consider using HYBRID mode.\n\nThe above exception was the direct cause of the following exception:\n\nTraceback (most recent call last):\n  File ""tools/support_matrix/support_matrix.py"", line 925, in _attempt\n    python_pareto_df = SupportMatrix._run_mode(\n                       ^^^^^^^^^^^^^^^^^^^^^^^^\n  File ""tools/support_matrix/support_matrix.py"", line 814, in _run_mode\n    pareto_df = task.run()\n                ^^^^^^^^^^\n  File ""src/aiconfigurator/sdk/task_v2.py"", line 1595, in run\n    return sweep_agg(\n           ^^^^^^^^^^\n  File ""src/aiconfigurator/sdk/sweep.py"", line 526, in sweep_agg\n    raise RuntimeError(\nRuntimeError: sweep_agg: no results for any parallel configuration. Last exception: Missing silicon data for the requested lookup; requested slice ('power_law_1.2', 8, 128, 4096) is not available. Failed to query moe data for num_tokens=128.0, hidden_size=4096, inter_size=1536, topk=8, num_experts=128, moe_tp_size=8, moe_ep_size=1, quant_mode=<MoEQuantMode.bfloat16: QuantMapping(memory=2, compute=1, name='bfloat16')>, workload_distribution='power_law_1.2'. Consider using HYBRID mode.\n",uv run aiconfigurator cli default --model-path Qwen/Qwen3-235B-A22B --total-gpus 128 --system b60 --backend vllm --backend-version 0.20.0 --database-mode SILICON --isl 256 --osl 256 --prefix 128 --ttft 2000000.0 --tpot 50000.0 --top-n 1 --no-color,
Qwen/Qwen3-235B-A22B,Qwen3MoeForCausalLM,b60,vllm,0.20.0,disagg,FAIL,"Traceback (most recent call last):\n  File ""src/aiconfigurator/sdk/sweep.py"", line 603, in _get_disagg_worker_candidates\n    summary = predict_disagg_worker(\n              ^^^^^^^^^^^^^^^^^^^^^^\n  File ""src/aiconfigurator/sdk/predict.py"", line 91, in predict_disagg_worker\n    summary = (predictor or DEFAULT_PREDICTOR).predict_disagg_worker(\n              ^^^^^^^^^^^^^^^^^^^^^^^^^^^^^^^^^^^^^^^^^^^^^^^^^^^^^^^\n  File ""src/aiconfigurator/sdk/predictor.py"", line 139, in predict_disagg_worker\n    return backend.run_static(\n           ^^^^^^^^^^^^^^^^^^^\n  File ""aic-core/src/aiconfigurator_core/sdk/backends/base_backend.py"", line 685, in run_static\n    ) = self._run_static_breakdown(\n        ^^^^^^^^^^^^^^^^^^^^^^^^^^^\n  File ""aic-core/src/aiconfigurator_core/sdk/backends/base_backend.py"", line 503, in _run_static_breakdown\n    context_latency_dict, context_energy_wms_dict, context_source_dict = self._run_context_phase(\n                                                                         ^^^^^^^^^^^^^^^^^^^^^^^^\n  File ""aic-core/src/aiconfigurator_core/sdk/backends/base_backend.py"", line 338, in _run_context_phase\n    result = op.query(\n             ^^^^^^^^^\n  File ""aic-core/src/aiconfigurator_core/sdk/operations/moe.py"", line 840, in query\n    result = database.query_moe(\n             ^^^^^^^^^^^^^^^^^^^\n  File ""aic-core/src/aiconfigurator_core/sdk/perf_database.py"", line 2909, in query_moe\n    return MoE._query_moe_table(\n           ^^^^^^^^^^^^^^^^^^^^^\n  File ""aic-core/src/aiconfigurator_core/sdk/operations/moe.py"", line 809, in _query_moe_table\n    return database._query_silicon_or_hybrid(\n           ^^^^^^^^^^^^^^^^^^^^^^^^^^^^^^^^^^\n  File ""aic-core/src/aiconfigurator_core/sdk/perf_database.py"", line 2543, in _query_silicon_or_hybrid\n    return get_silicon()\n           ^^^^^^^^^^^^^\n  File ""aic-core/src/aiconfigurator_core/sdk/operations/moe.py"", line 795, in get_silicon\n    moe_dict = util_empirical.require_data_slice(\n               ^^^^^^^^^^^^^^^^^^^^^^^^^^^^^^^^^^\n  File ""aic-core/src/aiconfigurator_core/sdk/operations/util_empirical.py"", line 224, in require_data_slice\n    raise PerfDataNotAvailableError(\naiconfigurator_core.sdk.errors.PerfDataNotAvailableError: Missing silicon data for the requested lookup; requested slice ('power_law_1.2', 8, 128, 4096) is not available. Failed to query moe data for num_tokens=128, hidden_size=4096, inter_size=1536, topk=8, num_experts=128, moe_tp_size=8, moe_ep_size=1, quant_mode=<MoEQuantMode.bfloat16: QuantMapping(memory=2, compute=1, name='bfloat16')>, workload_distribution='power_law_1.2'. Consider using HYBRID mode.\n\nThe above exception was the direct cause of the following exception:\n\nTraceback (most recent call last):\n  File ""tools/support_matrix/support_matrix.py"", line 925, in _attempt\n    python_pareto_df = SupportMatrix._run_mode(\n                       ^^^^^^^^^^^^^^^^^^^^^^^^\n  File ""tools/support_matrix/support_matrix.py"", line 814, in _run_mode\n    pareto_df = task.run()\n                ^^^^^^^^^^\n  File ""src/aiconfigurator/sdk/task_v2.py"", line 1607, in run\n    return sweep_disagg(\n           ^^^^^^^^^^^^^\n  File ""src/aiconfigurator/sdk/sweep.py"", line 850, in sweep_disagg\n    prefill_summary_df = _get_disagg_worker_candidates(\n                         ^^^^^^^^^^^^^^^^^^^^^^^^^^^^^^\n  File ""src/aiconfigurator/sdk/sweep.py"", line 642, in _get_disagg_worker_candidates\n    raise RuntimeError(\nRuntimeError: sweep_disagg/prefill: no results for any parallel config. Last exception: Missing silicon data for the requested lookup; requested slice ('power_law_1.2', 8, 128, 4096) is not available. Failed to query moe data for num_tokens=128, hidden_size=4096, inter_size=1536, topk=8, num_experts=128, moe_tp_size=8, moe_ep_size=1, quant_mode=<MoEQuantMode.bfloat16: QuantMapping(memory=2, compute=1, name='bfloat16')>, workload_distribution='power_law_1.2'. Consider using HYBRID mode.\n",uv run aiconfigurator cli default --model-path Qwen/Qwen3-235B-A22B --total-gpus 128 --system b60 --backend vllm --backend-version 0.20.0 --database-mode SILICON --isl 256 --osl 256 --prefix 128 --ttft 2000000.0 --tpot 50000.0 --top-n 1 --no-color,
Qwen/Qwen3-235B-A22B-FP8,Qwen3MoeForCausalLM,b60,vllm,0.12.0,agg,FAIL,"Traceback (most recent call last):\n  File ""tools/support_matrix/support_matrix.py"", line 925, in _attempt\n    python_pareto_df = SupportMatrix._run_mode(\n                       ^^^^^^^^^^^^^^^^^^^^^^^^\n  File ""tools/support_matrix/support_matrix.py"", line 814, in _run_mode\n    pareto_df = task.run()\n                ^^^^^^^^^^\n  File ""src/aiconfigurator/sdk/task_v2.py"", line 1588, in run\n    self.validate()\n  File ""src/aiconfigurator/sdk/task_v2.py"", line 1237, in validate\n    self._validate_database_quant_modes()\n  File ""src/aiconfigurator/sdk/task_v2.py"", line 1286, in _validate_database_quant_modes\n    self._check_role_against_db(""agg"", validate_context=True, validate_generation=True)\n  File ""src/aiconfigurator/sdk/task_v2.py"", line 1386, in _check_role_against_db\n    _check(""gemm"", self._role_attr(role, ""gemm_quant_mode""))\n  File ""src/aiconfigurator/sdk/task_v2.py"", line 1379, in _check\n    raise exc_type(\nValueError: Unsupported gemm quant mode 'fp8_block' for system='b60', backend='vllm', version='0.12.0'. Supported gemm modes: ['bfloat16', 'fp8']\n",uv run aiconfigurator cli default --model-path Qwen/Qwen3-235B-A22B-FP8 --total-gpus 128 --system b60 --backend vllm --backend-version 0.12.0 --database-mode SILICON --isl 256 --osl 256 --prefix 128 --ttft 2000000.0 --tpot 50000.0 --top-n 1 --no-color,
Qwen/Qwen3-235B-A22B-FP8,Qwen3MoeForCausalLM,b60,vllm,0.12.0,disagg,FAIL,"Traceback (most recent call last):\n  File ""tools/support_matrix/support_matrix.py"", line 925, in _attempt\n    python_pareto_df = SupportMatrix._run_mode(\n                       ^^^^^^^^^^^^^^^^^^^^^^^^\n  File ""tools/support_matrix/support_matrix.py"", line 814, in _run_mode\n    pareto_df = task.run()\n                ^^^^^^^^^^\n  File ""src/aiconfigurator/sdk/task_v2.py"", line 1588, in run\n    self.validate()\n  File ""src/aiconfigurator/sdk/task_v2.py"", line 1237, in validate\n    self._validate_database_quant_modes()\n  File ""src/aiconfigurator/sdk/task_v2.py"", line 1288, in _validate_database_quant_modes\n    self._check_role_against_db(""prefill"", validate_context=True, validate_generation=False)\n  File ""src/aiconfigurator/sdk/task_v2.py"", line 1386, in _check_role_against_db\n    _check(""gemm"", self._role_attr(role, ""gemm_quant_mode""))\n  File ""src/aiconfigurator/sdk/task_v2.py"", line 1379, in _check\n    raise exc_type(\nValueError: Unsupported gemm quant mode 'fp8_block' for system='b60', backend='vllm', version='0.12.0'. Supported gemm modes: ['bfloat16', 'fp8']\n",uv run aiconfigurator cli default --model-path Qwen/Qwen3-235B-A22B-FP8 --total-gpus 128 --system b60 --backend vllm --backend-version 0.12.0 --database-mode SILICON --isl 256 --osl 256 --prefix 128 --ttft 2000000.0 --tpot 50000.0 --top-n 1 --no-color,
Qwen/Qwen3-235B-A22B-FP8,Qwen3MoeForCausalLM,b60,vllm,0.20.0,agg,FAIL,"Traceback (most recent call last):\n  File ""tools/support_matrix/support_matrix.py"", line 925, in _attempt\n    python_pareto_df = SupportMatrix._run_mode(\n                       ^^^^^^^^^^^^^^^^^^^^^^^^\n  File ""tools/support_matrix/support_matrix.py"", line 814, in _run_mode\n    pareto_df = task.run()\n                ^^^^^^^^^^\n  File ""src/aiconfigurator/sdk/task_v2.py"", line 1588, in run\n    self.validate()\n  File ""src/aiconfigurator/sdk/task_v2.py"", line 1237, in validate\n    self._validate_database_quant_modes()\n  File ""src/aiconfigurator/sdk/task_v2.py"", line 1286, in _validate_database_quant_modes\n    self._check_role_against_db(""agg"", validate_context=True, validate_generation=True)\n  File ""src/aiconfigurator/sdk/task_v2.py"", line 1386, in _check_role_against_db\n    _check(""gemm"", self._role_attr(role, ""gemm_quant_mode""))\n  File ""src/aiconfigurator/sdk/task_v2.py"", line 1379, in _check\n    raise exc_type(\nValueError: Unsupported gemm quant mode 'fp8_block' for system='b60', backend='vllm', version='0.20.0'. Supported gemm modes: ['bfloat16', 'fp8']\n",uv run aiconfigurator cli default --model-path Qwen/Qwen3-235B-A22B-FP8 --total-gpus 128 --system b60 --backend vllm --backend-version 0.20.0 --database-mode SILICON --isl 256 --osl 256 --prefix 128 --ttft 2000000.0 --tpot 50000.0 --top-n 1 --no-color,
Qwen/Qwen3-235B-A22B-FP8,Qwen3MoeForCausalLM,b60,vllm,0.20.0,disagg,FAIL,"Traceback (most recent call last):\n  File ""tools/support_matrix/support_matrix.py"", line 925, in _attempt\n    python_pareto_df = SupportMatrix._run_mode(\n                       ^^^^^^^^^^^^^^^^^^^^^^^^\n  File ""tools/support_matrix/support_matrix.py"", line 814, in _run_mode\n    pareto_df = task.run()\n                ^^^^^^^^^^\n  File ""src/aiconfigurator/sdk/task_v2.py"", line 1588, in run\n    self.validate()\n  File ""src/aiconfigurator/sdk/task_v2.py"", line 1237, in validate\n    self._validate_database_quant_modes()\n  File ""src/aiconfigurator/sdk/task_v2.py"", line 1288, in _validate_database_quant_modes\n    self._check_role_against_db(""prefill"", validate_context=True, validate_generation=False)\n  File ""src/aiconfigurator/sdk/task_v2.py"", line 1386, in _check_role_against_db\n    _check(""gemm"", self._role_attr(role, ""gemm_quant_mode""))\n  File ""src/aiconfigurator/sdk/task_v2.py"", line 1379, in _check\n    raise exc_type(\nValueError: Unsupported gemm quant mode 'fp8_block' for system='b60', backend='vllm', version='0.20.0'. Supported gemm modes: ['bfloat16', 'fp8']\n",uv run aiconfigurator cli default --model-path Qwen/Qwen3-235B-A22B-FP8 --total-gpus 128 --system b60 --backend vllm --backend-version 0.20.0 --database-mode SILICON --isl 256 --osl 256 --prefix 128 --ttft 2000000.0 --tpot 50000.0 --top-n 1 --no-color,
Qwen/Qwen3-30B-A3B,Qwen3MoeForCausalLM,b60,vllm,0.12.0,agg,PASS,,uv run aiconfigurator cli default --model-path Qwen/Qwen3-30B-A3B --total-gpus 32 --system b60 --backend vllm --backend-version 0.12.0 --database-mode SILICON --isl 256 --osl 256 --prefix 128 --ttft 2000.0 --tpot 50.0 --top-n 1 --no-color,silicon
Qwen/Qwen3-30B-A3B,Qwen3MoeForCausalLM,b60,vllm,0.12.0,disagg,PASS,,uv run aiconfigurator cli default --model-path Qwen/Qwen3-30B-A3B --total-gpus 32 --system b60 --backend vllm --backend-version 0.12.0 --database-mode SILICON --isl 256 --osl 256 --prefix 128 --ttft 2000.0 --tpot 50.0 --top-n 1 --no-color,silicon
Qwen/Qwen3-30B-A3B,Qwen3MoeForCausalLM,b60,vllm,0.20.0,agg,PASS,,uv run aiconfigurator cli default --model-path Qwen/Qwen3-30B-A3B --total-gpus 32 --system b60 --backend vllm --backend-version 0.20.0 --database-mode SILICON --isl 256 --osl 256 --prefix 128 --ttft 2000.0 --tpot 50.0 --top-n 1 --no-color,silicon
Qwen/Qwen3-30B-A3B,Qwen3MoeForCausalLM,b60,vllm,0.20.0,disagg,PASS,,uv run aiconfigurator cli default --model-path Qwen/Qwen3-30B-A3B --total-gpus 32 --system b60 --backend vllm --backend-version 0.20.0 --database-mode SILICON --isl 256 --osl 256 --prefix 128 --ttft 2000.0 --tpot 50.0 --top-n 1 --no-color,silicon
Qwen/Qwen3-30B-A3B-FP8,Qwen3MoeForCausalLM,b60,vllm,0.12.0,agg,FAIL,"Traceback (most recent call last):\n  File ""tools/support_matrix/support_matrix.py"", line 925, in _attempt\n    python_pareto_df = SupportMatrix._run_mode(\n                       ^^^^^^^^^^^^^^^^^^^^^^^^\n  File ""tools/support_matrix/support_matrix.py"", line 814, in _run_mode\n    pareto_df = task.run()\n                ^^^^^^^^^^\n  File ""src/aiconfigurator/sdk/task_v2.py"", line 1588, in run\n    self.validate()\n  File ""src/aiconfigurator/sdk/task_v2.py"", line 1237, in validate\n    self._validate_database_quant_modes()\n  File ""src/aiconfigurator/sdk/task_v2.py"", line 1286, in _validate_database_quant_modes\n    self._check_role_against_db(""agg"", validate_context=True, validate_generation=True)\n  File ""src/aiconfigurator/sdk/task_v2.py"", line 1386, in _check_role_against_db\n    _check(""gemm"", self._role_attr(role, ""gemm_quant_mode""))\n  File ""src/aiconfigurator/sdk/task_v2.py"", line 1379, in _check\n    raise exc_type(\nValueError: Unsupported gemm quant mode 'fp8_block' for system='b60', backend='vllm', version='0.12.0'. Supported gemm modes: ['bfloat16', 'fp8']\n",uv run aiconfigurator cli default --model-path Qwen/Qwen3-30B-A3B-FP8 --total-gpus 32 --system b60 --backend vllm --backend-version 0.12.0 --database-mode SILICON --isl 256 --osl 256 --prefix 128 --ttft 2000.0 --tpot 50.0 --top-n 1 --no-color,
Qwen/Qwen3-30B-A3B-FP8,Qwen3MoeForCausalLM,b60,vllm,0.12.0,disagg,FAIL,"Traceback (most recent call last):\n  File ""tools/support_matrix/support_matrix.py"", line 925, in _attempt\n    python_pareto_df = SupportMatrix._run_mode(\n                       ^^^^^^^^^^^^^^^^^^^^^^^^\n  File ""tools/support_matrix/support_matrix.py"", line 814, in _run_mode\n    pareto_df = task.run()\n                ^^^^^^^^^^\n  File ""src/aiconfigurator/sdk/task_v2.py"", line 1588, in run\n    self.validate()\n  File ""src/aiconfigurator/sdk/task_v2.py"", line 1237, in validate\n    self._validate_database_quant_modes()\n  File ""src/aiconfigurator/sdk/task_v2.py"", line 1288, in _validate_database_quant_modes\n    self._check_role_against_db(""prefill"", validate_context=True, validate_generation=False)\n  File ""src/aiconfigurator/sdk/task_v2.py"", line 1386, in _check_role_against_db\n    _check(""gemm"", self._role_attr(role, ""gemm_quant_mode""))\n  File ""src/aiconfigurator/sdk/task_v2.py"", line 1379, in _check\n    raise exc_type(\nValueError: Unsupported gemm quant mode 'fp8_block' for system='b60', backend='vllm', version='0.12.0'. Supported gemm modes: ['bfloat16', 'fp8']\n",uv run aiconfigurator cli default --model-path Qwen/Qwen3-30B-A3B-FP8 --total-gpus 32 --system b60 --backend vllm --backend-version 0.12.0 --database-mode SILICON --isl 256 --osl 256 --prefix 128 --ttft 2000.0 --tpot 50.0 --top-n 1 --no-color,
Qwen/Qwen3-30B-A3B-FP8,Qwen3MoeForCausalLM,b60,vllm,0.20.0,agg,FAIL,"Traceback (most recent call last):\n  File ""tools/support_matrix/support_matrix.py"", line 925, in _attempt\n    python_pareto_df = SupportMatrix._run_mode(\n                       ^^^^^^^^^^^^^^^^^^^^^^^^\n  File ""tools/support_matrix/support_matrix.py"", line 814, in _run_mode\n    pareto_df = task.run()\n                ^^^^^^^^^^\n  File ""src/aiconfigurator/sdk/task_v2.py"", line 1588, in run\n    self.validate()\n  File ""src/aiconfigurator/sdk/task_v2.py"", line 1237, in validate\n    self._validate_database_quant_modes()\n  File ""src/aiconfigurator/sdk/task_v2.py"", line 1286, in _validate_database_quant_modes\n    self._check_role_against_db(""agg"", validate_context=True, validate_generation=True)\n  File ""src/aiconfigurator/sdk/task_v2.py"", line 1386, in _check_role_against_db\n    _check(""gemm"", self._role_attr(role, ""gemm_quant_mode""))\n  File ""src/aiconfigurator/sdk/task_v2.py"", line 1379, in _check\n    raise exc_type(\nValueError: Unsupported gemm quant mode 'fp8_block' for system='b60', backend='vllm', version='0.20.0'. Supported gemm modes: ['bfloat16', 'fp8']\n",uv run aiconfigurator cli default --model-path Qwen/Qwen3-30B-A3B-FP8 --total-gpus 32 --system b60 --backend vllm --backend-version 0.20.0 --database-mode SILICON --isl 256 --osl 256 --prefix 128 --ttft 2000.0 --tpot 50.0 --top-n 1 --no-color,
Qwen/Qwen3-30B-A3B-FP8,Qwen3MoeForCausalLM,b60,vllm,0.20.0,disagg,FAIL,"Traceback (most recent call last):\n  File ""tools/support_matrix/support_matrix.py"", line 925, in _attempt\n    python_pareto_df = SupportMatrix._run_mode(\n                       ^^^^^^^^^^^^^^^^^^^^^^^^\n  File ""tools/support_matrix/support_matrix.py"", line 814, in _run_mode\n    pareto_df = task.run()\n                ^^^^^^^^^^\n  File ""src/aiconfigurator/sdk/task_v2.py"", line 1588, in run\n    self.validate()\n  File ""src/aiconfigurator/sdk/task_v2.py"", line 1237, in validate\n    self._validate_database_quant_modes()\n  File ""src/aiconfigurator/sdk/task_v2.py"", line 1288, in _validate_database_quant_modes\n    self._check_role_against_db(""prefill"", validate_context=True, validate_generation=False)\n  File ""src/aiconfigurator/sdk/task_v2.py"", line 1386, in _check_role_against_db\n    _check(""gemm"", self._role_attr(role, ""gemm_quant_mode""))\n  File ""src/aiconfigurator/sdk/task_v2.py"", line 1379, in _check\n    raise exc_type(\nValueError: Unsupported gemm quant mode 'fp8_block' for system='b60', backend='vllm', version='0.20.0'. Supported gemm modes: ['bfloat16', 'fp8']\n",uv run aiconfigurator cli default --model-path Qwen/Qwen3-30B-A3B-FP8 --total-gpus 32 --system b60 --backend vllm --backend-version 0.20.0 --database-mode SILICON --isl 256 --osl 256 --prefix 128 --ttft 2000.0 --tpot 50.0 --top-n 1 --no-color,
Qwen/Qwen3-32B,Qwen3ForCausalLM,b60,vllm,0.12.0,agg,PASS,,uv run aiconfigurator cli default --model-path Qwen/Qwen3-32B --total-gpus 32 --system b60 --backend vllm --backend-version 0.12.0 --database-mode SILICON --isl 256 --osl 256 --prefix 128 --ttft 2000.0 --tpot 50.0 --top-n 1 --no-color,silicon
Qwen/Qwen3-32B,Qwen3ForCausalLM,b60,vllm,0.12.0,disagg,PASS,,uv run aiconfigurator cli default --model-path Qwen/Qwen3-32B --total-gpus 32 --system b60 --backend vllm --backend-version 0.12.0 --database-mode SILICON --isl 256 --osl 256 --prefix 128 --ttft 2000.0 --tpot 50.0 --top-n 1 --no-color,silicon
Qwen/Qwen3-32B,Qwen3ForCausalLM,b60,vllm,0.20.0,agg,PASS,,uv run aiconfigurator cli default --model-path Qwen/Qwen3-32B --total-gpus 32 --system b60 --backend vllm --backend-version 0.20.0 --database-mode SILICON --isl 256 --osl 256 --prefix 128 --ttft 2000.0 --tpot 50.0 --top-n 1 --no-color,silicon
Qwen/Qwen3-32B,Qwen3ForCausalLM,b60,vllm,0.20.0,disagg,PASS,,uv run aiconfigurator cli default --model-path Qwen/Qwen3-32B --total-gpus 32 --system b60 --backend vllm --backend-version 0.20.0 --database-mode SILICON --isl 256 --osl 256 --prefix 128 --ttft 2000.0 --tpot 50.0 --top-n 1 --no-color,silicon
Qwen/Qwen3-32B-FP8,Qwen3ForCausalLM,b60,vllm,0.12.0,agg,FAIL,"Traceback (most recent call last):\n  File ""tools/support_matrix/support_matrix.py"", line 925, in _attempt\n    python_pareto_df = SupportMatrix._run_mode(\n                       ^^^^^^^^^^^^^^^^^^^^^^^^\n  File ""tools/support_matrix/support_matrix.py"", line 814, in _run_mode\n    pareto_df = task.run()\n                ^^^^^^^^^^\n  File ""src/aiconfigurator/sdk/task_v2.py"", line 1588, in run\n    self.validate()\n  File ""src/aiconfigurator/sdk/task_v2.py"", line 1237, in validate\n    self._validate_database_quant_modes()\n  File ""src/aiconfigurator/sdk/task_v2.py"", line 1286, in _validate_database_quant_modes\n    self._check_role_against_db(""agg"", validate_context=True, validate_generation=True)\n  File ""src/aiconfigurator/sdk/task_v2.py"", line 1386, in _check_role_against_db\n    _check(""gemm"", self._role_attr(role, ""gemm_quant_mode""))\n  File ""src/aiconfigurator/sdk/task_v2.py"", line 1379, in _check\n    raise exc_type(\nValueError: Unsupported gemm quant mode 'fp8_block' for system='b60', backend='vllm', version='0.12.0'. Supported gemm modes: ['bfloat16', 'fp8']\n",uv run aiconfigurator cli default --model-path Qwen/Qwen3-32B-FP8 --total-gpus 32 --system b60 --backend vllm --backend-version 0.12.0 --database-mode SILICON --isl 256 --osl 256 --prefix 128 --ttft 2000.0 --tpot 50.0 --top-n 1 --no-color,
Qwen/Qwen3-32B-FP8,Qwen3ForCausalLM,b60,vllm,0.12.0,disagg,FAIL,"Traceback (most recent call last):\n  File ""tools/support_matrix/support_matrix.py"", line 925, in _attempt\n    python_pareto_df = SupportMatrix._run_mode(\n                       ^^^^^^^^^^^^^^^^^^^^^^^^\n  File ""tools/support_matrix/support_matrix.py"", line 814, in _run_mode\n    pareto_df = task.run()\n                ^^^^^^^^^^\n  File ""src/aiconfigurator/sdk/task_v2.py"", line 1588, in run\n    self.validate()\n  File ""src/aiconfigurator/sdk/task_v2.py"", line 1237, in validate\n    self._validate_database_quant_modes()\n  File ""src/aiconfigurator/sdk/task_v2.py"", line 1288, in _validate_database_quant_modes\n    self._check_role_against_db(""prefill"", validate_context=True, validate_generation=False)\n  File ""src/aiconfigurator/sdk/task_v2.py"", line 1386, in _check_role_against_db\n    _check(""gemm"", self._role_attr(role, ""gemm_quant_mode""))\n  File ""src/aiconfigurator/sdk/task_v2.py"", line 1379, in _check\n    raise exc_type(\nValueError: Unsupported gemm quant mode 'fp8_block' for system='b60', backend='vllm', version='0.12.0'. Supported gemm modes: ['bfloat16', 'fp8']\n",uv run aiconfigurator cli default --model-path Qwen/Qwen3-32B-FP8 --total-gpus 32 --system b60 --backend vllm --backend-version 0.12.0 --database-mode SILICON --isl 256 --osl 256 --prefix 128 --ttft 2000.0 --tpot 50.0 --top-n 1 --no-color,
Qwen/Qwen3-32B-FP8,Qwen3ForCausalLM,b60,vllm,0.20.0,agg,FAIL,"Traceback (most recent call last):\n  File ""tools/support_matrix/support_matrix.py"", line 925, in _attempt\n    python_pareto_df = SupportMatrix._run_mode(\n                       ^^^^^^^^^^^^^^^^^^^^^^^^\n  File ""tools/support_matrix/support_matrix.py"", line 814, in _run_mode\n    pareto_df = task.run()\n                ^^^^^^^^^^\n  File ""src/aiconfigurator/sdk/task_v2.py"", line 1588, in run\n    self.validate()\n  File ""src/aiconfigurator/sdk/task_v2.py"", line 1237, in validate\n    self._validate_database_quant_modes()\n  File ""src/aiconfigurator/sdk/task_v2.py"", line 1286, in _validate_database_quant_modes\n    self._check_role_against_db(""agg"", validate_context=True, validate_generation=True)\n  File ""src/aiconfigurator/sdk/task_v2.py"", line 1386, in _check_role_against_db\n    _check(""gemm"", self._role_attr(role, ""gemm_quant_mode""))\n  File ""src/aiconfigurator/sdk/task_v2.py"", line 1379, in _check\n    raise exc_type(\nValueError: Unsupported gemm quant mode 'fp8_block' for system='b60', backend='vllm', version='0.20.0'. Supported gemm modes: ['bfloat16', 'fp8']\n",uv run aiconfigurator cli default --model-path Qwen/Qwen3-32B-FP8 --total-gpus 32 --system b60 --backend vllm --backend-version 0.20.0 --database-mode SILICON --isl 256 --osl 256 --prefix 128 --ttft 2000.0 --tpot 50.0 --top-n 1 --no-color,
Qwen/Qwen3-32B-FP8,Qwen3ForCausalLM,b60,vllm,0.20.0,disagg,FAIL,"Traceback (most recent call last):\n  File ""tools/support_matrix/support_matrix.py"", line 925, in _attempt\n    python_pareto_df = SupportMatrix._run_mode(\n                       ^^^^^^^^^^^^^^^^^^^^^^^^\n  File ""tools/support_matrix/support_matrix.py"", line 814, in _run_mode\n    pareto_df = task.run()\n                ^^^^^^^^^^\n  File ""src/aiconfigurator/sdk/task_v2.py"", line 1588, in run\n    self.validate()\n  File ""src/aiconfigurator/sdk/task_v2.py"", line 1237, in validate\n    self._validate_database_quant_modes()\n  File ""src/aiconfigurator/sdk/task_v2.py"", line 1288, in _validate_database_quant_modes\n    self._check_role_against_db(""prefill"", validate_context=True, validate_generation=False)\n  File ""src/aiconfigurator/sdk/task_v2.py"", line 1386, in _check_role_against_db\n    _check(""gemm"", self._role_attr(role, ""gemm_quant_mode""))\n  File ""src/aiconfigurator/sdk/task_v2.py"", line 1379, in _check\n    raise exc_type(\nValueError: Unsupported gemm quant mode 'fp8_block' for system='b60', backend='vllm', version='0.20.0'. Supported gemm modes: ['bfloat16', 'fp8']\n",uv run aiconfigurator cli default --model-path Qwen/Qwen3-32B-FP8 --total-gpus 32 --system b60 --backend vllm --backend-version 0.20.0 --database-mode SILICON --isl 256 --osl 256 --prefix 128 --ttft 2000.0 --tpot 50.0 --top-n 1 --no-color,
Qwen/Qwen3-32B-FP8-Static-PerTensor,Qwen3ForCausalLM,b60,vllm,0.12.0,agg,FRAMEWORK_INCOMPATIBLE,"Traceback (most recent call last):\n  File ""tools/support_matrix/support_matrix.py"", line 925, in _attempt\n    python_pareto_df = SupportMatrix._run_mode(\n                       ^^^^^^^^^^^^^^^^^^^^^^^^\n  File ""tools/support_matrix/support_matrix.py"", line 814, in _run_mode\n    pareto_df = task.run()\n                ^^^^^^^^^^\n  File ""src/aiconfigurator/sdk/task_v2.py"", line 1588, in run\n    self.validate()\n  File ""src/aiconfigurator/sdk/task_v2.py"", line 1237, in validate\n    self._validate_database_quant_modes()\n  File ""src/aiconfigurator/sdk/task_v2.py"", line 1286, in _validate_database_quant_modes\n    self._check_role_against_db(""agg"", validate_context=True, validate_generation=True)\n  File ""src/aiconfigurator/sdk/task_v2.py"", line 1386, in _check_role_against_db\n    _check(""gemm"", self._role_attr(role, ""gemm_quant_mode""))\n  File ""src/aiconfigurator/sdk/task_v2.py"", line 1379, in _check\n    raise exc_type(\nValueError: Unsupported gemm quant mode 'fp8_static' for system='b60', backend='vllm', version='0.12.0'. Supported gemm modes: ['bfloat16', 'fp8']\n",uv run aiconfigurator cli default --model-path Qwen/Qwen3-32B-FP8-Static-PerTensor --total-gpus 32 --system b60 --backend vllm --backend-version 0.12.0 --database-mode SILICON --isl 256 --osl 256 --prefix 128 --ttft 2000.0 --tpot 50.0 --top-n 1 --no-color,
Qwen/Qwen3-32B-FP8-Static-PerTensor,Qwen3ForCausalLM,b60,vllm,0.12.0,disagg,FRAMEWORK_INCOMPATIBLE,"Traceback (most recent call last):\n  File ""tools/support_matrix/support_matrix.py"", line 925, in _attempt\n    python_pareto_df = SupportMatrix._run_mode(\n                       ^^^^^^^^^^^^^^^^^^^^^^^^\n  File ""tools/support_matrix/support_matrix.py"", line 814, in _run_mode\n    pareto_df = task.run()\n                ^^^^^^^^^^\n  File ""src/aiconfigurator/sdk/task_v2.py"", line 1588, in run\n    self.validate()\n  File ""src/aiconfigurator/sdk/task_v2.py"", line 1237, in validate\n    self._validate_database_quant_modes()\n  File ""src/aiconfigurator/sdk/task_v2.py"", line 1288, in _validate_database_quant_modes\n    self._check_role_against_db(""prefill"", validate_context=True, validate_generation=False)\n  File ""src/aiconfigurator/sdk/task_v2.py"", line 1386, in _check_role_against_db\n    _check(""gemm"", self._role_attr(role, ""gemm_quant_mode""))\n  File ""src/aiconfigurator/sdk/task_v2.py"", line 1379, in _check\n    raise exc_type(\nValueError: Unsupported gemm quant mode 'fp8_static' for system='b60', backend='vllm', version='0.12.0'. Supported gemm modes: ['bfloat16', 'fp8']\n",uv run aiconfigurator cli default --model-path Qwen/Qwen3-32B-FP8-Static-PerTensor --total-gpus 32 --system b60 --backend vllm --backend-version 0.12.0 --database-mode SILICON --isl 256 --osl 256 --prefix 128 --ttft 2000.0 --tpot 50.0 --top-n 1 --no-color,
Qwen/Qwen3-32B-FP8-Static-PerTensor,Qwen3ForCausalLM,b60,vllm,0.20.0,agg,FRAMEWORK_INCOMPATIBLE,"Traceback (most recent call last):\n  File ""tools/support_matrix/support_matrix.py"", line 925, in _attempt\n    python_pareto_df = SupportMatrix._run_mode(\n                       ^^^^^^^^^^^^^^^^^^^^^^^^\n  File ""tools/support_matrix/support_matrix.py"", line 814, in _run_mode\n    pareto_df = task.run()\n                ^^^^^^^^^^\n  File ""src/aiconfigurator/sdk/task_v2.py"", line 1588, in run\n    self.validate()\n  File ""src/aiconfigurator/sdk/task_v2.py"", line 1237, in validate\n    self._validate_database_quant_modes()\n  File ""src/aiconfigurator/sdk/task_v2.py"", line 1286, in _validate_database_quant_modes\n    self._check_role_against_db(""agg"", validate_context=True, validate_generation=True)\n  File ""src/aiconfigurator/sdk/task_v2.py"", line 1386, in _check_role_against_db\n    _check(""gemm"", self._role_attr(role, ""gemm_quant_mode""))\n  File ""src/aiconfigurator/sdk/task_v2.py"", line 1379, in _check\n    raise exc_type(\nValueError: Unsupported gemm quant mode 'fp8_static' for system='b60', backend='vllm', version='0.20.0'. Supported gemm modes: ['bfloat16', 'fp8']\n",uv run aiconfigurator cli default --model-path Qwen/Qwen3-32B-FP8-Static-PerTensor --total-gpus 32 --system b60 --backend vllm --backend-version 0.20.0 --database-mode SILICON --isl 256 --osl 256 --prefix 128 --ttft 2000.0 --tpot 50.0 --top-n 1 --no-color,
Qwen/Qwen3-32B-FP8-Static-PerTensor,Qwen3ForCausalLM,b60,vllm,0.20.0,disagg,FRAMEWORK_INCOMPATIBLE,"Traceback (most recent call last):\n  File ""tools/support_matrix/support_matrix.py"", line 925, in _attempt\n    python_pareto_df = SupportMatrix._run_mode(\n                       ^^^^^^^^^^^^^^^^^^^^^^^^\n  File ""tools/support_matrix/support_matrix.py"", line 814, in _run_mode\n    pareto_df = task.run()\n                ^^^^^^^^^^\n  File ""src/aiconfigurator/sdk/task_v2.py"", line 1588, in run\n    self.validate()\n  File ""src/aiconfigurator/sdk/task_v2.py"", line 1237, in validate\n    self._validate_database_quant_modes()\n  File ""src/aiconfigurator/sdk/task_v2.py"", line 1288, in _validate_database_quant_modes\n    self._check_role_against_db(""prefill"", validate_context=True, validate_generation=False)\n  File ""src/aiconfigurator/sdk/task_v2.py"", line 1386, in _check_role_against_db\n    _check(""gemm"", self._role_attr(role, ""gemm_quant_mode""))\n  File ""src/aiconfigurator/sdk/task_v2.py"", line 1379, in _check\n    raise exc_type(\nValueError: Unsupported gemm quant mode 'fp8_static' for system='b60', backend='vllm', version='0.20.0'. Supported gemm modes: ['bfloat16', 'fp8']\n",uv run aiconfigurator cli default --model-path Qwen/Qwen3-32B-FP8-Static-PerTensor --total-gpus 32 --system b60 --backend vllm --backend-version 0.20.0 --database-mode SILICON --isl 256 --osl 256 --prefix 128 --ttft 2000.0 --tpot 50.0 --top-n 1 --no-color,
Qwen/Qwen3-8B,Qwen3ForCausalLM,b60,vllm,0.12.0,agg,PASS,,uv run aiconfigurator cli default --model-path Qwen/Qwen3-8B --total-gpus 4 --system b60 --backend vllm --backend-version 0.12.0 --database-mode SILICON --isl 256 --osl 256 --prefix 128 --ttft 1500.0 --tpot 50.0 --top-n 1 --no-color,silicon
Qwen/Qwen3-8B,Qwen3ForCausalLM,b60,vllm,0.12.0,disagg,PASS,,uv run aiconfigurator cli default --model-path Qwen/Qwen3-8B --total-gpus 4 --system b60 --backend vllm --backend-version 0.12.0 --database-mode SILICON --isl 256 --osl 256 --prefix 128 --ttft 1500.0 --tpot 50.0 --top-n 1 --no-color,silicon
Qwen/Qwen3-8B,Qwen3ForCausalLM,b60,vllm,0.20.0,agg,PASS,,uv run aiconfigurator cli default --model-path Qwen/Qwen3-8B --total-gpus 4 --system b60 --backend vllm --backend-version 0.20.0 --database-mode SILICON --isl 256 --osl 256 --prefix 128 --ttft 1500.0 --tpot 50.0 --top-n 1 --no-color,silicon
Qwen/Qwen3-8B,Qwen3ForCausalLM,b60,vllm,0.20.0,disagg,PASS,,uv run aiconfigurator cli default --model-path Qwen/Qwen3-8B --total-gpus 4 --system b60 --backend vllm --backend-version 0.20.0 --database-mode SILICON --isl 256 --osl 256 --prefix 128 --ttft 1500.0 --tpot 50.0 --top-n 1 --no-color,silicon
Qwen/Qwen3-Coder-480B-A35B-Instruct,Qwen3MoeForCausalLM,b60,vllm,0.12.0,agg,FAIL,"Traceback (most recent call last):\n  File ""src/aiconfigurator/sdk/sweep.py"", line 485, in sweep_agg\n    point_df, point_saw_model_fit, point_saw_memory_fit = _sweep_one_parallel_agg(\n                                                          ^^^^^^^^^^^^^^^^^^^^^^^^\n  File ""src/aiconfigurator/sdk/sweep.py"", line 335, in _sweep_one_parallel_agg\n    summary = predict_agg_worker(\n              ^^^^^^^^^^^^^^^^^^^\n  File ""src/aiconfigurator/sdk/predict.py"", line 143, in predict_agg_worker\n    summary = (predictor or DEFAULT_PREDICTOR).predict_agg_worker(\n              ^^^^^^^^^^^^^^^^^^^^^^^^^^^^^^^^^^^^^^^^^^^^^^^^^^^^\n  File ""src/aiconfigurator/sdk/predictor.py"", line 118, in predict_agg_worker\n    return backend.run_agg(\n           ^^^^^^^^^^^^^^^^\n  File ""aic-core/src/aiconfigurator_core/sdk/backends/base_backend.py"", line 1466, in run_agg\n    mix_step_estimate = self.run_mixed(\n                        ^^^^^^^^^^^^^^^\n  File ""aic-core/src/aiconfigurator_core/sdk/backends/base_backend.py"", line 1147, in run_mixed\n    summary = self.run_static(\n              ^^^^^^^^^^^^^^^^\n  File ""aic-core/src/aiconfigurator_core/sdk/backends/base_backend.py"", line 685, in run_static\n    ) = self._run_static_breakdown(\n        ^^^^^^^^^^^^^^^^^^^^^^^^^^^\n  File ""aic-core/src/aiconfigurator_core/sdk/backends/base_backend.py"", line 503, in _run_static_breakdown\n    context_latency_dict, context_energy_wms_dict, context_source_dict = self._run_context_phase(\n                                                                         ^^^^^^^^^^^^^^^^^^^^^^^^\n  File ""aic-core/src/aiconfigurator_core/sdk/backends/base_backend.py"", line 338, in _run_context_phase\n    result = op.query(\n             ^^^^^^^^^\n  File ""aic-core/src/aiconfigurator_core/sdk/operations/moe.py"", line 840, in query\n    result = database.query_moe(\n             ^^^^^^^^^^^^^^^^^^^\n  File ""aic-core/src/aiconfigurator_core/sdk/perf_database.py"", line 2909, in query_moe\n    return MoE._query_moe_table(\n           ^^^^^^^^^^^^^^^^^^^^^\n  File ""aic-core/src/aiconfigurator_core/sdk/operations/moe.py"", line 809, in _query_moe_table\n    return database._query_silicon_or_hybrid(\n           ^^^^^^^^^^^^^^^^^^^^^^^^^^^^^^^^^^\n  File ""aic-core/src/aiconfigurator_core/sdk/perf_database.py"", line 2543, in _query_silicon_or_hybrid\n    return get_silicon()\n           ^^^^^^^^^^^^^\n  File ""aic-core/src/aiconfigurator_core/sdk/operations/moe.py"", line 795, in get_silicon\n    moe_dict = util_empirical.require_data_slice(\n               ^^^^^^^^^^^^^^^^^^^^^^^^^^^^^^^^^^\n  File ""aic-core/src/aiconfigurator_core/sdk/operations/util_empirical.py"", line 224, in require_data_slice\n    raise PerfDataNotAvailableError(\naiconfigurator_core.sdk.errors.PerfDataNotAvailableError: Missing silicon data for the requested lookup; requested slice ('power_law_1.2', 8, 160) is not available. Failed to query moe data for num_tokens=128.0, hidden_size=6144, inter_size=2560, topk=8, num_experts=160, moe_tp_size=8, moe_ep_size=1, quant_mode=<MoEQuantMode.bfloat16: QuantMapping(memory=2, compute=1, name='bfloat16')>, workload_distribution='power_law_1.2'. Consider using HYBRID mode.\n\nThe above exception was the direct cause of the following exception:\n\nTraceback (most recent call last):\n  File ""tools/support_matrix/support_matrix.py"", line 925, in _attempt\n    python_pareto_df = SupportMatrix._run_mode(\n                       ^^^^^^^^^^^^^^^^^^^^^^^^\n  File ""tools/support_matrix/support_matrix.py"", line 814, in _run_mode\n    pareto_df = task.run()\n                ^^^^^^^^^^\n  File ""src/aiconfigurator/sdk/task_v2.py"", line 1595, in run\n    return sweep_agg(\n           ^^^^^^^^^^\n  File ""src/aiconfigurator/sdk/sweep.py"", line 526, in sweep_agg\n    raise RuntimeError(\nRuntimeError: sweep_agg: no results for any parallel configuration. Last exception: Missing silicon data for the requested lookup; requested slice ('power_law_1.2', 8, 160) is not available. Failed to query moe data for num_tokens=128.0, hidden_size=6144, inter_size=2560, topk=8, num_experts=160, moe_tp_size=8, moe_ep_size=1, quant_mode=<MoEQuantMode.bfloat16: QuantMapping(memory=2, compute=1, name='bfloat16')>, workload_distribution='power_law_1.2'. Consider using HYBRID mode.\n",uv run aiconfigurator cli default --model-path Qwen/Qwen3-Coder-480B-A35B-Instruct --total-gpus 128 --system b60 --backend vllm --backend-version 0.12.0 --database-mode SILICON --isl 256 --osl 256 --prefix 128 --ttft 2000000.0 --tpot 50000.0 --top-n 1 --no-color,
Qwen/Qwen3-Coder-480B-A35B-Instruct,Qwen3MoeForCausalLM,b60,vllm,0.12.0,disagg,FAIL,"Traceback (most recent call last):\n  File ""src/aiconfigurator/sdk/sweep.py"", line 603, in _get_disagg_worker_candidates\n    summary = predict_disagg_worker(\n              ^^^^^^^^^^^^^^^^^^^^^^\n  File ""src/aiconfigurator/sdk/predict.py"", line 91, in predict_disagg_worker\n    summary = (predictor or DEFAULT_PREDICTOR).predict_disagg_worker(\n              ^^^^^^^^^^^^^^^^^^^^^^^^^^^^^^^^^^^^^^^^^^^^^^^^^^^^^^^\n  File ""src/aiconfigurator/sdk/predictor.py"", line 139, in predict_disagg_worker\n    return backend.run_static(\n           ^^^^^^^^^^^^^^^^^^^\n  File ""aic-core/src/aiconfigurator_core/sdk/backends/base_backend.py"", line 685, in run_static\n    ) = self._run_static_breakdown(\n        ^^^^^^^^^^^^^^^^^^^^^^^^^^^\n  File ""aic-core/src/aiconfigurator_core/sdk/backends/base_backend.py"", line 503, in _run_static_breakdown\n    context_latency_dict, context_energy_wms_dict, context_source_dict = self._run_context_phase(\n                                                                         ^^^^^^^^^^^^^^^^^^^^^^^^\n  File ""aic-core/src/aiconfigurator_core/sdk/backends/base_backend.py"", line 338, in _run_context_phase\n    result = op.query(\n             ^^^^^^^^^\n  File ""aic-core/src/aiconfigurator_core/sdk/operations/moe.py"", line 840, in query\n    result = database.query_moe(\n             ^^^^^^^^^^^^^^^^^^^\n  File ""aic-core/src/aiconfigurator_core/sdk/perf_database.py"", line 2909, in query_moe\n    return MoE._query_moe_table(\n           ^^^^^^^^^^^^^^^^^^^^^\n  File ""aic-core/src/aiconfigurator_core/sdk/operations/moe.py"", line 809, in _query_moe_table\n    return database._query_silicon_or_hybrid(\n           ^^^^^^^^^^^^^^^^^^^^^^^^^^^^^^^^^^\n  File ""aic-core/src/aiconfigurator_core/sdk/perf_database.py"", line 2543, in _query_silicon_or_hybrid\n    return get_silicon()\n           ^^^^^^^^^^^^^\n  File ""aic-core/src/aiconfigurator_core/sdk/operations/moe.py"", line 795, in get_silicon\n    moe_dict = util_empirical.require_data_slice(\n               ^^^^^^^^^^^^^^^^^^^^^^^^^^^^^^^^^^\n  File ""aic-core/src/aiconfigurator_core/sdk/operations/util_empirical.py"", line 224, in require_data_slice\n    raise PerfDataNotAvailableError(\naiconfigurator_core.sdk.errors.PerfDataNotAvailableError: Missing silicon data for the requested lookup; requested slice ('power_law_1.2', 8, 160) is not available. Failed to query moe data for num_tokens=128, hidden_size=6144, inter_size=2560, topk=8, num_experts=160, moe_tp_size=8, moe_ep_size=1, quant_mode=<MoEQuantMode.bfloat16: QuantMapping(memory=2, compute=1, name='bfloat16')>, workload_distribution='power_law_1.2'. Consider using HYBRID mode.\n\nThe above exception was the direct cause of the following exception:\n\nTraceback (most recent call last):\n  File ""tools/support_matrix/support_matrix.py"", line 925, in _attempt\n    python_pareto_df = SupportMatrix._run_mode(\n                       ^^^^^^^^^^^^^^^^^^^^^^^^\n  File ""tools/support_matrix/support_matrix.py"", line 814, in _run_mode\n    pareto_df = task.run()\n                ^^^^^^^^^^\n  File ""src/aiconfigurator/sdk/task_v2.py"", line 1607, in run\n    return sweep_disagg(\n           ^^^^^^^^^^^^^\n  File ""src/aiconfigurator/sdk/sweep.py"", line 850, in sweep_disagg\n    prefill_summary_df = _get_disagg_worker_candidates(\n                         ^^^^^^^^^^^^^^^^^^^^^^^^^^^^^^\n  File ""src/aiconfigurator/sdk/sweep.py"", line 642, in _get_disagg_worker_candidates\n    raise RuntimeError(\nRuntimeError: sweep_disagg/prefill: no results for any parallel config. Last exception: Missing silicon data for the requested lookup; requested slice ('power_law_1.2', 8, 160) is not available. Failed to query moe data for num_tokens=128, hidden_size=6144, inter_size=2560, topk=8, num_experts=160, moe_tp_size=8, moe_ep_size=1, quant_mode=<MoEQuantMode.bfloat16: QuantMapping(memory=2, compute=1, name='bfloat16')>, workload_distribution='power_law_1.2'. Consider using HYBRID mode.\n",uv run aiconfigurator cli default --model-path Qwen/Qwen3-Coder-480B-A35B-Instruct --total-gpus 128 --system b60 --backend vllm --backend-version 0.12.0 --database-mode SILICON --isl 256 --osl 256 --prefix 128 --ttft 2000000.0 --tpot 50000.0 --top-n 1 --no-color,
Qwen/Qwen3-Coder-480B-A35B-Instruct,Qwen3MoeForCausalLM,b60,vllm,0.20.0,agg,FAIL,"Traceback (most recent call last):\n  File ""src/aiconfigurator/sdk/sweep.py"", line 485, in sweep_agg\n    point_df, point_saw_model_fit, point_saw_memory_fit = _sweep_one_parallel_agg(\n                                                          ^^^^^^^^^^^^^^^^^^^^^^^^\n  File ""src/aiconfigurator/sdk/sweep.py"", line 335, in _sweep_one_parallel_agg\n    summary = predict_agg_worker(\n              ^^^^^^^^^^^^^^^^^^^\n  File ""src/aiconfigurator/sdk/predict.py"", line 143, in predict_agg_worker\n    summary = (predictor or DEFAULT_PREDICTOR).predict_agg_worker(\n              ^^^^^^^^^^^^^^^^^^^^^^^^^^^^^^^^^^^^^^^^^^^^^^^^^^^^\n  File ""src/aiconfigurator/sdk/predictor.py"", line 118, in predict_agg_worker\n    return backend.run_agg(\n           ^^^^^^^^^^^^^^^^\n  File ""aic-core/src/aiconfigurator_core/sdk/backends/base_backend.py"", line 1466, in run_agg\n    mix_step_estimate = self.run_mixed(\n                        ^^^^^^^^^^^^^^^\n  File ""aic-core/src/aiconfigurator_core/sdk/backends/base_backend.py"", line 1147, in run_mixed\n    summary = self.run_static(\n              ^^^^^^^^^^^^^^^^\n  File ""aic-core/src/aiconfigurator_core/sdk/backends/base_backend.py"", line 685, in run_static\n    ) = self._run_static_breakdown(\n        ^^^^^^^^^^^^^^^^^^^^^^^^^^^\n  File ""aic-core/src/aiconfigurator_core/sdk/backends/base_backend.py"", line 503, in _run_static_breakdown\n    context_latency_dict, context_energy_wms_dict, context_source_dict = self._run_context_phase(\n                                                                         ^^^^^^^^^^^^^^^^^^^^^^^^\n  File ""aic-core/src/aiconfigurator_core/sdk/backends/base_backend.py"", line 338, in _run_context_phase\n    result = op.query(\n             ^^^^^^^^^\n  File ""aic-core/src/aiconfigurator_core/sdk/operations/moe.py"", line 840, in query\n    result = database.query_moe(\n             ^^^^^^^^^^^^^^^^^^^\n  File ""aic-core/src/aiconfigurator_core/sdk/perf_database.py"", line 2909, in query_moe\n    return MoE._query_moe_table(\n           ^^^^^^^^^^^^^^^^^^^^^\n  File ""aic-core/src/aiconfigurator_core/sdk/operations/moe.py"", line 809, in _query_moe_table\n    return database._query_silicon_or_hybrid(\n           ^^^^^^^^^^^^^^^^^^^^^^^^^^^^^^^^^^\n  File ""aic-core/src/aiconfigurator_core/sdk/perf_database.py"", line 2543, in _query_silicon_or_hybrid\n    return get_silicon()\n           ^^^^^^^^^^^^^\n  File ""aic-core/src/aiconfigurator_core/sdk/operations/moe.py"", line 795, in get_silicon\n    moe_dict = util_empirical.require_data_slice(\n               ^^^^^^^^^^^^^^^^^^^^^^^^^^^^^^^^^^\n  File ""aic-core/src/aiconfigurator_core/sdk/operations/util_empirical.py"", line 224, in require_data_slice\n    raise PerfDataNotAvailableError(\naiconfigurator_core.sdk.errors.PerfDataNotAvailableError: Missing silicon data for the requested lookup; requested slice ('power_law_1.2', 8, 160) is not available. Failed to query moe data for num_tokens=128.0, hidden_size=6144, inter_size=2560, topk=8, num_experts=160, moe_tp_size=8, moe_ep_size=1, quant_mode=<MoEQuantMode.bfloat16: QuantMapping(memory=2, compute=1, name='bfloat16')>, workload_distribution='power_law_1.2'. Consider using HYBRID mode.\n\nThe above exception was the direct cause of the following exception:\n\nTraceback (most recent call last):\n  File ""tools/support_matrix/support_matrix.py"", line 925, in _attempt\n    python_pareto_df = SupportMatrix._run_mode(\n                       ^^^^^^^^^^^^^^^^^^^^^^^^\n  File ""tools/support_matrix/support_matrix.py"", line 814, in _run_mode\n    pareto_df = task.run()\n                ^^^^^^^^^^\n  File ""src/aiconfigurator/sdk/task_v2.py"", line 1595, in run\n    return sweep_agg(\n           ^^^^^^^^^^\n  File ""src/aiconfigurator/sdk/sweep.py"", line 526, in sweep_agg\n    raise RuntimeError(\nRuntimeError: sweep_agg: no results for any parallel configuration. Last exception: Missing silicon data for the requested lookup; requested slice ('power_law_1.2', 8, 160) is not available. Failed to query moe data for num_tokens=128.0, hidden_size=6144, inter_size=2560, topk=8, num_experts=160, moe_tp_size=8, moe_ep_size=1, quant_mode=<MoEQuantMode.bfloat16: QuantMapping(memory=2, compute=1, name='bfloat16')>, workload_distribution='power_law_1.2'. Consider using HYBRID mode.\n",uv run aiconfigurator cli default --model-path Qwen/Qwen3-Coder-480B-A35B-Instruct --total-gpus 128 --system b60 --backend vllm --backend-version 0.20.0 --database-mode SILICON --isl 256 --osl 256 --prefix 128 --ttft 2000000.0 --tpot 50000.0 --top-n 1 --no-color,
Qwen/Qwen3-Coder-480B-A35B-Instruct,Qwen3MoeForCausalLM,b60,vllm,0.20.0,disagg,FAIL,"Traceback (most recent call last):\n  File ""src/aiconfigurator/sdk/sweep.py"", line 603, in _get_disagg_worker_candidates\n    summary = predict_disagg_worker(\n              ^^^^^^^^^^^^^^^^^^^^^^\n  File ""src/aiconfigurator/sdk/predict.py"", line 91, in predict_disagg_worker\n    summary = (predictor or DEFAULT_PREDICTOR).predict_disagg_worker(\n              ^^^^^^^^^^^^^^^^^^^^^^^^^^^^^^^^^^^^^^^^^^^^^^^^^^^^^^^\n  File ""src/aiconfigurator/sdk/predictor.py"", line 139, in predict_disagg_worker\n    return backend.run_static(\n           ^^^^^^^^^^^^^^^^^^^\n  File ""aic-core/src/aiconfigurator_core/sdk/backends/base_backend.py"", line 685, in run_static\n    ) = self._run_static_breakdown(\n        ^^^^^^^^^^^^^^^^^^^^^^^^^^^\n  File ""aic-core/src/aiconfigurator_core/sdk/backends/base_backend.py"", line 503, in _run_static_breakdown\n    context_latency_dict, context_energy_wms_dict, context_source_dict = self._run_context_phase(\n                                                                         ^^^^^^^^^^^^^^^^^^^^^^^^\n  File ""aic-core/src/aiconfigurator_core/sdk/backends/base_backend.py"", line 338, in _run_context_phase\n    result = op.query(\n             ^^^^^^^^^\n  File ""aic-core/src/aiconfigurator_core/sdk/operations/moe.py"", line 840, in query\n    result = database.query_moe(\n             ^^^^^^^^^^^^^^^^^^^\n  File ""aic-core/src/aiconfigurator_core/sdk/perf_database.py"", line 2909, in query_moe\n    return MoE._query_moe_table(\n           ^^^^^^^^^^^^^^^^^^^^^\n  File ""aic-core/src/aiconfigurator_core/sdk/operations/moe.py"", line 809, in _query_moe_table\n    return database._query_silicon_or_hybrid(\n           ^^^^^^^^^^^^^^^^^^^^^^^^^^^^^^^^^^\n  File ""aic-core/src/aiconfigurator_core/sdk/perf_database.py"", line 2543, in _query_silicon_or_hybrid\n    return get_silicon()\n           ^^^^^^^^^^^^^\n  File ""aic-core/src/aiconfigurator_core/sdk/operations/moe.py"", line 795, in get_silicon\n    moe_dict = util_empirical.require_data_slice(\n               ^^^^^^^^^^^^^^^^^^^^^^^^^^^^^^^^^^\n  File ""aic-core/src/aiconfigurator_core/sdk/operations/util_empirical.py"", line 224, in require_data_slice\n    raise PerfDataNotAvailableError(\naiconfigurator_core.sdk.errors.PerfDataNotAvailableError: Missing silicon data for the requested lookup; requested slice ('power_law_1.2', 8, 160) is not available. Failed to query moe data for num_tokens=128, hidden_size=6144, inter_size=2560, topk=8, num_experts=160, moe_tp_size=8, moe_ep_size=1, quant_mode=<MoEQuantMode.bfloat16: QuantMapping(memory=2, compute=1, name='bfloat16')>, workload_distribution='power_law_1.2'. Consider using HYBRID mode.\n\nThe above exception was the direct cause of the following exception:\n\nTraceback (most recent call last):\n  File ""tools/support_matrix/support_matrix.py"", line 925, in _attempt\n    python_pareto_df = SupportMatrix._run_mode(\n                       ^^^^^^^^^^^^^^^^^^^^^^^^\n  File ""tools/support_matrix/support_matrix.py"", line 814, in _run_mode\n    pareto_df = task.run()\n                ^^^^^^^^^^\n  File ""src/aiconfigurator/sdk/task_v2.py"", line 1607, in run\n    return sweep_disagg(\n           ^^^^^^^^^^^^^\n  File ""src/aiconfigurator/sdk/sweep.py"", line 850, in sweep_disagg\n    prefill_summary_df = _get_disagg_worker_candidates(\n                         ^^^^^^^^^^^^^^^^^^^^^^^^^^^^^^\n  File ""src/aiconfigurator/sdk/sweep.py"", line 642, in _get_disagg_worker_candidates\n    raise RuntimeError(\nRuntimeError: sweep_disagg/prefill: no results for any parallel config. Last exception: Missing silicon data for the requested lookup; requested slice ('power_law_1.2', 8, 160) is not available. Failed to query moe data for num_tokens=128, hidden_size=6144, inter_size=2560, topk=8, num_experts=160, moe_tp_size=8, moe_ep_size=1, quant_mode=<MoEQuantMode.bfloat16: QuantMapping(memory=2, compute=1, name='bfloat16')>, workload_distribution='power_law_1.2'. Consider using HYBRID mode.\n",uv run aiconfigurator cli default --model-path Qwen/Qwen3-Coder-480B-A35B-Instruct --total-gpus 128 --system b60 --backend vllm --backend-version 0.20.0 --database-mode SILICON --isl 256 --osl 256 --prefix 128 --ttft 2000000.0 --tpot 50000.0 --top-n 1 --no-color,
Qwen/Qwen3-VL-235B-A22B-Instruct,Qwen3VLMoeForConditionalGeneration,b60,vllm,0.12.0,agg,FAIL,"Traceback (most recent call last):\n  File ""src/aiconfigurator/sdk/sweep.py"", line 485, in sweep_agg\n    point_df, point_saw_model_fit, point_saw_memory_fit = _sweep_one_parallel_agg(\n                                                          ^^^^^^^^^^^^^^^^^^^^^^^^\n  File ""src/aiconfigurator/sdk/sweep.py"", line 335, in _sweep_one_parallel_agg\n    summary = predict_agg_worker(\n              ^^^^^^^^^^^^^^^^^^^\n  File ""src/aiconfigurator/sdk/predict.py"", line 143, in predict_agg_worker\n    summary = (predictor or DEFAULT_PREDICTOR).predict_agg_worker(\n              ^^^^^^^^^^^^^^^^^^^^^^^^^^^^^^^^^^^^^^^^^^^^^^^^^^^^\n  File ""src/aiconfigurator/sdk/predictor.py"", line 118, in predict_agg_worker\n    return backend.run_agg(\n           ^^^^^^^^^^^^^^^^\n  File ""aic-core/src/aiconfigurator_core/sdk/backends/base_backend.py"", line 1466, in run_agg\n    mix_step_estimate = self.run_mixed(\n                        ^^^^^^^^^^^^^^^\n  File ""aic-core/src/aiconfigurator_core/sdk/backends/base_backend.py"", line 1147, in run_mixed\n    summary = self.run_static(\n              ^^^^^^^^^^^^^^^^\n  File ""aic-core/src/aiconfigurator_core/sdk/backends/base_backend.py"", line 685, in run_static\n    ) = self._run_static_breakdown(\n        ^^^^^^^^^^^^^^^^^^^^^^^^^^^\n  File ""aic-core/src/aiconfigurator_core/sdk/backends/base_backend.py"", line 503, in _run_static_breakdown\n    context_latency_dict, context_energy_wms_dict, context_source_dict = self._run_context_phase(\n                                                                         ^^^^^^^^^^^^^^^^^^^^^^^^\n  File ""aic-core/src/aiconfigurator_core/sdk/backends/base_backend.py"", line 338, in _run_context_phase\n    result = op.query(\n             ^^^^^^^^^\n  File ""aic-core/src/aiconfigurator_core/sdk/operations/moe.py"", line 840, in query\n    result = database.query_moe(\n             ^^^^^^^^^^^^^^^^^^^\n  File ""aic-core/src/aiconfigurator_core/sdk/perf_database.py"", line 2909, in query_moe\n    return MoE._query_moe_table(\n           ^^^^^^^^^^^^^^^^^^^^^\n  File ""aic-core/src/aiconfigurator_core/sdk/operations/moe.py"", line 809, in _query_moe_table\n    return database._query_silicon_or_hybrid(\n           ^^^^^^^^^^^^^^^^^^^^^^^^^^^^^^^^^^\n  File ""aic-core/src/aiconfigurator_core/sdk/perf_database.py"", line 2543, in _query_silicon_or_hybrid\n    return get_silicon()\n           ^^^^^^^^^^^^^\n  File ""aic-core/src/aiconfigurator_core/sdk/operations/moe.py"", line 795, in get_silicon\n    moe_dict = util_empirical.require_data_slice(\n               ^^^^^^^^^^^^^^^^^^^^^^^^^^^^^^^^^^\n  File ""aic-core/src/aiconfigurator_core/sdk/operations/util_empirical.py"", line 224, in require_data_slice\n    raise PerfDataNotAvailableError(\naiconfigurator_core.sdk.errors.PerfDataNotAvailableError: Missing silicon data for the requested lookup; requested slice ('power_law_1.2', 8, 128, 4096) is not available. Failed to query moe data for num_tokens=128.0, hidden_size=4096, inter_size=1536, topk=8, num_experts=128, moe_tp_size=8, moe_ep_size=1, quant_mode=<MoEQuantMode.bfloat16: QuantMapping(memory=2, compute=1, name='bfloat16')>, workload_distribution='power_law_1.2'. Consider using HYBRID mode.\n\nThe above exception was the direct cause of the following exception:\n\nTraceback (most recent call last):\n  File ""tools/support_matrix/support_matrix.py"", line 925, in _attempt\n    python_pareto_df = SupportMatrix._run_mode(\n                       ^^^^^^^^^^^^^^^^^^^^^^^^\n  File ""tools/support_matrix/support_matrix.py"", line 814, in _run_mode\n    pareto_df = task.run()\n                ^^^^^^^^^^\n  File ""src/aiconfigurator/sdk/task_v2.py"", line 1595, in run\n    return sweep_agg(\n           ^^^^^^^^^^\n  File ""src/aiconfigurator/sdk/sweep.py"", line 526, in sweep_agg\n    raise RuntimeError(\nRuntimeError: sweep_agg: no results for any parallel configuration. Last exception: Missing silicon data for the requested lookup; requested slice ('power_law_1.2', 8, 128, 4096) is not available. Failed to query moe data for num_tokens=128.0, hidden_size=4096, inter_size=1536, topk=8, num_experts=128, moe_tp_size=8, moe_ep_size=1, quant_mode=<MoEQuantMode.bfloat16: QuantMapping(memory=2, compute=1, name='bfloat16')>, workload_distribution='power_law_1.2'. Consider using HYBRID mode.\n",uv run aiconfigurator cli default --model-path Qwen/Qwen3-VL-235B-A22B-Instruct --total-gpus 128 --system b60 --backend vllm --backend-version 0.12.0 --database-mode SILICON --isl 256 --osl 256 --prefix 128 --ttft 2000000.0 --tpot 50000.0 --top-n 1 --no-color,
Qwen/Qwen3-VL-235B-A22B-Instruct,Qwen3VLMoeForConditionalGeneration,b60,vllm,0.12.0,disagg,FAIL,"Traceback (most recent call last):\n  File ""src/aiconfigurator/sdk/sweep.py"", line 603, in _get_disagg_worker_candidates\n    summary = predict_disagg_worker(\n              ^^^^^^^^^^^^^^^^^^^^^^\n  File ""src/aiconfigurator/sdk/predict.py"", line 91, in predict_disagg_worker\n    summary = (predictor or DEFAULT_PREDICTOR).predict_disagg_worker(\n              ^^^^^^^^^^^^^^^^^^^^^^^^^^^^^^^^^^^^^^^^^^^^^^^^^^^^^^^\n  File ""src/aiconfigurator/sdk/predictor.py"", line 139, in predict_disagg_worker\n    return backend.run_static(\n           ^^^^^^^^^^^^^^^^^^^\n  File ""aic-core/src/aiconfigurator_core/sdk/backends/base_backend.py"", line 685, in run_static\n    ) = self._run_static_breakdown(\n        ^^^^^^^^^^^^^^^^^^^^^^^^^^^\n  File ""aic-core/src/aiconfigurator_core/sdk/backends/base_backend.py"", line 503, in _run_static_breakdown\n    context_latency_dict, context_energy_wms_dict, context_source_dict = self._run_context_phase(\n                                                                         ^^^^^^^^^^^^^^^^^^^^^^^^\n  File ""aic-core/src/aiconfigurator_core/sdk/backends/base_backend.py"", line 338, in _run_context_phase\n    result = op.query(\n             ^^^^^^^^^\n  File ""aic-core/src/aiconfigurator_core/sdk/operations/moe.py"", line 840, in query\n    result = database.query_moe(\n             ^^^^^^^^^^^^^^^^^^^\n  File ""aic-core/src/aiconfigurator_core/sdk/perf_database.py"", line 2909, in query_moe\n    return MoE._query_moe_table(\n           ^^^^^^^^^^^^^^^^^^^^^\n  File ""aic-core/src/aiconfigurator_core/sdk/operations/moe.py"", line 809, in _query_moe_table\n    return database._query_silicon_or_hybrid(\n           ^^^^^^^^^^^^^^^^^^^^^^^^^^^^^^^^^^\n  File ""aic-core/src/aiconfigurator_core/sdk/perf_database.py"", line 2543, in _query_silicon_or_hybrid\n    return get_silicon()\n           ^^^^^^^^^^^^^\n  File ""aic-core/src/aiconfigurator_core/sdk/operations/moe.py"", line 795, in get_silicon\n    moe_dict = util_empirical.require_data_slice(\n               ^^^^^^^^^^^^^^^^^^^^^^^^^^^^^^^^^^\n  File ""aic-core/src/aiconfigurator_core/sdk/operations/util_empirical.py"", line 224, in require_data_slice\n    raise PerfDataNotAvailableError(\naiconfigurator_core.sdk.errors.PerfDataNotAvailableError: Missing silicon data for the requested lookup; requested slice ('power_law_1.2', 8, 128, 4096) is not available. Failed to query moe data for num_tokens=128, hidden_size=4096, inter_size=1536, topk=8, num_experts=128, moe_tp_size=8, moe_ep_size=1, quant_mode=<MoEQuantMode.bfloat16: QuantMapping(memory=2, compute=1, name='bfloat16')>, workload_distribution='power_law_1.2'. Consider using HYBRID mode.\n\nThe above exception was the direct cause of the following exception:\n\nTraceback (most recent call last):\n  File ""tools/support_matrix/support_matrix.py"", line 925, in _attempt\n    python_pareto_df = SupportMatrix._run_mode(\n                       ^^^^^^^^^^^^^^^^^^^^^^^^\n  File ""tools/support_matrix/support_matrix.py"", line 814, in _run_mode\n    pareto_df = task.run()\n                ^^^^^^^^^^\n  File ""src/aiconfigurator/sdk/task_v2.py"", line 1607, in run\n    return sweep_disagg(\n           ^^^^^^^^^^^^^\n  File ""src/aiconfigurator/sdk/sweep.py"", line 850, in sweep_disagg\n    prefill_summary_df = _get_disagg_worker_candidates(\n                         ^^^^^^^^^^^^^^^^^^^^^^^^^^^^^^\n  File ""src/aiconfigurator/sdk/sweep.py"", line 642, in _get_disagg_worker_candidates\n    raise RuntimeError(\nRuntimeError: sweep_disagg/prefill: no results for any parallel config. Last exception: Missing silicon data for the requested lookup; requested slice ('power_law_1.2', 8, 128, 4096) is not available. Failed to query moe data for num_tokens=128, hidden_size=4096, inter_size=1536, topk=8, num_experts=128, moe_tp_size=8, moe_ep_size=1, quant_mode=<MoEQuantMode.bfloat16: QuantMapping(memory=2, compute=1, name='bfloat16')>, workload_distribution='power_law_1.2'. Consider using HYBRID mode.\n",uv run aiconfigurator cli default --model-path Qwen/Qwen3-VL-235B-A22B-Instruct --total-gpus 128 --system b60 --backend vllm --backend-version 0.12.0 --database-mode SILICON --isl 256 --osl 256 --prefix 128 --ttft 2000000.0 --tpot 50000.0 --top-n 1 --no-color,
Qwen/Qwen3-VL-235B-A22B-Instruct,Qwen3VLMoeForConditionalGeneration,b60,vllm,0.20.0,agg,FAIL,"Traceback (most recent call last):\n  File ""src/aiconfigurator/sdk/sweep.py"", line 485, in sweep_agg\n    point_df, point_saw_model_fit, point_saw_memory_fit = _sweep_one_parallel_agg(\n                                                          ^^^^^^^^^^^^^^^^^^^^^^^^\n  File ""src/aiconfigurator/sdk/sweep.py"", line 335, in _sweep_one_parallel_agg\n    summary = predict_agg_worker(\n              ^^^^^^^^^^^^^^^^^^^\n  File ""src/aiconfigurator/sdk/predict.py"", line 143, in predict_agg_worker\n    summary = (predictor or DEFAULT_PREDICTOR).predict_agg_worker(\n              ^^^^^^^^^^^^^^^^^^^^^^^^^^^^^^^^^^^^^^^^^^^^^^^^^^^^\n  File ""src/aiconfigurator/sdk/predictor.py"", line 118, in predict_agg_worker\n    return backend.run_agg(\n           ^^^^^^^^^^^^^^^^\n  File ""aic-core/src/aiconfigurator_core/sdk/backends/base_backend.py"", line 1466, in run_agg\n    mix_step_estimate = self.run_mixed(\n                        ^^^^^^^^^^^^^^^\n  File ""aic-core/src/aiconfigurator_core/sdk/backends/base_backend.py"", line 1147, in run_mixed\n    summary = self.run_static(\n              ^^^^^^^^^^^^^^^^\n  File ""aic-core/src/aiconfigurator_core/sdk/backends/base_backend.py"", line 685, in run_static\n    ) = self._run_static_breakdown(\n        ^^^^^^^^^^^^^^^^^^^^^^^^^^^\n  File ""aic-core/src/aiconfigurator_core/sdk/backends/base_backend.py"", line 503, in _run_static_breakdown\n    context_latency_dict, context_energy_wms_dict, context_source_dict = self._run_context_phase(\n                                                                         ^^^^^^^^^^^^^^^^^^^^^^^^\n  File ""aic-core/src/aiconfigurator_core/sdk/backends/base_backend.py"", line 338, in _run_context_phase\n    result = op.query(\n             ^^^^^^^^^\n  File ""aic-core/src/aiconfigurator_core/sdk/operations/moe.py"", line 840, in query\n    result = database.query_moe(\n             ^^^^^^^^^^^^^^^^^^^\n  File ""aic-core/src/aiconfigurator_core/sdk/perf_database.py"", line 2909, in query_moe\n    return MoE._query_moe_table(\n           ^^^^^^^^^^^^^^^^^^^^^\n  File ""aic-core/src/aiconfigurator_core/sdk/operations/moe.py"", line 809, in _query_moe_table\n    return database._query_silicon_or_hybrid(\n           ^^^^^^^^^^^^^^^^^^^^^^^^^^^^^^^^^^\n  File ""aic-core/src/aiconfigurator_core/sdk/perf_database.py"", line 2543, in _query_silicon_or_hybrid\n    return get_silicon()\n           ^^^^^^^^^^^^^\n  File ""aic-core/src/aiconfigurator_core/sdk/operations/moe.py"", line 795, in get_silicon\n    moe_dict = util_empirical.require_data_slice(\n               ^^^^^^^^^^^^^^^^^^^^^^^^^^^^^^^^^^\n  File ""aic-core/src/aiconfigurator_core/sdk/operations/util_empirical.py"", line 224, in require_data_slice\n    raise PerfDataNotAvailableError(\naiconfigurator_core.sdk.errors.PerfDataNotAvailableError: Missing silicon data for the requested lookup; requested slice ('power_law_1.2', 8, 128, 4096) is not available. Failed to query moe data for num_tokens=128.0, hidden_size=4096, inter_size=1536, topk=8, num_experts=128, moe_tp_size=8, moe_ep_size=1, quant_mode=<MoEQuantMode.bfloat16: QuantMapping(memory=2, compute=1, name='bfloat16')>, workload_distribution='power_law_1.2'. Consider using HYBRID mode.\n\nThe above exception was the direct cause of the following exception:\n\nTraceback (most recent call last):\n  File ""tools/support_matrix/support_matrix.py"", line 925, in _attempt\n    python_pareto_df = SupportMatrix._run_mode(\n                       ^^^^^^^^^^^^^^^^^^^^^^^^\n  File ""tools/support_matrix/support_matrix.py"", line 814, in _run_mode\n    pareto_df = task.run()\n                ^^^^^^^^^^\n  File ""src/aiconfigurator/sdk/task_v2.py"", line 1595, in run\n    return sweep_agg(\n           ^^^^^^^^^^\n  File ""src/aiconfigurator/sdk/sweep.py"", line 526, in sweep_agg\n    raise RuntimeError(\nRuntimeError: sweep_agg: no results for any parallel configuration. Last exception: Missing silicon data for the requested lookup; requested slice ('power_law_1.2', 8, 128, 4096) is not available. Failed to query moe data for num_tokens=128.0, hidden_size=4096, inter_size=1536, topk=8, num_experts=128, moe_tp_size=8, moe_ep_size=1, quant_mode=<MoEQuantMode.bfloat16: QuantMapping(memory=2, compute=1, name='bfloat16')>, workload_distribution='power_law_1.2'. Consider using HYBRID mode.\n",uv run aiconfigurator cli default --model-path Qwen/Qwen3-VL-235B-A22B-Instruct --total-gpus 128 --system b60 --backend vllm --backend-version 0.20.0 --database-mode SILICON --isl 256 --osl 256 --prefix 128 --ttft 2000000.0 --tpot 50000.0 --top-n 1 --no-color,
Qwen/Qwen3-VL-235B-A22B-Instruct,Qwen3VLMoeForConditionalGeneration,b60,vllm,0.20.0,disagg,FAIL,"Traceback (most recent call last):\n  File ""src/aiconfigurator/sdk/sweep.py"", line 603, in _get_disagg_worker_candidates\n    summary = predict_disagg_worker(\n              ^^^^^^^^^^^^^^^^^^^^^^\n  File ""src/aiconfigurator/sdk/predict.py"", line 91, in predict_disagg_worker\n    summary = (predictor or DEFAULT_PREDICTOR).predict_disagg_worker(\n              ^^^^^^^^^^^^^^^^^^^^^^^^^^^^^^^^^^^^^^^^^^^^^^^^^^^^^^^\n  File ""src/aiconfigurator/sdk/predictor.py"", line 139, in predict_disagg_worker\n    return backend.run_static(\n           ^^^^^^^^^^^^^^^^^^^\n  File ""aic-core/src/aiconfigurator_core/sdk/backends/base_backend.py"", line 685, in run_static\n    ) = self._run_static_breakdown(\n        ^^^^^^^^^^^^^^^^^^^^^^^^^^^\n  File ""aic-core/src/aiconfigurator_core/sdk/backends/base_backend.py"", line 503, in _run_static_breakdown\n    context_latency_dict, context_energy_wms_dict, context_source_dict = self._run_context_phase(\n                                                                         ^^^^^^^^^^^^^^^^^^^^^^^^\n  File ""aic-core/src/aiconfigurator_core/sdk/backends/base_backend.py"", line 338, in _run_context_phase\n    result = op.query(\n             ^^^^^^^^^\n  File ""aic-core/src/aiconfigurator_core/sdk/operations/moe.py"", line 840, in query\n    result = database.query_moe(\n             ^^^^^^^^^^^^^^^^^^^\n  File ""aic-core/src/aiconfigurator_core/sdk/perf_database.py"", line 2909, in query_moe\n    return MoE._query_moe_table(\n           ^^^^^^^^^^^^^^^^^^^^^\n  File ""aic-core/src/aiconfigurator_core/sdk/operations/moe.py"", line 809, in _query_moe_table\n    return database._query_silicon_or_hybrid(\n           ^^^^^^^^^^^^^^^^^^^^^^^^^^^^^^^^^^\n  File ""aic-core/src/aiconfigurator_core/sdk/perf_database.py"", line 2543, in _query_silicon_or_hybrid\n    return get_silicon()\n           ^^^^^^^^^^^^^\n  File ""aic-core/src/aiconfigurator_core/sdk/operations/moe.py"", line 795, in get_silicon\n    moe_dict = util_empirical.require_data_slice(\n               ^^^^^^^^^^^^^^^^^^^^^^^^^^^^^^^^^^\n  File ""aic-core/src/aiconfigurator_core/sdk/operations/util_empirical.py"", line 224, in require_data_slice\n    raise PerfDataNotAvailableError(\naiconfigurator_core.sdk.errors.PerfDataNotAvailableError: Missing silicon data for the requested lookup; requested slice ('power_law_1.2', 8, 128, 4096) is not available. Failed to query moe data for num_tokens=128, hidden_size=4096, inter_size=1536, topk=8, num_experts=128, moe_tp_size=8, moe_ep_size=1, quant_mode=<MoEQuantMode.bfloat16: QuantMapping(memory=2, compute=1, name='bfloat16')>, workload_distribution='power_law_1.2'. Consider using HYBRID mode.\n\nThe above exception was the direct cause of the following exception:\n\nTraceback (most recent call last):\n  File ""tools/support_matrix/support_matrix.py"", line 925, in _attempt\n    python_pareto_df = SupportMatrix._run_mode(\n                       ^^^^^^^^^^^^^^^^^^^^^^^^\n  File ""tools/support_matrix/support_matrix.py"", line 814, in _run_mode\n    pareto_df = task.run()\n                ^^^^^^^^^^\n  File ""src/aiconfigurator/sdk/task_v2.py"", line 1607, in run\n    return sweep_disagg(\n           ^^^^^^^^^^^^^\n  File ""src/aiconfigurator/sdk/sweep.py"", line 850, in sweep_disagg\n    prefill_summary_df = _get_disagg_worker_candidates(\n                         ^^^^^^^^^^^^^^^^^^^^^^^^^^^^^^\n  File ""src/aiconfigurator/sdk/sweep.py"", line 642, in _get_disagg_worker_candidates\n    raise RuntimeError(\nRuntimeError: sweep_disagg/prefill: no results for any parallel config. Last exception: Missing silicon data for the requested lookup; requested slice ('power_law_1.2', 8, 128, 4096) is not available. Failed to query moe data for num_tokens=128, hidden_size=4096, inter_size=1536, topk=8, num_experts=128, moe_tp_size=8, moe_ep_size=1, quant_mode=<MoEQuantMode.bfloat16: QuantMapping(memory=2, compute=1, name='bfloat16')>, workload_distribution='power_law_1.2'. Consider using HYBRID mode.\n",uv run aiconfigurator cli default --model-path Qwen/Qwen3-VL-235B-A22B-Instruct --total-gpus 128 --system b60 --backend vllm --backend-version 0.20.0 --database-mode SILICON --isl 256 --osl 256 --prefix 128 --ttft 2000000.0 --tpot 50000.0 --top-n 1 --no-color,
Qwen/Qwen3-VL-2B-Instruct,Qwen3VLForConditionalGeneration,b60,vllm,0.12.0,agg,PASS,,uv run aiconfigurator cli default --model-path Qwen/Qwen3-VL-2B-Instruct --total-gpus 4 --system b60 --backend vllm --backend-version 0.12.0 --database-mode SILICON --isl 256 --osl 256 --prefix 128 --ttft 1500.0 --tpot 50.0 --top-n 1 --no-color,silicon
Qwen/Qwen3-VL-2B-Instruct,Qwen3VLForConditionalGeneration,b60,vllm,0.12.0,disagg,PASS,,uv run aiconfigurator cli default --model-path Qwen/Qwen3-VL-2B-Instruct --total-gpus 4 --system b60 --backend vllm --backend-version 0.12.0 --database-mode SILICON --isl 256 --osl 256 --prefix 128 --ttft 1500.0 --tpot 50.0 --top-n 1 --no-color,silicon
Qwen/Qwen3-VL-2B-Instruct,Qwen3VLForConditionalGeneration,b60,vllm,0.20.0,agg,PASS,,uv run aiconfigurator cli default --model-path Qwen/Qwen3-VL-2B-Instruct --total-gpus 4 --system b60 --backend vllm --backend-version 0.20.0 --database-mode SILICON --isl 256 --osl 256 --prefix 128 --ttft 1500.0 --tpot 50.0 --top-n 1 --no-color,silicon
Qwen/Qwen3-VL-2B-Instruct,Qwen3VLForConditionalGeneration,b60,vllm,0.20.0,disagg,PASS,,uv run aiconfigurator cli default --model-path Qwen/Qwen3-VL-2B-Instruct --total-gpus 4 --system b60 --backend vllm --backend-version 0.20.0 --database-mode SILICON --isl 256 --osl 256 --prefix 128 --ttft 1500.0 --tpot 50.0 --top-n 1 --no-color,silicon
Qwen/Qwen3-VL-30B-A3B-Instruct,Qwen3VLMoeForConditionalGeneration,b60,vllm,0.12.0,agg,PASS,,uv run aiconfigurator cli default --model-path Qwen/Qwen3-VL-30B-A3B-Instruct --total-gpus 32 --system b60 --backend vllm --backend-version 0.12.0 --database-mode SILICON --isl 256 --osl 256 --prefix 128 --ttft 2000.0 --tpot 50.0 --top-n 1 --no-color,silicon
Qwen/Qwen3-VL-30B-A3B-Instruct,Qwen3VLMoeForConditionalGeneration,b60,vllm,0.12.0,disagg,PASS,,uv run aiconfigurator cli default --model-path Qwen/Qwen3-VL-30B-A3B-Instruct --total-gpus 32 --system b60 --backend vllm --backend-version 0.12.0 --database-mode SILICON --isl 256 --osl 256 --prefix 128 --ttft 2000.0 --tpot 50.0 --top-n 1 --no-color,silicon
Qwen/Qwen3-VL-30B-A3B-Instruct,Qwen3VLMoeForConditionalGeneration,b60,vllm,0.20.0,agg,PASS,,uv run aiconfigurator cli default --model-path Qwen/Qwen3-VL-30B-A3B-Instruct --total-gpus 32 --system b60 --backend vllm --backend-version 0.20.0 --database-mode SILICON --isl 256 --osl 256 --prefix 128 --ttft 2000.0 --tpot 50.0 --top-n 1 --no-color,silicon
Qwen/Qwen3-VL-30B-A3B-Instruct,Qwen3VLMoeForConditionalGeneration,b60,vllm,0.20.0,disagg,PASS,,uv run aiconfigurator cli default --model-path Qwen/Qwen3-VL-30B-A3B-Instruct --total-gpus 32 --system b60 --backend vllm --backend-version 0.20.0 --database-mode SILICON --isl 256 --osl 256 --prefix 128 --ttft 2000.0 --tpot 50.0 --top-n 1 --no-color,silicon
Qwen/Qwen3-VL-32B-Instruct,Qwen3VLForConditionalGeneration,b60,vllm,0.12.0,agg,PASS,,uv run aiconfigurator cli default --model-path Qwen/Qwen3-VL-32B-Instruct --total-gpus 32 --system b60 --backend vllm --backend-version 0.12.0 --database-mode SILICON --isl 256 --osl 256 --prefix 128 --ttft 2000.0 --tpot 50.0 --top-n 1 --no-color,silicon
Qwen/Qwen3-VL-32B-Instruct,Qwen3VLForConditionalGeneration,b60,vllm,0.12.0,disagg,PASS,,uv run aiconfigurator cli default --model-path Qwen/Qwen3-VL-32B-Instruct --total-gpus 32 --system b60 --backend vllm --backend-version 0.12.0 --database-mode SILICON --isl 256 --osl 256 --prefix 128 --ttft 2000.0 --tpot 50.0 --top-n 1 --no-color,silicon
Qwen/Qwen3-VL-32B-Instruct,Qwen3VLForConditionalGeneration,b60,vllm,0.20.0,agg,PASS,,uv run aiconfigurator cli default --model-path Qwen/Qwen3-VL-32B-Instruct --total-gpus 32 --system b60 --backend vllm --backend-version 0.20.0 --database-mode SILICON --isl 256 --osl 256 --prefix 128 --ttft 2000.0 --tpot 50.0 --top-n 1 --no-color,silicon
Qwen/Qwen3-VL-32B-Instruct,Qwen3VLForConditionalGeneration,b60,vllm,0.20.0,disagg,PASS,,uv run aiconfigurator cli default --model-path Qwen/Qwen3-VL-32B-Instruct --total-gpus 32 --system b60 --backend vllm --backend-version 0.20.0 --database-mode SILICON --isl 256 --osl 256 --prefix 128 --ttft 2000.0 --tpot 50.0 --top-n 1 --no-color,silicon
Qwen/Qwen3-VL-32B-Thinking,Qwen3VLForConditionalGeneration,b60,vllm,0.12.0,agg,PASS,,uv run aiconfigurator cli default --model-path Qwen/Qwen3-VL-32B-Thinking --total-gpus 32 --system b60 --backend vllm --backend-version 0.12.0 --database-mode SILICON --isl 256 --osl 256 --prefix 128 --ttft 2000.0 --tpot 50.0 --top-n 1 --no-color,silicon
Qwen/Qwen3-VL-32B-Thinking,Qwen3VLForConditionalGeneration,b60,vllm,0.12.0,disagg,PASS,,uv run aiconfigurator cli default --model-path Qwen/Qwen3-VL-32B-Thinking --total-gpus 32 --system b60 --backend vllm --backend-version 0.12.0 --database-mode SILICON --isl 256 --osl 256 --prefix 128 --ttft 2000.0 --tpot 50.0 --top-n 1 --no-color,silicon
Qwen/Qwen3-VL-32B-Thinking,Qwen3VLForConditionalGeneration,b60,vllm,0.20.0,agg,PASS,,uv run aiconfigurator cli default --model-path Qwen/Qwen3-VL-32B-Thinking --total-gpus 32 --system b60 --backend vllm --backend-version 0.20.0 --database-mode SILICON --isl 256 --osl 256 --prefix 128 --ttft 2000.0 --tpot 50.0 --top-n 1 --no-color,silicon
Qwen/Qwen3-VL-32B-Thinking,Qwen3VLForConditionalGeneration,b60,vllm,0.20.0,disagg,PASS,,uv run aiconfigurator cli default --model-path Qwen/Qwen3-VL-32B-Thinking --total-gpus 32 --system b60 --backend vllm --backend-version 0.20.0 --database-mode SILICON --isl 256 --osl 256 --prefix 128 --ttft 2000.0 --tpot 50.0 --top-n 1 --no-color,silicon
Qwen/Qwen3-VL-4B-Instruct,Qwen3VLForConditionalGeneration,b60,vllm,0.12.0,agg,PASS,,uv run aiconfigurator cli default --model-path Qwen/Qwen3-VL-4B-Instruct --total-gpus 4 --system b60 --backend vllm --backend-version 0.12.0 --database-mode SILICON --isl 256 --osl 256 --prefix 128 --ttft 1500.0 --tpot 50.0 --top-n 1 --no-color,silicon
Qwen/Qwen3-VL-4B-Instruct,Qwen3VLForConditionalGeneration,b60,vllm,0.12.0,disagg,PASS,,uv run aiconfigurator cli default --model-path Qwen/Qwen3-VL-4B-Instruct --total-gpus 4 --system b60 --backend vllm --backend-version 0.12.0 --database-mode SILICON --isl 256 --osl 256 --prefix 128 --ttft 1500.0 --tpot 50.0 --top-n 1 --no-color,silicon
Qwen/Qwen3-VL-4B-Instruct,Qwen3VLForConditionalGeneration,b60,vllm,0.20.0,agg,PASS,,uv run aiconfigurator cli default --model-path Qwen/Qwen3-VL-4B-Instruct --total-gpus 4 --system b60 --backend vllm --backend-version 0.20.0 --database-mode SILICON --isl 256 --osl 256 --prefix 128 --ttft 1500.0 --tpot 50.0 --top-n 1 --no-color,silicon
Qwen/Qwen3-VL-4B-Instruct,Qwen3VLForConditionalGeneration,b60,vllm,0.20.0,disagg,PASS,,uv run aiconfigurator cli default --model-path Qwen/Qwen3-VL-4B-Instruct --total-gpus 4 --system b60 --backend vllm --backend-version 0.20.0 --database-mode SILICON --isl 256 --osl 256 --prefix 128 --ttft 1500.0 --tpot 50.0 --top-n 1 --no-color,silicon
Qwen/Qwen3-VL-8B-Instruct,Qwen3VLForConditionalGeneration,b60,vllm,0.12.0,agg,PASS,,uv run aiconfigurator cli default --model-path Qwen/Qwen3-VL-8B-Instruct --total-gpus 4 --system b60 --backend vllm --backend-version 0.12.0 --database-mode SILICON --isl 256 --osl 256 --prefix 128 --ttft 1500.0 --tpot 50.0 --top-n 1 --no-color,silicon
Qwen/Qwen3-VL-8B-Instruct,Qwen3VLForConditionalGeneration,b60,vllm,0.12.0,disagg,PASS,,uv run aiconfigurator cli default --model-path Qwen/Qwen3-VL-8B-Instruct --total-gpus 4 --system b60 --backend vllm --backend-version 0.12.0 --database-mode SILICON --isl 256 --osl 256 --prefix 128 --ttft 1500.0 --tpot 50.0 --top-n 1 --no-color,silicon
Qwen/Qwen3-VL-8B-Instruct,Qwen3VLForConditionalGeneration,b60,vllm,0.20.0,agg,PASS,,uv run aiconfigurator cli default --model-path Qwen/Qwen3-VL-8B-Instruct --total-gpus 4 --system b60 --backend vllm --backend-version 0.20.0 --database-mode SILICON --isl 256 --osl 256 --prefix 128 --ttft 1500.0 --tpot 50.0 --top-n 1 --no-color,silicon
Qwen/Qwen3-VL-8B-Instruct,Qwen3VLForConditionalGeneration,b60,vllm,0.20.0,disagg,PASS,,uv run aiconfigurator cli default --model-path Qwen/Qwen3-VL-8B-Instruct --total-gpus 4 --system b60 --backend vllm --backend-version 0.20.0 --database-mode SILICON --isl 256 --osl 256 --prefix 128 --ttft 1500.0 --tpot 50.0 --top-n 1 --no-color,silicon
Qwen/Qwen3.5-27B,Qwen3_5ForConditionalGeneration,b60,vllm,0.12.0,agg,HYBRID_PASS,,uv run aiconfigurator cli default --model-path Qwen/Qwen3.5-27B --total-gpus 32 --system b60 --backend vllm --backend-version 0.12.0 --database-mode HYBRID --isl 256 --osl 256 --prefix 128 --ttft 2000.0 --tpot 50.0 --top-n 1 --no-color,xshape
Qwen/Qwen3.5-27B,Qwen3_5ForConditionalGeneration,b60,vllm,0.12.0,disagg,HYBRID_PASS,,uv run aiconfigurator cli default --model-path Qwen/Qwen3.5-27B --total-gpus 32 --system b60 --backend vllm --backend-version 0.12.0 --database-mode HYBRID --isl 256 --osl 256 --prefix 128 --ttft 2000.0 --tpot 50.0 --top-n 1 --no-color,xshape
Qwen/Qwen3.5-27B,Qwen3_5ForConditionalGeneration,b60,vllm,0.20.0,agg,HYBRID_PASS,,uv run aiconfigurator cli default --model-path Qwen/Qwen3.5-27B --total-gpus 32 --system b60 --backend vllm --backend-version 0.20.0 --database-mode HYBRID --isl 256 --osl 256 --prefix 128 --ttft 2000.0 --tpot 50.0 --top-n 1 --no-color,xshape
Qwen/Qwen3.5-27B,Qwen3_5ForConditionalGeneration,b60,vllm,0.20.0,disagg,HYBRID_PASS,,uv run aiconfigurator cli default --model-path Qwen/Qwen3.5-27B --total-gpus 32 --system b60 --backend vllm --backend-version 0.20.0 --database-mode HYBRID --isl 256 --osl 256 --prefix 128 --ttft 2000.0 --tpot 50.0 --top-n 1 --no-color,xshape
Qwen/Qwen3.5-35B-A3B,Qwen3_5MoeForConditionalGeneration,b60,vllm,0.12.0,agg,HYBRID_PASS,,uv run aiconfigurator cli default --model-path Qwen/Qwen3.5-35B-A3B --total-gpus 32 --system b60 --backend vllm --backend-version 0.12.0 --database-mode HYBRID --isl 256 --osl 256 --prefix 128 --ttft 2000.0 --tpot 50.0 --top-n 1 --no-color,xshape
Qwen/Qwen3.5-35B-A3B,Qwen3_5MoeForConditionalGeneration,b60,vllm,0.12.0,disagg,HYBRID_PASS,,uv run aiconfigurator cli default --model-path Qwen/Qwen3.5-35B-A3B --total-gpus 32 --system b60 --backend vllm --backend-version 0.12.0 --database-mode HYBRID --isl 256 --osl 256 --prefix 128 --ttft 2000.0 --tpot 50.0 --top-n 1 --no-color,xshape
Qwen/Qwen3.5-35B-A3B,Qwen3_5MoeForConditionalGeneration,b60,vllm,0.20.0,agg,HYBRID_PASS,,uv run aiconfigurator cli default --model-path Qwen/Qwen3.5-35B-A3B --total-gpus 32 --system b60 --backend vllm --backend-version 0.20.0 --database-mode HYBRID --isl 256 --osl 256 --prefix 128 --ttft 2000.0 --tpot 50.0 --top-n 1 --no-color,xshape
Qwen/Qwen3.5-35B-A3B,Qwen3_5MoeForConditionalGeneration,b60,vllm,0.20.0,disagg,HYBRID_PASS,,uv run aiconfigurator cli default --model-path Qwen/Qwen3.5-35B-A3B --total-gpus 32 --system b60 --backend vllm --backend-version 0.20.0 --database-mode HYBRID --isl 256 --osl 256 --prefix 128 --ttft 2000.0 --tpot 50.0 --top-n 1 --no-color,xshape
Qwen/Qwen3.5-397B-A17B,Qwen3_5MoeForConditionalGeneration,b60,vllm,0.12.0,agg,FAIL,"Traceback (most recent call last):\n  File ""src/aiconfigurator/sdk/sweep.py"", line 485, in sweep_agg\n    point_df, point_saw_model_fit, point_saw_memory_fit = _sweep_one_parallel_agg(\n                                                          ^^^^^^^^^^^^^^^^^^^^^^^^\n  File ""src/aiconfigurator/sdk/sweep.py"", line 335, in _sweep_one_parallel_agg\n    summary = predict_agg_worker(\n              ^^^^^^^^^^^^^^^^^^^\n  File ""src/aiconfigurator/sdk/predict.py"", line 143, in predict_agg_worker\n    summary = (predictor or DEFAULT_PREDICTOR).predict_agg_worker(\n              ^^^^^^^^^^^^^^^^^^^^^^^^^^^^^^^^^^^^^^^^^^^^^^^^^^^^\n  File ""src/aiconfigurator/sdk/predictor.py"", line 118, in predict_agg_worker\n    return backend.run_agg(\n           ^^^^^^^^^^^^^^^^\n  File ""aic-core/src/aiconfigurator_core/sdk/backends/base_backend.py"", line 1466, in run_agg\n    mix_step_estimate = self.run_mixed(\n                        ^^^^^^^^^^^^^^^\n  File ""aic-core/src/aiconfigurator_core/sdk/backends/base_backend.py"", line 1147, in run_mixed\n    summary = self.run_static(\n              ^^^^^^^^^^^^^^^^\n  File ""aic-core/src/aiconfigurator_core/sdk/backends/base_backend.py"", line 685, in run_static\n    ) = self._run_static_breakdown(\n        ^^^^^^^^^^^^^^^^^^^^^^^^^^^\n  File ""aic-core/src/aiconfigurator_core/sdk/backends/base_backend.py"", line 503, in _run_static_breakdown\n    context_latency_dict, context_energy_wms_dict, context_source_dict = self._run_context_phase(\n                                                                         ^^^^^^^^^^^^^^^^^^^^^^^^\n  File ""aic-core/src/aiconfigurator_core/sdk/backends/base_backend.py"", line 338, in _run_context_phase\n    result = op.query(\n             ^^^^^^^^^\n  File ""aic-core/src/aiconfigurator_core/sdk/operations/moe.py"", line 840, in query\n    result = database.query_moe(\n             ^^^^^^^^^^^^^^^^^^^\n  File ""aic-core/src/aiconfigurator_core/sdk/perf_database.py"", line 2909, in query_moe\n    return MoE._query_moe_table(\n           ^^^^^^^^^^^^^^^^^^^^^\n  File ""aic-core/src/aiconfigurator_core/sdk/operations/moe.py"", line 809, in _query_moe_table\n    return database._query_silicon_or_hybrid(\n           ^^^^^^^^^^^^^^^^^^^^^^^^^^^^^^^^^^\n  File ""aic-core/src/aiconfigurator_core/sdk/perf_database.py"", line 2543, in _query_silicon_or_hybrid\n    return get_silicon()\n           ^^^^^^^^^^^^^\n  File ""aic-core/src/aiconfigurator_core/sdk/operations/moe.py"", line 795, in get_silicon\n    moe_dict = util_empirical.require_data_slice(\n               ^^^^^^^^^^^^^^^^^^^^^^^^^^^^^^^^^^\n  File ""aic-core/src/aiconfigurator_core/sdk/operations/util_empirical.py"", line 224, in require_data_slice\n    raise PerfDataNotAvailableError(\naiconfigurator_core.sdk.errors.PerfDataNotAvailableError: Missing silicon data for the requested lookup; requested slice ('power_law_1.2', 10) is not available. Failed to query moe data for num_tokens=128.0, hidden_size=4096, inter_size=1024, topk=10, num_experts=512, moe_tp_size=8, moe_ep_size=1, quant_mode=<MoEQuantMode.bfloat16: QuantMapping(memory=2, compute=1, name='bfloat16')>, workload_distribution='power_law_1.2'. Consider using HYBRID mode.\n\nThe above exception was the direct cause of the following exception:\n\nTraceback (most recent call last):\n  File ""tools/support_matrix/support_matrix.py"", line 925, in _attempt\n    python_pareto_df = SupportMatrix._run_mode(\n                       ^^^^^^^^^^^^^^^^^^^^^^^^\n  File ""tools/support_matrix/support_matrix.py"", line 814, in _run_mode\n    pareto_df = task.run()\n                ^^^^^^^^^^\n  File ""src/aiconfigurator/sdk/task_v2.py"", line 1595, in run\n    return sweep_agg(\n           ^^^^^^^^^^\n  File ""src/aiconfigurator/sdk/sweep.py"", line 526, in sweep_agg\n    raise RuntimeError(\nRuntimeError: sweep_agg: no results for any parallel configuration. Last exception: Missing silicon data for the requested lookup; requested slice ('power_law_1.2', 10) is not available. Failed to query moe data for num_tokens=128.0, hidden_size=4096, inter_size=1024, topk=10, num_experts=512, moe_tp_size=8, moe_ep_size=1, quant_mode=<MoEQuantMode.bfloat16: QuantMapping(memory=2, compute=1, name='bfloat16')>, workload_distribution='power_law_1.2'. Consider using HYBRID mode.\n",uv run aiconfigurator cli default --model-path Qwen/Qwen3.5-397B-A17B --total-gpus 128 --system b60 --backend vllm --backend-version 0.12.0 --database-mode SILICON --isl 256 --osl 256 --prefix 128 --ttft 2000000.0 --tpot 50000.0 --top-n 1 --no-color,
Qwen/Qwen3.5-397B-A17B,Qwen3_5MoeForConditionalGeneration,b60,vllm,0.12.0,disagg,FAIL,"Traceback (most recent call last):\n  File ""src/aiconfigurator/sdk/sweep.py"", line 603, in _get_disagg_worker_candidates\n    summary = predict_disagg_worker(\n              ^^^^^^^^^^^^^^^^^^^^^^\n  File ""src/aiconfigurator/sdk/predict.py"", line 91, in predict_disagg_worker\n    summary = (predictor or DEFAULT_PREDICTOR).predict_disagg_worker(\n              ^^^^^^^^^^^^^^^^^^^^^^^^^^^^^^^^^^^^^^^^^^^^^^^^^^^^^^^\n  File ""src/aiconfigurator/sdk/predictor.py"", line 139, in predict_disagg_worker\n    return backend.run_static(\n           ^^^^^^^^^^^^^^^^^^^\n  File ""aic-core/src/aiconfigurator_core/sdk/backends/base_backend.py"", line 685, in run_static\n    ) = self._run_static_breakdown(\n        ^^^^^^^^^^^^^^^^^^^^^^^^^^^\n  File ""aic-core/src/aiconfigurator_core/sdk/backends/base_backend.py"", line 503, in _run_static_breakdown\n    context_latency_dict, context_energy_wms_dict, context_source_dict = self._run_context_phase(\n                                                                         ^^^^^^^^^^^^^^^^^^^^^^^^\n  File ""aic-core/src/aiconfigurator_core/sdk/backends/base_backend.py"", line 338, in _run_context_phase\n    result = op.query(\n             ^^^^^^^^^\n  File ""aic-core/src/aiconfigurator_core/sdk/operations/moe.py"", line 840, in query\n    result = database.query_moe(\n             ^^^^^^^^^^^^^^^^^^^\n  File ""aic-core/src/aiconfigurator_core/sdk/perf_database.py"", line 2909, in query_moe\n    return MoE._query_moe_table(\n           ^^^^^^^^^^^^^^^^^^^^^\n  File ""aic-core/src/aiconfigurator_core/sdk/operations/moe.py"", line 809, in _query_moe_table\n    return database._query_silicon_or_hybrid(\n           ^^^^^^^^^^^^^^^^^^^^^^^^^^^^^^^^^^\n  File ""aic-core/src/aiconfigurator_core/sdk/perf_database.py"", line 2543, in _query_silicon_or_hybrid\n    return get_silicon()\n           ^^^^^^^^^^^^^\n  File ""aic-core/src/aiconfigurator_core/sdk/operations/moe.py"", line 795, in get_silicon\n    moe_dict = util_empirical.require_data_slice(\n               ^^^^^^^^^^^^^^^^^^^^^^^^^^^^^^^^^^\n  File ""aic-core/src/aiconfigurator_core/sdk/operations/util_empirical.py"", line 224, in require_data_slice\n    raise PerfDataNotAvailableError(\naiconfigurator_core.sdk.errors.PerfDataNotAvailableError: Missing silicon data for the requested lookup; requested slice ('power_law_1.2', 10) is not available. Failed to query moe data for num_tokens=128, hidden_size=4096, inter_size=1024, topk=10, num_experts=512, moe_tp_size=8, moe_ep_size=1, quant_mode=<MoEQuantMode.bfloat16: QuantMapping(memory=2, compute=1, name='bfloat16')>, workload_distribution='power_law_1.2'. Consider using HYBRID mode.\n\nThe above exception was the direct cause of the following exception:\n\nTraceback (most recent call last):\n  File ""tools/support_matrix/support_matrix.py"", line 925, in _attempt\n    python_pareto_df = SupportMatrix._run_mode(\n                       ^^^^^^^^^^^^^^^^^^^^^^^^\n  File ""tools/support_matrix/support_matrix.py"", line 814, in _run_mode\n    pareto_df = task.run()\n                ^^^^^^^^^^\n  File ""src/aiconfigurator/sdk/task_v2.py"", line 1607, in run\n    return sweep_disagg(\n           ^^^^^^^^^^^^^\n  File ""src/aiconfigurator/sdk/sweep.py"", line 850, in sweep_disagg\n    prefill_summary_df = _get_disagg_worker_candidates(\n                         ^^^^^^^^^^^^^^^^^^^^^^^^^^^^^^\n  File ""src/aiconfigurator/sdk/sweep.py"", line 642, in _get_disagg_worker_candidates\n    raise RuntimeError(\nRuntimeError: sweep_disagg/prefill: no results for any parallel config. Last exception: Missing silicon data for the requested lookup; requested slice ('power_law_1.2', 10) is not available. Failed to query moe data for num_tokens=128, hidden_size=4096, inter_size=1024, topk=10, num_experts=512, moe_tp_size=8, moe_ep_size=1, quant_mode=<MoEQuantMode.bfloat16: QuantMapping(memory=2, compute=1, name='bfloat16')>, workload_distribution='power_law_1.2'. Consider using HYBRID mode.\n",uv run aiconfigurator cli default --model-path Qwen/Qwen3.5-397B-A17B --total-gpus 128 --system b60 --backend vllm --backend-version 0.12.0 --database-mode SILICON --isl 256 --osl 256 --prefix 128 --ttft 2000000.0 --tpot 50000.0 --top-n 1 --no-color,
Qwen/Qwen3.5-397B-A17B,Qwen3_5MoeForConditionalGeneration,b60,vllm,0.20.0,agg,FAIL,"Traceback (most recent call last):\n  File ""src/aiconfigurator/sdk/sweep.py"", line 485, in sweep_agg\n    point_df, point_saw_model_fit, point_saw_memory_fit = _sweep_one_parallel_agg(\n                                                          ^^^^^^^^^^^^^^^^^^^^^^^^\n  File ""src/aiconfigurator/sdk/sweep.py"", line 335, in _sweep_one_parallel_agg\n    summary = predict_agg_worker(\n              ^^^^^^^^^^^^^^^^^^^\n  File ""src/aiconfigurator/sdk/predict.py"", line 143, in predict_agg_worker\n    summary = (predictor or DEFAULT_PREDICTOR).predict_agg_worker(\n              ^^^^^^^^^^^^^^^^^^^^^^^^^^^^^^^^^^^^^^^^^^^^^^^^^^^^\n  File ""src/aiconfigurator/sdk/predictor.py"", line 118, in predict_agg_worker\n    return backend.run_agg(\n           ^^^^^^^^^^^^^^^^\n  File ""aic-core/src/aiconfigurator_core/sdk/backends/base_backend.py"", line 1466, in run_agg\n    mix_step_estimate = self.run_mixed(\n                        ^^^^^^^^^^^^^^^\n  File ""aic-core/src/aiconfigurator_core/sdk/backends/base_backend.py"", line 1147, in run_mixed\n    summary = self.run_static(\n              ^^^^^^^^^^^^^^^^\n  File ""aic-core/src/aiconfigurator_core/sdk/backends/base_backend.py"", line 685, in run_static\n    ) = self._run_static_breakdown(\n        ^^^^^^^^^^^^^^^^^^^^^^^^^^^\n  File ""aic-core/src/aiconfigurator_core/sdk/backends/base_backend.py"", line 503, in _run_static_breakdown\n    context_latency_dict, context_energy_wms_dict, context_source_dict = self._run_context_phase(\n                                                                         ^^^^^^^^^^^^^^^^^^^^^^^^\n  File ""aic-core/src/aiconfigurator_core/sdk/backends/base_backend.py"", line 338, in _run_context_phase\n    result = op.query(\n             ^^^^^^^^^\n  File ""aic-core/src/aiconfigurator_core/sdk/operations/moe.py"", line 840, in query\n    result = database.query_moe(\n             ^^^^^^^^^^^^^^^^^^^\n  File ""aic-core/src/aiconfigurator_core/sdk/perf_database.py"", line 2909, in query_moe\n    return MoE._query_moe_table(\n           ^^^^^^^^^^^^^^^^^^^^^\n  File ""aic-core/src/aiconfigurator_core/sdk/operations/moe.py"", line 809, in _query_moe_table\n    return database._query_silicon_or_hybrid(\n           ^^^^^^^^^^^^^^^^^^^^^^^^^^^^^^^^^^\n  File ""aic-core/src/aiconfigurator_core/sdk/perf_database.py"", line 2543, in _query_silicon_or_hybrid\n    return get_silicon()\n           ^^^^^^^^^^^^^\n  File ""aic-core/src/aiconfigurator_core/sdk/operations/moe.py"", line 795, in get_silicon\n    moe_dict = util_empirical.require_data_slice(\n               ^^^^^^^^^^^^^^^^^^^^^^^^^^^^^^^^^^\n  File ""aic-core/src/aiconfigurator_core/sdk/operations/util_empirical.py"", line 224, in require_data_slice\n    raise PerfDataNotAvailableError(\naiconfigurator_core.sdk.errors.PerfDataNotAvailableError: Missing silicon data for the requested lookup; requested slice ('power_law_1.2', 10) is not available. Failed to query moe data for num_tokens=128.0, hidden_size=4096, inter_size=1024, topk=10, num_experts=512, moe_tp_size=8, moe_ep_size=1, quant_mode=<MoEQuantMode.bfloat16: QuantMapping(memory=2, compute=1, name='bfloat16')>, workload_distribution='power_law_1.2'. Consider using HYBRID mode.\n\nThe above exception was the direct cause of the following exception:\n\nTraceback (most recent call last):\n  File ""tools/support_matrix/support_matrix.py"", line 925, in _attempt\n    python_pareto_df = SupportMatrix._run_mode(\n                       ^^^^^^^^^^^^^^^^^^^^^^^^\n  File ""tools/support_matrix/support_matrix.py"", line 814, in _run_mode\n    pareto_df = task.run()\n                ^^^^^^^^^^\n  File ""src/aiconfigurator/sdk/task_v2.py"", line 1595, in run\n    return sweep_agg(\n           ^^^^^^^^^^\n  File ""src/aiconfigurator/sdk/sweep.py"", line 526, in sweep_agg\n    raise RuntimeError(\nRuntimeError: sweep_agg: no results for any parallel configuration. Last exception: Missing silicon data for the requested lookup; requested slice ('power_law_1.2', 10) is not available. Failed to query moe data for num_tokens=128.0, hidden_size=4096, inter_size=1024, topk=10, num_experts=512, moe_tp_size=8, moe_ep_size=1, quant_mode=<MoEQuantMode.bfloat16: QuantMapping(memory=2, compute=1, name='bfloat16')>, workload_distribution='power_law_1.2'. Consider using HYBRID mode.\n",uv run aiconfigurator cli default --model-path Qwen/Qwen3.5-397B-A17B --total-gpus 128 --system b60 --backend vllm --backend-version 0.20.0 --database-mode SILICON --isl 256 --osl 256 --prefix 128 --ttft 2000000.0 --tpot 50000.0 --top-n 1 --no-color,
Qwen/Qwen3.5-397B-A17B,Qwen3_5MoeForConditionalGeneration,b60,vllm,0.20.0,disagg,FAIL,"Traceback (most recent call last):\n  File ""src/aiconfigurator/sdk/sweep.py"", line 603, in _get_disagg_worker_candidates\n    summary = predict_disagg_worker(\n              ^^^^^^^^^^^^^^^^^^^^^^\n  File ""src/aiconfigurator/sdk/predict.py"", line 91, in predict_disagg_worker\n    summary = (predictor or DEFAULT_PREDICTOR).predict_disagg_worker(\n              ^^^^^^^^^^^^^^^^^^^^^^^^^^^^^^^^^^^^^^^^^^^^^^^^^^^^^^^\n  File ""src/aiconfigurator/sdk/predictor.py"", line 139, in predict_disagg_worker\n    return backend.run_static(\n           ^^^^^^^^^^^^^^^^^^^\n  File ""aic-core/src/aiconfigurator_core/sdk/backends/base_backend.py"", line 685, in run_static\n    ) = self._run_static_breakdown(\n        ^^^^^^^^^^^^^^^^^^^^^^^^^^^\n  File ""aic-core/src/aiconfigurator_core/sdk/backends/base_backend.py"", line 503, in _run_static_breakdown\n    context_latency_dict, context_energy_wms_dict, context_source_dict = self._run_context_phase(\n                                                                         ^^^^^^^^^^^^^^^^^^^^^^^^\n  File ""aic-core/src/aiconfigurator_core/sdk/backends/base_backend.py"", line 338, in _run_context_phase\n    result = op.query(\n             ^^^^^^^^^\n  File ""aic-core/src/aiconfigurator_core/sdk/operations/moe.py"", line 840, in query\n    result = database.query_moe(\n             ^^^^^^^^^^^^^^^^^^^\n  File ""aic-core/src/aiconfigurator_core/sdk/perf_database.py"", line 2909, in query_moe\n    return MoE._query_moe_table(\n           ^^^^^^^^^^^^^^^^^^^^^\n  File ""aic-core/src/aiconfigurator_core/sdk/operations/moe.py"", line 809, in _query_moe_table\n    return database._query_silicon_or_hybrid(\n           ^^^^^^^^^^^^^^^^^^^^^^^^^^^^^^^^^^\n  File ""aic-core/src/aiconfigurator_core/sdk/perf_database.py"", line 2543, in _query_silicon_or_hybrid\n    return get_silicon()\n           ^^^^^^^^^^^^^\n  File ""aic-core/src/aiconfigurator_core/sdk/operations/moe.py"", line 795, in get_silicon\n    moe_dict = util_empirical.require_data_slice(\n               ^^^^^^^^^^^^^^^^^^^^^^^^^^^^^^^^^^\n  File ""aic-core/src/aiconfigurator_core/sdk/operations/util_empirical.py"", line 224, in require_data_slice\n    raise PerfDataNotAvailableError(\naiconfigurator_core.sdk.errors.PerfDataNotAvailableError: Missing silicon data for the requested lookup; requested slice ('power_law_1.2', 10) is not available. Failed to query moe data for num_tokens=128, hidden_size=4096, inter_size=1024, topk=10, num_experts=512, moe_tp_size=8, moe_ep_size=1, quant_mode=<MoEQuantMode.bfloat16: QuantMapping(memory=2, compute=1, name='bfloat16')>, workload_distribution='power_law_1.2'. Consider using HYBRID mode.\n\nThe above exception was the direct cause of the following exception:\n\nTraceback (most recent call last):\n  File ""tools/support_matrix/support_matrix.py"", line 925, in _attempt\n    python_pareto_df = SupportMatrix._run_mode(\n                       ^^^^^^^^^^^^^^^^^^^^^^^^\n  File ""tools/support_matrix/support_matrix.py"", line 814, in _run_mode\n    pareto_df = task.run()\n                ^^^^^^^^^^\n  File ""src/aiconfigurator/sdk/task_v2.py"", line 1607, in run\n    return sweep_disagg(\n           ^^^^^^^^^^^^^\n  File ""src/aiconfigurator/sdk/sweep.py"", line 850, in sweep_disagg\n    prefill_summary_df = _get_disagg_worker_candidates(\n                         ^^^^^^^^^^^^^^^^^^^^^^^^^^^^^^\n  File ""src/aiconfigurator/sdk/sweep.py"", line 642, in _get_disagg_worker_candidates\n    raise RuntimeError(\nRuntimeError: sweep_disagg/prefill: no results for any parallel config. Last exception: Missing silicon data for the requested lookup; requested slice ('power_law_1.2', 10) is not available. Failed to query moe data for num_tokens=128, hidden_size=4096, inter_size=1024, topk=10, num_experts=512, moe_tp_size=8, moe_ep_size=1, quant_mode=<MoEQuantMode.bfloat16: QuantMapping(memory=2, compute=1, name='bfloat16')>, workload_distribution='power_law_1.2'. Consider using HYBRID mode.\n",uv run aiconfigurator cli default --model-path Qwen/Qwen3.5-397B-A17B --total-gpus 128 --system b60 --backend vllm --backend-version 0.20.0 --database-mode SILICON --isl 256 --osl 256 --prefix 128 --ttft 2000000.0 --tpot 50000.0 --top-n 1 --no-color,
XiaomiMiMo/MiMo-7B-Base,MiMoForCausalLM,b60,vllm,0.12.0,agg,PASS,,uv run aiconfigurator cli default --model-path XiaomiMiMo/MiMo-7B-Base --total-gpus 4 --system b60 --backend vllm --backend-version 0.12.0 --database-mode SILICON --isl 256 --osl 256 --prefix 128 --ttft 1500.0 --tpot 50.0 --top-n 1 --no-color,silicon
XiaomiMiMo/MiMo-7B-Base,MiMoForCausalLM,b60,vllm,0.12.0,disagg,PASS,,uv run aiconfigurator cli default --model-path XiaomiMiMo/MiMo-7B-Base --total-gpus 4 --system b60 --backend vllm --backend-version 0.12.0 --database-mode SILICON --isl 256 --osl 256 --prefix 128 --ttft 1500.0 --tpot 50.0 --top-n 1 --no-color,silicon
XiaomiMiMo/MiMo-7B-Base,MiMoForCausalLM,b60,vllm,0.20.0,agg,PASS,,uv run aiconfigurator cli default --model-path XiaomiMiMo/MiMo-7B-Base --total-gpus 4 --system b60 --backend vllm --backend-version 0.20.0 --database-mode SILICON --isl 256 --osl 256 --prefix 128 --ttft 1500.0 --tpot 50.0 --top-n 1 --no-color,silicon
XiaomiMiMo/MiMo-7B-Base,MiMoForCausalLM,b60,vllm,0.20.0,disagg,PASS,,uv run aiconfigurator cli default --model-path XiaomiMiMo/MiMo-7B-Base --total-gpus 4 --system b60 --backend vllm --backend-version 0.20.0 --database-mode SILICON --isl 256 --osl 256 --prefix 128 --ttft 1500.0 --tpot 50.0 --top-n 1 --no-color,silicon
XiaomiMiMo/MiMo-V2-Flash,MiMoV2FlashForCausalLM,b60,vllm,0.12.0,agg,FAIL,"Traceback (most recent call last):\n  File ""tools/support_matrix/support_matrix.py"", line 925, in _attempt\n    python_pareto_df = SupportMatrix._run_mode(\n                       ^^^^^^^^^^^^^^^^^^^^^^^^\n  File ""tools/support_matrix/support_matrix.py"", line 814, in _run_mode\n    pareto_df = task.run()\n                ^^^^^^^^^^\n  File ""src/aiconfigurator/sdk/task_v2.py"", line 1588, in run\n    self.validate()\n  File ""src/aiconfigurator/sdk/task_v2.py"", line 1237, in validate\n    self._validate_database_quant_modes()\n  File ""src/aiconfigurator/sdk/task_v2.py"", line 1286, in _validate_database_quant_modes\n    self._check_role_against_db(""agg"", validate_context=True, validate_generation=True)\n  File ""src/aiconfigurator/sdk/task_v2.py"", line 1386, in _check_role_against_db\n    _check(""gemm"", self._role_attr(role, ""gemm_quant_mode""))\n  File ""src/aiconfigurator/sdk/task_v2.py"", line 1379, in _check\n    raise exc_type(\nValueError: Unsupported gemm quant mode 'fp8_block' for system='b60', backend='vllm', version='0.12.0'. Supported gemm modes: ['bfloat16', 'fp8']\n",uv run aiconfigurator cli default --model-path XiaomiMiMo/MiMo-V2-Flash --total-gpus 128 --system b60 --backend vllm --backend-version 0.12.0 --database-mode SILICON --isl 256 --osl 256 --prefix 128 --ttft 2000000.0 --tpot 50000.0 --top-n 1 --no-color,
XiaomiMiMo/MiMo-V2-Flash,MiMoV2FlashForCausalLM,b60,vllm,0.12.0,disagg,FAIL,"Traceback (most recent call last):\n  File ""tools/support_matrix/support_matrix.py"", line 925, in _attempt\n    python_pareto_df = SupportMatrix._run_mode(\n                       ^^^^^^^^^^^^^^^^^^^^^^^^\n  File ""tools/support_matrix/support_matrix.py"", line 814, in _run_mode\n    pareto_df = task.run()\n                ^^^^^^^^^^\n  File ""src/aiconfigurator/sdk/task_v2.py"", line 1588, in run\n    self.validate()\n  File ""src/aiconfigurator/sdk/task_v2.py"", line 1237, in validate\n    self._validate_database_quant_modes()\n  File ""src/aiconfigurator/sdk/task_v2.py"", line 1288, in _validate_database_quant_modes\n    self._check_role_against_db(""prefill"", validate_context=True, validate_generation=False)\n  File ""src/aiconfigurator/sdk/task_v2.py"", line 1386, in _check_role_against_db\n    _check(""gemm"", self._role_attr(role, ""gemm_quant_mode""))\n  File ""src/aiconfigurator/sdk/task_v2.py"", line 1379, in _check\n    raise exc_type(\nValueError: Unsupported gemm quant mode 'fp8_block' for system='b60', backend='vllm', version='0.12.0'. Supported gemm modes: ['bfloat16', 'fp8']\n",uv run aiconfigurator cli default --model-path XiaomiMiMo/MiMo-V2-Flash --total-gpus 128 --system b60 --backend vllm --backend-version 0.12.0 --database-mode SILICON --isl 256 --osl 256 --prefix 128 --ttft 2000000.0 --tpot 50000.0 --top-n 1 --no-color,
XiaomiMiMo/MiMo-V2-Flash,MiMoV2FlashForCausalLM,b60,vllm,0.20.0,agg,FAIL,"Traceback (most recent call last):\n  File ""tools/support_matrix/support_matrix.py"", line 925, in _attempt\n    python_pareto_df = SupportMatrix._run_mode(\n                       ^^^^^^^^^^^^^^^^^^^^^^^^\n  File ""tools/support_matrix/support_matrix.py"", line 814, in _run_mode\n    pareto_df = task.run()\n                ^^^^^^^^^^\n  File ""src/aiconfigurator/sdk/task_v2.py"", line 1588, in run\n    self.validate()\n  File ""src/aiconfigurator/sdk/task_v2.py"", line 1237, in validate\n    self._validate_database_quant_modes()\n  File ""src/aiconfigurator/sdk/task_v2.py"", line 1286, in _validate_database_quant_modes\n    self._check_role_against_db(""agg"", validate_context=True, validate_generation=True)\n  File ""src/aiconfigurator/sdk/task_v2.py"", line 1386, in _check_role_against_db\n    _check(""gemm"", self._role_attr(role, ""gemm_quant_mode""))\n  File ""src/aiconfigurator/sdk/task_v2.py"", line 1379, in _check\n    raise exc_type(\nValueError: Unsupported gemm quant mode 'fp8_block' for system='b60', backend='vllm', version='0.20.0'. Supported gemm modes: ['bfloat16', 'fp8']\n",uv run aiconfigurator cli default --model-path XiaomiMiMo/MiMo-V2-Flash --total-gpus 128 --system b60 --backend vllm --backend-version 0.20.0 --database-mode SILICON --isl 256 --osl 256 --prefix 128 --ttft 2000000.0 --tpot 50000.0 --top-n 1 --no-color,
XiaomiMiMo/MiMo-V2-Flash,MiMoV2FlashForCausalLM,b60,vllm,0.20.0,disagg,FAIL,"Traceback (most recent call last):\n  File ""tools/support_matrix/support_matrix.py"", line 925, in _attempt\n    python_pareto_df = SupportMatrix._run_mode(\n                       ^^^^^^^^^^^^^^^^^^^^^^^^\n  File ""tools/support_matrix/support_matrix.py"", line 814, in _run_mode\n    pareto_df = task.run()\n                ^^^^^^^^^^\n  File ""src/aiconfigurator/sdk/task_v2.py"", line 1588, in run\n    self.validate()\n  File ""src/aiconfigurator/sdk/task_v2.py"", line 1237, in validate\n    self._validate_database_quant_modes()\n  File ""src/aiconfigurator/sdk/task_v2.py"", line 1288, in _validate_database_quant_modes\n    self._check_role_against_db(""prefill"", validate_context=True, validate_generation=False)\n  File ""src/aiconfigurator/sdk/task_v2.py"", line 1386, in _check_role_against_db\n    _check(""gemm"", self._role_attr(role, ""gemm_quant_mode""))\n  File ""src/aiconfigurator/sdk/task_v2.py"", line 1379, in _check\n    raise exc_type(\nValueError: Unsupported gemm quant mode 'fp8_block' for system='b60', backend='vllm', version='0.20.0'. Supported gemm modes: ['bfloat16', 'fp8']\n",uv run aiconfigurator cli default --model-path XiaomiMiMo/MiMo-V2-Flash --total-gpus 128 --system b60 --backend vllm --backend-version 0.20.0 --database-mode SILICON --isl 256 --osl 256 --prefix 128 --ttft 2000000.0 --tpot 50000.0 --top-n 1 --no-color,
deepseek-ai/DeepSeek-R1,DeepseekV3ForCausalLM,b60,vllm,0.12.0,agg,FAIL,"Traceback (most recent call last):\n  File ""tools/support_matrix/support_matrix.py"", line 925, in _attempt\n    python_pareto_df = SupportMatrix._run_mode(\n                       ^^^^^^^^^^^^^^^^^^^^^^^^\n  File ""tools/support_matrix/support_matrix.py"", line 814, in _run_mode\n    pareto_df = task.run()\n                ^^^^^^^^^^\n  File ""src/aiconfigurator/sdk/task_v2.py"", line 1588, in run\n    self.validate()\n  File ""src/aiconfigurator/sdk/task_v2.py"", line 1237, in validate\n    self._validate_database_quant_modes()\n  File ""src/aiconfigurator/sdk/task_v2.py"", line 1286, in _validate_database_quant_modes\n    self._check_role_against_db(""agg"", validate_context=True, validate_generation=True)\n  File ""src/aiconfigurator/sdk/task_v2.py"", line 1386, in _check_role_against_db\n    _check(""gemm"", self._role_attr(role, ""gemm_quant_mode""))\n  File ""src/aiconfigurator/sdk/task_v2.py"", line 1379, in _check\n    raise exc_type(\nValueError: Unsupported gemm quant mode 'fp8_block' for system='b60', backend='vllm', version='0.12.0'. Supported gemm modes: ['bfloat16', 'fp8']\n",uv run aiconfigurator cli default --model-path deepseek-ai/DeepSeek-R1 --total-gpus 128 --system b60 --backend vllm --backend-version 0.12.0 --database-mode SILICON --isl 256 --osl 256 --prefix 128 --ttft 2000000.0 --tpot 50000.0 --top-n 1 --no-color,
deepseek-ai/DeepSeek-R1,DeepseekV3ForCausalLM,b60,vllm,0.12.0,disagg,FAIL,"Traceback (most recent call last):\n  File ""tools/support_matrix/support_matrix.py"", line 925, in _attempt\n    python_pareto_df = SupportMatrix._run_mode(\n                       ^^^^^^^^^^^^^^^^^^^^^^^^\n  File ""tools/support_matrix/support_matrix.py"", line 814, in _run_mode\n    pareto_df = task.run()\n                ^^^^^^^^^^\n  File ""src/aiconfigurator/sdk/task_v2.py"", line 1588, in run\n    self.validate()\n  File ""src/aiconfigurator/sdk/task_v2.py"", line 1237, in validate\n    self._validate_database_quant_modes()\n  File ""src/aiconfigurator/sdk/task_v2.py"", line 1288, in _validate_database_quant_modes\n    self._check_role_against_db(""prefill"", validate_context=True, validate_generation=False)\n  File ""src/aiconfigurator/sdk/task_v2.py"", line 1386, in _check_role_against_db\n    _check(""gemm"", self._role_attr(role, ""gemm_quant_mode""))\n  File ""src/aiconfigurator/sdk/task_v2.py"", line 1379, in _check\n    raise exc_type(\nValueError: Unsupported gemm quant mode 'fp8_block' for system='b60', backend='vllm', version='0.12.0'. Supported gemm modes: ['bfloat16', 'fp8']\n",uv run aiconfigurator cli default --model-path deepseek-ai/DeepSeek-R1 --total-gpus 128 --system b60 --backend vllm --backend-version 0.12.0 --database-mode SILICON --isl 256 --osl 256 --prefix 128 --ttft 2000000.0 --tpot 50000.0 --top-n 1 --no-color,
deepseek-ai/DeepSeek-R1,DeepseekV3ForCausalLM,b60,vllm,0.20.0,agg,FAIL,"Traceback (most recent call last):\n  File ""tools/support_matrix/support_matrix.py"", line 925, in _attempt\n    python_pareto_df = SupportMatrix._run_mode(\n                       ^^^^^^^^^^^^^^^^^^^^^^^^\n  File ""tools/support_matrix/support_matrix.py"", line 814, in _run_mode\n    pareto_df = task.run()\n                ^^^^^^^^^^\n  File ""src/aiconfigurator/sdk/task_v2.py"", line 1588, in run\n    self.validate()\n  File ""src/aiconfigurator/sdk/task_v2.py"", line 1237, in validate\n    self._validate_database_quant_modes()\n  File ""src/aiconfigurator/sdk/task_v2.py"", line 1286, in _validate_database_quant_modes\n    self._check_role_against_db(""agg"", validate_context=True, validate_generation=True)\n  File ""src/aiconfigurator/sdk/task_v2.py"", line 1386, in _check_role_against_db\n    _check(""gemm"", self._role_attr(role, ""gemm_quant_mode""))\n  File ""src/aiconfigurator/sdk/task_v2.py"", line 1379, in _check\n    raise exc_type(\nValueError: Unsupported gemm quant mode 'fp8_block' for system='b60', backend='vllm', version='0.20.0'. Supported gemm modes: ['bfloat16', 'fp8']\n",uv run aiconfigurator cli default --model-path deepseek-ai/DeepSeek-R1 --total-gpus 128 --system b60 --backend vllm --backend-version 0.20.0 --database-mode SILICON --isl 256 --osl 256 --prefix 128 --ttft 2000000.0 --tpot 50000.0 --top-n 1 --no-color,
deepseek-ai/DeepSeek-R1,DeepseekV3ForCausalLM,b60,vllm,0.20.0,disagg,FAIL,"Traceback (most recent call last):\n  File ""tools/support_matrix/support_matrix.py"", line 925, in _attempt\n    python_pareto_df = SupportMatrix._run_mode(\n                       ^^^^^^^^^^^^^^^^^^^^^^^^\n  File ""tools/support_matrix/support_matrix.py"", line 814, in _run_mode\n    pareto_df = task.run()\n                ^^^^^^^^^^\n  File ""src/aiconfigurator/sdk/task_v2.py"", line 1588, in run\n    self.validate()\n  File ""src/aiconfigurator/sdk/task_v2.py"", line 1237, in validate\n    self._validate_database_quant_modes()\n  File ""src/aiconfigurator/sdk/task_v2.py"", line 1288, in _validate_database_quant_modes\n    self._check_role_against_db(""prefill"", validate_context=True, validate_generation=False)\n  File ""src/aiconfigurator/sdk/task_v2.py"", line 1386, in _check_role_against_db\n    _check(""gemm"", self._role_attr(role, ""gemm_quant_mode""))\n  File ""src/aiconfigurator/sdk/task_v2.py"", line 1379, in _check\n    raise exc_type(\nValueError: Unsupported gemm quant mode 'fp8_block' for system='b60', backend='vllm', version='0.20.0'. Supported gemm modes: ['bfloat16', 'fp8']\n",uv run aiconfigurator cli default --model-path deepseek-ai/DeepSeek-R1 --total-gpus 128 --system b60 --backend vllm --backend-version 0.20.0 --database-mode SILICON --isl 256 --osl 256 --prefix 128 --ttft 2000000.0 --tpot 50000.0 --top-n 1 --no-color,
deepseek-ai/DeepSeek-V3,DeepseekV3ForCausalLM,b60,vllm,0.12.0,agg,FAIL,"Traceback (most recent call last):\n  File ""tools/support_matrix/support_matrix.py"", line 925, in _attempt\n    python_pareto_df = SupportMatrix._run_mode(\n                       ^^^^^^^^^^^^^^^^^^^^^^^^\n  File ""tools/support_matrix/support_matrix.py"", line 814, in _run_mode\n    pareto_df = task.run()\n                ^^^^^^^^^^\n  File ""src/aiconfigurator/sdk/task_v2.py"", line 1588, in run\n    self.validate()\n  File ""src/aiconfigurator/sdk/task_v2.py"", line 1237, in validate\n    self._validate_database_quant_modes()\n  File ""src/aiconfigurator/sdk/task_v2.py"", line 1286, in _validate_database_quant_modes\n    self._check_role_against_db(""agg"", validate_context=True, validate_generation=True)\n  File ""src/aiconfigurator/sdk/task_v2.py"", line 1386, in _check_role_against_db\n    _check(""gemm"", self._role_attr(role, ""gemm_quant_mode""))\n  File ""src/aiconfigurator/sdk/task_v2.py"", line 1379, in _check\n    raise exc_type(\nValueError: Unsupported gemm quant mode 'fp8_block' for system='b60', backend='vllm', version='0.12.0'. Supported gemm modes: ['bfloat16', 'fp8']\n",uv run aiconfigurator cli default --model-path deepseek-ai/DeepSeek-V3 --total-gpus 128 --system b60 --backend vllm --backend-version 0.12.0 --database-mode SILICON --isl 256 --osl 256 --prefix 128 --ttft 2000000.0 --tpot 50000.0 --top-n 1 --no-color,
deepseek-ai/DeepSeek-V3,DeepseekV3ForCausalLM,b60,vllm,0.12.0,disagg,FAIL,"Traceback (most recent call last):\n  File ""tools/support_matrix/support_matrix.py"", line 925, in _attempt\n    python_pareto_df = SupportMatrix._run_mode(\n                       ^^^^^^^^^^^^^^^^^^^^^^^^\n  File ""tools/support_matrix/support_matrix.py"", line 814, in _run_mode\n    pareto_df = task.run()\n                ^^^^^^^^^^\n  File ""src/aiconfigurator/sdk/task_v2.py"", line 1588, in run\n    self.validate()\n  File ""src/aiconfigurator/sdk/task_v2.py"", line 1237, in validate\n    self._validate_database_quant_modes()\n  File ""src/aiconfigurator/sdk/task_v2.py"", line 1288, in _validate_database_quant_modes\n    self._check_role_against_db(""prefill"", validate_context=True, validate_generation=False)\n  File ""src/aiconfigurator/sdk/task_v2.py"", line 1386, in _check_role_against_db\n    _check(""gemm"", self._role_attr(role, ""gemm_quant_mode""))\n  File ""src/aiconfigurator/sdk/task_v2.py"", line 1379, in _check\n    raise exc_type(\nValueError: Unsupported gemm quant mode 'fp8_block' for system='b60', backend='vllm', version='0.12.0'. Supported gemm modes: ['bfloat16', 'fp8']\n",uv run aiconfigurator cli default --model-path deepseek-ai/DeepSeek-V3 --total-gpus 128 --system b60 --backend vllm --backend-version 0.12.0 --database-mode SILICON --isl 256 --osl 256 --prefix 128 --ttft 2000000.0 --tpot 50000.0 --top-n 1 --no-color,
deepseek-ai/DeepSeek-V3,DeepseekV3ForCausalLM,b60,vllm,0.20.0,agg,FAIL,"Traceback (most recent call last):\n  File ""tools/support_matrix/support_matrix.py"", line 925, in _attempt\n    python_pareto_df = SupportMatrix._run_mode(\n                       ^^^^^^^^^^^^^^^^^^^^^^^^\n  File ""tools/support_matrix/support_matrix.py"", line 814, in _run_mode\n    pareto_df = task.run()\n                ^^^^^^^^^^\n  File ""src/aiconfigurator/sdk/task_v2.py"", line 1588, in run\n    self.validate()\n  File ""src/aiconfigurator/sdk/task_v2.py"", line 1237, in validate\n    self._validate_database_quant_modes()\n  File ""src/aiconfigurator/sdk/task_v2.py"", line 1286, in _validate_database_quant_modes\n    self._check_role_against_db(""agg"", validate_context=True, validate_generation=True)\n  File ""src/aiconfigurator/sdk/task_v2.py"", line 1386, in _check_role_against_db\n    _check(""gemm"", self._role_attr(role, ""gemm_quant_mode""))\n  File ""src/aiconfigurator/sdk/task_v2.py"", line 1379, in _check\n    raise exc_type(\nValueError: Unsupported gemm quant mode 'fp8_block' for system='b60', backend='vllm', version='0.20.0'. Supported gemm modes: ['bfloat16', 'fp8']\n",uv run aiconfigurator cli default --model-path deepseek-ai/DeepSeek-V3 --total-gpus 128 --system b60 --backend vllm --backend-version 0.20.0 --database-mode SILICON --isl 256 --osl 256 --prefix 128 --ttft 2000000.0 --tpot 50000.0 --top-n 1 --no-color,
deepseek-ai/DeepSeek-V3,DeepseekV3ForCausalLM,b60,vllm,0.20.0,disagg,FAIL,"Traceback (most recent call last):\n  File ""tools/support_matrix/support_matrix.py"", line 925, in _attempt\n    python_pareto_df = SupportMatrix._run_mode(\n                       ^^^^^^^^^^^^^^^^^^^^^^^^\n  File ""tools/support_matrix/support_matrix.py"", line 814, in _run_mode\n    pareto_df = task.run()\n                ^^^^^^^^^^\n  File ""src/aiconfigurator/sdk/task_v2.py"", line 1588, in run\n    self.validate()\n  File ""src/aiconfigurator/sdk/task_v2.py"", line 1237, in validate\n    self._validate_database_quant_modes()\n  File ""src/aiconfigurator/sdk/task_v2.py"", line 1288, in _validate_database_quant_modes\n    self._check_role_against_db(""prefill"", validate_context=True, validate_generation=False)\n  File ""src/aiconfigurator/sdk/task_v2.py"", line 1386, in _check_role_against_db\n    _check(""gemm"", self._role_attr(role, ""gemm_quant_mode""))\n  File ""src/aiconfigurator/sdk/task_v2.py"", line 1379, in _check\n    raise exc_type(\nValueError: Unsupported gemm quant mode 'fp8_block' for system='b60', backend='vllm', version='0.20.0'. Supported gemm modes: ['bfloat16', 'fp8']\n",uv run aiconfigurator cli default --model-path deepseek-ai/DeepSeek-V3 --total-gpus 128 --system b60 --backend vllm --backend-version 0.20.0 --database-mode SILICON --isl 256 --osl 256 --prefix 128 --ttft 2000000.0 --tpot 50000.0 --top-n 1 --no-color,
deepseek-ai/DeepSeek-V3.2,DeepseekV32ForCausalLM,b60,vllm,0.12.0,agg,FAIL,"Traceback (most recent call last):\n  File ""tools/support_matrix/support_matrix.py"", line 925, in _attempt\n    python_pareto_df = SupportMatrix._run_mode(\n                       ^^^^^^^^^^^^^^^^^^^^^^^^\n  File ""tools/support_matrix/support_matrix.py"", line 814, in _run_mode\n    pareto_df = task.run()\n                ^^^^^^^^^^\n  File ""src/aiconfigurator/sdk/task_v2.py"", line 1588, in run\n    self.validate()\n  File ""src/aiconfigurator/sdk/task_v2.py"", line 1237, in validate\n    self._validate_database_quant_modes()\n  File ""src/aiconfigurator/sdk/task_v2.py"", line 1286, in _validate_database_quant_modes\n    self._check_role_against_db(""agg"", validate_context=True, validate_generation=True)\n  File ""src/aiconfigurator/sdk/task_v2.py"", line 1386, in _check_role_against_db\n    _check(""gemm"", self._role_attr(role, ""gemm_quant_mode""))\n  File ""src/aiconfigurator/sdk/task_v2.py"", line 1379, in _check\n    raise exc_type(\nValueError: Unsupported gemm quant mode 'fp8_block' for system='b60', backend='vllm', version='0.12.0'. Supported gemm modes: ['bfloat16', 'fp8']\n",uv run aiconfigurator cli default --model-path deepseek-ai/DeepSeek-V3.2 --total-gpus 128 --system b60 --backend vllm --backend-version 0.12.0 --database-mode SILICON --isl 256 --osl 256 --prefix 128 --ttft 2000000.0 --tpot 50000.0 --top-n 1 --no-color,
deepseek-ai/DeepSeek-V3.2,DeepseekV32ForCausalLM,b60,vllm,0.12.0,disagg,FAIL,"Traceback (most recent call last):\n  File ""tools/support_matrix/support_matrix.py"", line 925, in _attempt\n    python_pareto_df = SupportMatrix._run_mode(\n                       ^^^^^^^^^^^^^^^^^^^^^^^^\n  File ""tools/support_matrix/support_matrix.py"", line 814, in _run_mode\n    pareto_df = task.run()\n                ^^^^^^^^^^\n  File ""src/aiconfigurator/sdk/task_v2.py"", line 1588, in run\n    self.validate()\n  File ""src/aiconfigurator/sdk/task_v2.py"", line 1237, in validate\n    self._validate_database_quant_modes()\n  File ""src/aiconfigurator/sdk/task_v2.py"", line 1288, in _validate_database_quant_modes\n    self._check_role_against_db(""prefill"", validate_context=True, validate_generation=False)\n  File ""src/aiconfigurator/sdk/task_v2.py"", line 1386, in _check_role_against_db\n    _check(""gemm"", self._role_attr(role, ""gemm_quant_mode""))\n  File ""src/aiconfigurator/sdk/task_v2.py"", line 1379, in _check\n    raise exc_type(\nValueError: Unsupported gemm quant mode 'fp8_block' for system='b60', backend='vllm', version='0.12.0'. Supported gemm modes: ['bfloat16', 'fp8']\n",uv run aiconfigurator cli default --model-path deepseek-ai/DeepSeek-V3.2 --total-gpus 128 --system b60 --backend vllm --backend-version 0.12.0 --database-mode SILICON --isl 256 --osl 256 --prefix 128 --ttft 2000000.0 --tpot 50000.0 --top-n 1 --no-color,
deepseek-ai/DeepSeek-V3.2,DeepseekV32ForCausalLM,b60,vllm,0.20.0,agg,FAIL,"Traceback (most recent call last):\n  File ""tools/support_matrix/support_matrix.py"", line 925, in _attempt\n    python_pareto_df = SupportMatrix._run_mode(\n                       ^^^^^^^^^^^^^^^^^^^^^^^^\n  File ""tools/support_matrix/support_matrix.py"", line 814, in _run_mode\n    pareto_df = task.run()\n                ^^^^^^^^^^\n  File ""src/aiconfigurator/sdk/task_v2.py"", line 1588, in run\n    self.validate()\n  File ""src/aiconfigurator/sdk/task_v2.py"", line 1237, in validate\n    self._validate_database_quant_modes()\n  File ""src/aiconfigurator/sdk/task_v2.py"", line 1286, in _validate_database_quant_modes\n    self._check_role_against_db(""agg"", validate_context=True, validate_generation=True)\n  File ""src/aiconfigurator/sdk/task_v2.py"", line 1386, in _check_role_against_db\n    _check(""gemm"", self._role_attr(role, ""gemm_quant_mode""))\n  File ""src/aiconfigurator/sdk/task_v2.py"", line 1379, in _check\n    raise exc_type(\nValueError: Unsupported gemm quant mode 'fp8_block' for system='b60', backend='vllm', version='0.20.0'. Supported gemm modes: ['bfloat16', 'fp8']\n",uv run aiconfigurator cli default --model-path deepseek-ai/DeepSeek-V3.2 --total-gpus 128 --system b60 --backend vllm --backend-version 0.20.0 --database-mode SILICON --isl 256 --osl 256 --prefix 128 --ttft 2000000.0 --tpot 50000.0 --top-n 1 --no-color,
deepseek-ai/DeepSeek-V3.2,DeepseekV32ForCausalLM,b60,vllm,0.20.0,disagg,FAIL,"Traceback (most recent call last):\n  File ""tools/support_matrix/support_matrix.py"", line 925, in _attempt\n    python_pareto_df = SupportMatrix._run_mode(\n                       ^^^^^^^^^^^^^^^^^^^^^^^^\n  File ""tools/support_matrix/support_matrix.py"", line 814, in _run_mode\n    pareto_df = task.run()\n                ^^^^^^^^^^\n  File ""src/aiconfigurator/sdk/task_v2.py"", line 1588, in run\n    self.validate()\n  File ""src/aiconfigurator/sdk/task_v2.py"", line 1237, in validate\n    self._validate_database_quant_modes()\n  File ""src/aiconfigurator/sdk/task_v2.py"", line 1288, in _validate_database_quant_modes\n    self._check_role_against_db(""prefill"", validate_context=True, validate_generation=False)\n  File ""src/aiconfigurator/sdk/task_v2.py"", line 1386, in _check_role_against_db\n    _check(""gemm"", self._role_attr(role, ""gemm_quant_mode""))\n  File ""src/aiconfigurator/sdk/task_v2.py"", line 1379, in _check\n    raise exc_type(\nValueError: Unsupported gemm quant mode 'fp8_block' for system='b60', backend='vllm', version='0.20.0'. Supported gemm modes: ['bfloat16', 'fp8']\n",uv run aiconfigurator cli default --model-path deepseek-ai/DeepSeek-V3.2 --total-gpus 128 --system b60 --backend vllm --backend-version 0.20.0 --database-mode SILICON --isl 256 --osl 256 --prefix 128 --ttft 2000000.0 --tpot 50000.0 --top-n 1 --no-color,
deepseek-ai/DeepSeek-V4-Flash,DeepseekV4ForCausalLM,b60,vllm,0.12.0,agg,HW_INCOMPATIBLE,b60 does not support FP4 required by deepseek-ai/DeepSeek-V4-Flash,uv run aiconfigurator cli default --model-path deepseek-ai/DeepSeek-V4-Flash --total-gpus 128 --system b60 --backend vllm --backend-version 0.12.0 --database-mode SILICON --isl 256 --osl 256 --prefix 128 --ttft 2000000.0 --tpot 50000.0 --top-n 1 --no-color,
deepseek-ai/DeepSeek-V4-Flash,DeepseekV4ForCausalLM,b60,vllm,0.12.0,disagg,HW_INCOMPATIBLE,b60 does not support FP4 required by deepseek-ai/DeepSeek-V4-Flash,uv run aiconfigurator cli default --model-path deepseek-ai/DeepSeek-V4-Flash --total-gpus 128 --system b60 --backend vllm --backend-version 0.12.0 --database-mode SILICON --isl 256 --osl 256 --prefix 128 --ttft 2000000.0 --tpot 50000.0 --top-n 1 --no-color,
deepseek-ai/DeepSeek-V4-Flash,DeepseekV4ForCausalLM,b60,vllm,0.20.0,agg,HW_INCOMPATIBLE,b60 does not support FP4 required by deepseek-ai/DeepSeek-V4-Flash,uv run aiconfigurator cli default --model-path deepseek-ai/DeepSeek-V4-Flash --total-gpus 128 --system b60 --backend vllm --backend-version 0.20.0 --database-mode SILICON --isl 256 --osl 256 --prefix 128 --ttft 2000000.0 --tpot 50000.0 --top-n 1 --no-color,
deepseek-ai/DeepSeek-V4-Flash,DeepseekV4ForCausalLM,b60,vllm,0.20.0,disagg,HW_INCOMPATIBLE,b60 does not support FP4 required by deepseek-ai/DeepSeek-V4-Flash,uv run aiconfigurator cli default --model-path deepseek-ai/DeepSeek-V4-Flash --total-gpus 128 --system b60 --backend vllm --backend-version 0.20.0 --database-mode SILICON --isl 256 --osl 256 --prefix 128 --ttft 2000000.0 --tpot 50000.0 --top-n 1 --no-color,
deepseek-ai/DeepSeek-V4-Pro,DeepseekV4ForCausalLM,b60,vllm,0.12.0,agg,HW_INCOMPATIBLE,b60 does not support FP4 required by deepseek-ai/DeepSeek-V4-Pro,uv run aiconfigurator cli default --model-path deepseek-ai/DeepSeek-V4-Pro --total-gpus 128 --system b60 --backend vllm --backend-version 0.12.0 --database-mode SILICON --isl 256 --osl 256 --prefix 128 --ttft 2000000.0 --tpot 50000.0 --top-n 1 --no-color,
deepseek-ai/DeepSeek-V4-Pro,DeepseekV4ForCausalLM,b60,vllm,0.12.0,disagg,HW_INCOMPATIBLE,b60 does not support FP4 required by deepseek-ai/DeepSeek-V4-Pro,uv run aiconfigurator cli default --model-path deepseek-ai/DeepSeek-V4-Pro --total-gpus 128 --system b60 --backend vllm --backend-version 0.12.0 --database-mode SILICON --isl 256 --osl 256 --prefix 128 --ttft 2000000.0 --tpot 50000.0 --top-n 1 --no-color,
deepseek-ai/DeepSeek-V4-Pro,DeepseekV4ForCausalLM,b60,vllm,0.20.0,agg,HW_INCOMPATIBLE,b60 does not support FP4 required by deepseek-ai/DeepSeek-V4-Pro,uv run aiconfigurator cli default --model-path deepseek-ai/DeepSeek-V4-Pro --total-gpus 128 --system b60 --backend vllm --backend-version 0.20.0 --database-mode SILICON --isl 256 --osl 256 --prefix 128 --ttft 2000000.0 --tpot 50000.0 --top-n 1 --no-color,
deepseek-ai/DeepSeek-V4-Pro,DeepseekV4ForCausalLM,b60,vllm,0.20.0,disagg,HW_INCOMPATIBLE,b60 does not support FP4 required by deepseek-ai/DeepSeek-V4-Pro,uv run aiconfigurator cli default --model-path deepseek-ai/DeepSeek-V4-Pro --total-gpus 128 --system b60 --backend vllm --backend-version 0.20.0 --database-mode SILICON --isl 256 --osl 256 --prefix 128 --ttft 2000000.0 --tpot 50000.0 --top-n 1 --no-color,
google/gemma-4-26B-A4B,Gemma4ForConditionalGeneration,b60,vllm,0.12.0,agg,HYBRID_PASS,,uv run aiconfigurator cli default --model-path google/gemma-4-26B-A4B --total-gpus 32 --system b60 --backend vllm --backend-version 0.12.0 --database-mode HYBRID --isl 256 --osl 256 --prefix 128 --ttft 2000.0 --tpot 50.0 --top-n 1 --no-color,xshape
google/gemma-4-26B-A4B,Gemma4ForConditionalGeneration,b60,vllm,0.12.0,disagg,HYBRID_PASS,,uv run aiconfigurator cli default --model-path google/gemma-4-26B-A4B --total-gpus 32 --system b60 --backend vllm --backend-version 0.12.0 --database-mode HYBRID --isl 256 --osl 256 --prefix 128 --ttft 2000.0 --tpot 50.0 --top-n 1 --no-color,xshape
google/gemma-4-26B-A4B,Gemma4ForConditionalGeneration,b60,vllm,0.20.0,agg,HYBRID_PASS,,uv run aiconfigurator cli default --model-path google/gemma-4-26B-A4B --total-gpus 32 --system b60 --backend vllm --backend-version 0.20.0 --database-mode HYBRID --isl 256 --osl 256 --prefix 128 --ttft 2000.0 --tpot 50.0 --top-n 1 --no-color,xshape
google/gemma-4-26B-A4B,Gemma4ForConditionalGeneration,b60,vllm,0.20.0,disagg,HYBRID_PASS,,uv run aiconfigurator cli default --model-path google/gemma-4-26B-A4B --total-gpus 32 --system b60 --backend vllm --backend-version 0.20.0 --database-mode HYBRID --isl 256 --osl 256 --prefix 128 --ttft 2000.0 --tpot 50.0 --top-n 1 --no-color,xshape
meta-llama/Llama-4-Maverick-17B-128E-Instruct,Llama4ForConditionalGeneration,b60,vllm,0.12.0,agg,FAIL,"Traceback (most recent call last):\n  File ""src/aiconfigurator/sdk/sweep.py"", line 485, in sweep_agg\n    point_df, point_saw_model_fit, point_saw_memory_fit = _sweep_one_parallel_agg(\n                                                          ^^^^^^^^^^^^^^^^^^^^^^^^\n  File ""src/aiconfigurator/sdk/sweep.py"", line 335, in _sweep_one_parallel_agg\n    summary = predict_agg_worker(\n              ^^^^^^^^^^^^^^^^^^^\n  File ""src/aiconfigurator/sdk/predict.py"", line 143, in predict_agg_worker\n    summary = (predictor or DEFAULT_PREDICTOR).predict_agg_worker(\n              ^^^^^^^^^^^^^^^^^^^^^^^^^^^^^^^^^^^^^^^^^^^^^^^^^^^^\n  File ""src/aiconfigurator/sdk/predictor.py"", line 118, in predict_agg_worker\n    return backend.run_agg(\n           ^^^^^^^^^^^^^^^^\n  File ""aic-core/src/aiconfigurator_core/sdk/backends/base_backend.py"", line 1466, in run_agg\n    mix_step_estimate = self.run_mixed(\n                        ^^^^^^^^^^^^^^^\n  File ""aic-core/src/aiconfigurator_core/sdk/backends/base_backend.py"", line 1147, in run_mixed\n    summary = self.run_static(\n              ^^^^^^^^^^^^^^^^\n  File ""aic-core/src/aiconfigurator_core/sdk/backends/base_backend.py"", line 685, in run_static\n    ) = self._run_static_breakdown(\n        ^^^^^^^^^^^^^^^^^^^^^^^^^^^\n  File ""aic-core/src/aiconfigurator_core/sdk/backends/base_backend.py"", line 503, in _run_static_breakdown\n    context_latency_dict, context_energy_wms_dict, context_source_dict = self._run_context_phase(\n                                                                         ^^^^^^^^^^^^^^^^^^^^^^^^\n  File ""aic-core/src/aiconfigurator_core/sdk/backends/base_backend.py"", line 338, in _run_context_phase\n    result = op.query(\n             ^^^^^^^^^\n  File ""aic-core/src/aiconfigurator_core/sdk/operations/moe.py"", line 840, in query\n    result = database.query_moe(\n             ^^^^^^^^^^^^^^^^^^^\n  File ""aic-core/src/aiconfigurator_core/sdk/perf_database.py"", line 2909, in query_moe\n    return MoE._query_moe_table(\n           ^^^^^^^^^^^^^^^^^^^^^\n  File ""aic-core/src/aiconfigurator_core/sdk/operations/moe.py"", line 809, in _query_moe_table\n    return database._query_silicon_or_hybrid(\n           ^^^^^^^^^^^^^^^^^^^^^^^^^^^^^^^^^^\n  File ""aic-core/src/aiconfigurator_core/sdk/perf_database.py"", line 2543, in _query_silicon_or_hybrid\n    return get_silicon()\n           ^^^^^^^^^^^^^\n  File ""aic-core/src/aiconfigurator_core/sdk/operations/moe.py"", line 795, in get_silicon\n    moe_dict = util_empirical.require_data_slice(\n               ^^^^^^^^^^^^^^^^^^^^^^^^^^^^^^^^^^\n  File ""aic-core/src/aiconfigurator_core/sdk/operations/util_empirical.py"", line 224, in require_data_slice\n    raise PerfDataNotAvailableError(\naiconfigurator_core.sdk.errors.PerfDataNotAvailableError: Missing silicon data for the requested lookup; requested slice ('power_law_1.01', 1) is not available. Failed to query moe data for num_tokens=128.0, hidden_size=5120, inter_size=8192, topk=1, num_experts=128, moe_tp_size=8, moe_ep_size=1, quant_mode=<MoEQuantMode.bfloat16: QuantMapping(memory=2, compute=1, name='bfloat16')>, workload_distribution='power_law_1.01'. Consider using HYBRID mode.\n\nThe above exception was the direct cause of the following exception:\n\nTraceback (most recent call last):\n  File ""tools/support_matrix/support_matrix.py"", line 925, in _attempt\n    python_pareto_df = SupportMatrix._run_mode(\n                       ^^^^^^^^^^^^^^^^^^^^^^^^\n  File ""tools/support_matrix/support_matrix.py"", line 814, in _run_mode\n    pareto_df = task.run()\n                ^^^^^^^^^^\n  File ""src/aiconfigurator/sdk/task_v2.py"", line 1595, in run\n    return sweep_agg(\n           ^^^^^^^^^^\n  File ""src/aiconfigurator/sdk/sweep.py"", line 526, in sweep_agg\n    raise RuntimeError(\nRuntimeError: sweep_agg: no results for any parallel configuration. Last exception: Missing silicon data for the requested lookup; requested slice ('power_law_1.01', 1) is not available. Failed to query moe data for num_tokens=128.0, hidden_size=5120, inter_size=8192, topk=1, num_experts=128, moe_tp_size=8, moe_ep_size=1, quant_mode=<MoEQuantMode.bfloat16: QuantMapping(memory=2, compute=1, name='bfloat16')>, workload_distribution='power_law_1.01'. Consider using HYBRID mode.\n",uv run aiconfigurator cli default --model-path meta-llama/Llama-4-Maverick-17B-128E-Instruct --total-gpus 128 --system b60 --backend vllm --backend-version 0.12.0 --database-mode SILICON --isl 256 --osl 256 --prefix 128 --ttft 2000000.0 --tpot 50000.0 --top-n 1 --no-color,
meta-llama/Llama-4-Maverick-17B-128E-Instruct,Llama4ForConditionalGeneration,b60,vllm,0.12.0,disagg,FAIL,"Traceback (most recent call last):\n  File ""src/aiconfigurator/sdk/sweep.py"", line 603, in _get_disagg_worker_candidates\n    summary = predict_disagg_worker(\n              ^^^^^^^^^^^^^^^^^^^^^^\n  File ""src/aiconfigurator/sdk/predict.py"", line 91, in predict_disagg_worker\n    summary = (predictor or DEFAULT_PREDICTOR).predict_disagg_worker(\n              ^^^^^^^^^^^^^^^^^^^^^^^^^^^^^^^^^^^^^^^^^^^^^^^^^^^^^^^\n  File ""src/aiconfigurator/sdk/predictor.py"", line 139, in predict_disagg_worker\n    return backend.run_static(\n           ^^^^^^^^^^^^^^^^^^^\n  File ""aic-core/src/aiconfigurator_core/sdk/backends/base_backend.py"", line 685, in run_static\n    ) = self._run_static_breakdown(\n        ^^^^^^^^^^^^^^^^^^^^^^^^^^^\n  File ""aic-core/src/aiconfigurator_core/sdk/backends/base_backend.py"", line 503, in _run_static_breakdown\n    context_latency_dict, context_energy_wms_dict, context_source_dict = self._run_context_phase(\n                                                                         ^^^^^^^^^^^^^^^^^^^^^^^^\n  File ""aic-core/src/aiconfigurator_core/sdk/backends/base_backend.py"", line 338, in _run_context_phase\n    result = op.query(\n             ^^^^^^^^^\n  File ""aic-core/src/aiconfigurator_core/sdk/operations/moe.py"", line 840, in query\n    result = database.query_moe(\n             ^^^^^^^^^^^^^^^^^^^\n  File ""aic-core/src/aiconfigurator_core/sdk/perf_database.py"", line 2909, in query_moe\n    return MoE._query_moe_table(\n           ^^^^^^^^^^^^^^^^^^^^^\n  File ""aic-core/src/aiconfigurator_core/sdk/operations/moe.py"", line 809, in _query_moe_table\n    return database._query_silicon_or_hybrid(\n           ^^^^^^^^^^^^^^^^^^^^^^^^^^^^^^^^^^\n  File ""aic-core/src/aiconfigurator_core/sdk/perf_database.py"", line 2543, in _query_silicon_or_hybrid\n    return get_silicon()\n           ^^^^^^^^^^^^^\n  File ""aic-core/src/aiconfigurator_core/sdk/operations/moe.py"", line 795, in get_silicon\n    moe_dict = util_empirical.require_data_slice(\n               ^^^^^^^^^^^^^^^^^^^^^^^^^^^^^^^^^^\n  File ""aic-core/src/aiconfigurator_core/sdk/operations/util_empirical.py"", line 224, in require_data_slice\n    raise PerfDataNotAvailableError(\naiconfigurator_core.sdk.errors.PerfDataNotAvailableError: Missing silicon data for the requested lookup; requested slice ('power_law_1.01', 1) is not available. Failed to query moe data for num_tokens=128, hidden_size=5120, inter_size=8192, topk=1, num_experts=128, moe_tp_size=8, moe_ep_size=1, quant_mode=<MoEQuantMode.bfloat16: QuantMapping(memory=2, compute=1, name='bfloat16')>, workload_distribution='power_law_1.01'. Consider using HYBRID mode.\n\nThe above exception was the direct cause of the following exception:\n\nTraceback (most recent call last):\n  File ""tools/support_matrix/support_matrix.py"", line 925, in _attempt\n    python_pareto_df = SupportMatrix._run_mode(\n                       ^^^^^^^^^^^^^^^^^^^^^^^^\n  File ""tools/support_matrix/support_matrix.py"", line 814, in _run_mode\n    pareto_df = task.run()\n                ^^^^^^^^^^\n  File ""src/aiconfigurator/sdk/task_v2.py"", line 1607, in run\n    return sweep_disagg(\n           ^^^^^^^^^^^^^\n  File ""src/aiconfigurator/sdk/sweep.py"", line 850, in sweep_disagg\n    prefill_summary_df = _get_disagg_worker_candidates(\n                         ^^^^^^^^^^^^^^^^^^^^^^^^^^^^^^\n  File ""src/aiconfigurator/sdk/sweep.py"", line 642, in _get_disagg_worker_candidates\n    raise RuntimeError(\nRuntimeError: sweep_disagg/prefill: no results for any parallel config. Last exception: Missing silicon data for the requested lookup; requested slice ('power_law_1.01', 1) is not available. Failed to query moe data for num_tokens=128, hidden_size=5120, inter_size=8192, topk=1, num_experts=128, moe_tp_size=8, moe_ep_size=1, quant_mode=<MoEQuantMode.bfloat16: QuantMapping(memory=2, compute=1, name='bfloat16')>, workload_distribution='power_law_1.01'. Consider using HYBRID mode.\n",uv run aiconfigurator cli default --model-path meta-llama/Llama-4-Maverick-17B-128E-Instruct --total-gpus 128 --system b60 --backend vllm --backend-version 0.12.0 --database-mode SILICON --isl 256 --osl 256 --prefix 128 --ttft 2000000.0 --tpot 50000.0 --top-n 1 --no-color,
meta-llama/Llama-4-Maverick-17B-128E-Instruct,Llama4ForConditionalGeneration,b60,vllm,0.20.0,agg,FAIL,"Traceback (most recent call last):\n  File ""src/aiconfigurator/sdk/sweep.py"", line 485, in sweep_agg\n    point_df, point_saw_model_fit, point_saw_memory_fit = _sweep_one_parallel_agg(\n                                                          ^^^^^^^^^^^^^^^^^^^^^^^^\n  File ""src/aiconfigurator/sdk/sweep.py"", line 335, in _sweep_one_parallel_agg\n    summary = predict_agg_worker(\n              ^^^^^^^^^^^^^^^^^^^\n  File ""src/aiconfigurator/sdk/predict.py"", line 143, in predict_agg_worker\n    summary = (predictor or DEFAULT_PREDICTOR).predict_agg_worker(\n              ^^^^^^^^^^^^^^^^^^^^^^^^^^^^^^^^^^^^^^^^^^^^^^^^^^^^\n  File ""src/aiconfigurator/sdk/predictor.py"", line 118, in predict_agg_worker\n    return backend.run_agg(\n           ^^^^^^^^^^^^^^^^\n  File ""aic-core/src/aiconfigurator_core/sdk/backends/base_backend.py"", line 1466, in run_agg\n    mix_step_estimate = self.run_mixed(\n                        ^^^^^^^^^^^^^^^\n  File ""aic-core/src/aiconfigurator_core/sdk/backends/base_backend.py"", line 1147, in run_mixed\n    summary = self.run_static(\n              ^^^^^^^^^^^^^^^^\n  File ""aic-core/src/aiconfigurator_core/sdk/backends/base_backend.py"", line 685, in run_static\n    ) = self._run_static_breakdown(\n        ^^^^^^^^^^^^^^^^^^^^^^^^^^^\n  File ""aic-core/src/aiconfigurator_core/sdk/backends/base_backend.py"", line 503, in _run_static_breakdown\n    context_latency_dict, context_energy_wms_dict, context_source_dict = self._run_context_phase(\n                                                                         ^^^^^^^^^^^^^^^^^^^^^^^^\n  File ""aic-core/src/aiconfigurator_core/sdk/backends/base_backend.py"", line 338, in _run_context_phase\n    result = op.query(\n             ^^^^^^^^^\n  File ""aic-core/src/aiconfigurator_core/sdk/operations/moe.py"", line 840, in query\n    result = database.query_moe(\n             ^^^^^^^^^^^^^^^^^^^\n  File ""aic-core/src/aiconfigurator_core/sdk/perf_database.py"", line 2909, in query_moe\n    return MoE._query_moe_table(\n           ^^^^^^^^^^^^^^^^^^^^^\n  File ""aic-core/src/aiconfigurator_core/sdk/operations/moe.py"", line 809, in _query_moe_table\n    return database._query_silicon_or_hybrid(\n           ^^^^^^^^^^^^^^^^^^^^^^^^^^^^^^^^^^\n  File ""aic-core/src/aiconfigurator_core/sdk/perf_database.py"", line 2543, in _query_silicon_or_hybrid\n    return get_silicon()\n           ^^^^^^^^^^^^^\n  File ""aic-core/src/aiconfigurator_core/sdk/operations/moe.py"", line 795, in get_silicon\n    moe_dict = util_empirical.require_data_slice(\n               ^^^^^^^^^^^^^^^^^^^^^^^^^^^^^^^^^^\n  File ""aic-core/src/aiconfigurator_core/sdk/operations/util_empirical.py"", line 224, in require_data_slice\n    raise PerfDataNotAvailableError(\naiconfigurator_core.sdk.errors.PerfDataNotAvailableError: Missing silicon data for the requested lookup; requested slice ('power_law_1.01', 1) is not available. Failed to query moe data for num_tokens=128.0, hidden_size=5120, inter_size=8192, topk=1, num_experts=128, moe_tp_size=8, moe_ep_size=1, quant_mode=<MoEQuantMode.bfloat16: QuantMapping(memory=2, compute=1, name='bfloat16')>, workload_distribution='power_law_1.01'. Consider using HYBRID mode.\n\nThe above exception was the direct cause of the following exception:\n\nTraceback (most recent call last):\n  File ""tools/support_matrix/support_matrix.py"", line 925, in _attempt\n    python_pareto_df = SupportMatrix._run_mode(\n                       ^^^^^^^^^^^^^^^^^^^^^^^^\n  File ""tools/support_matrix/support_matrix.py"", line 814, in _run_mode\n    pareto_df = task.run()\n                ^^^^^^^^^^\n  File ""src/aiconfigurator/sdk/task_v2.py"", line 1595, in run\n    return sweep_agg(\n           ^^^^^^^^^^\n  File ""src/aiconfigurator/sdk/sweep.py"", line 526, in sweep_agg\n    raise RuntimeError(\nRuntimeError: sweep_agg: no results for any parallel configuration. Last exception: Missing silicon data for the requested lookup; requested slice ('power_law_1.01', 1) is not available. Failed to query moe data for num_tokens=128.0, hidden_size=5120, inter_size=8192, topk=1, num_experts=128, moe_tp_size=8, moe_ep_size=1, quant_mode=<MoEQuantMode.bfloat16: QuantMapping(memory=2, compute=1, name='bfloat16')>, workload_distribution='power_law_1.01'. Consider using HYBRID mode.\n",uv run aiconfigurator cli default --model-path meta-llama/Llama-4-Maverick-17B-128E-Instruct --total-gpus 128 --system b60 --backend vllm --backend-version 0.20.0 --database-mode SILICON --isl 256 --osl 256 --prefix 128 --ttft 2000000.0 --tpot 50000.0 --top-n 1 --no-color,
meta-llama/Llama-4-Maverick-17B-128E-Instruct,Llama4ForConditionalGeneration,b60,vllm,0.20.0,disagg,FAIL,"Traceback (most recent call last):\n  File ""src/aiconfigurator/sdk/sweep.py"", line 603, in _get_disagg_worker_candidates\n    summary = predict_disagg_worker(\n              ^^^^^^^^^^^^^^^^^^^^^^\n  File ""src/aiconfigurator/sdk/predict.py"", line 91, in predict_disagg_worker\n    summary = (predictor or DEFAULT_PREDICTOR).predict_disagg_worker(\n              ^^^^^^^^^^^^^^^^^^^^^^^^^^^^^^^^^^^^^^^^^^^^^^^^^^^^^^^\n  File ""src/aiconfigurator/sdk/predictor.py"", line 139, in predict_disagg_worker\n    return backend.run_static(\n           ^^^^^^^^^^^^^^^^^^^\n  File ""aic-core/src/aiconfigurator_core/sdk/backends/base_backend.py"", line 685, in run_static\n    ) = self._run_static_breakdown(\n        ^^^^^^^^^^^^^^^^^^^^^^^^^^^\n  File ""aic-core/src/aiconfigurator_core/sdk/backends/base_backend.py"", line 503, in _run_static_breakdown\n    context_latency_dict, context_energy_wms_dict, context_source_dict = self._run_context_phase(\n                                                                         ^^^^^^^^^^^^^^^^^^^^^^^^\n  File ""aic-core/src/aiconfigurator_core/sdk/backends/base_backend.py"", line 338, in _run_context_phase\n    result = op.query(\n             ^^^^^^^^^\n  File ""aic-core/src/aiconfigurator_core/sdk/operations/moe.py"", line 840, in query\n    result = database.query_moe(\n             ^^^^^^^^^^^^^^^^^^^\n  File ""aic-core/src/aiconfigurator_core/sdk/perf_database.py"", line 2909, in query_moe\n    return MoE._query_moe_table(\n           ^^^^^^^^^^^^^^^^^^^^^\n  File ""aic-core/src/aiconfigurator_core/sdk/operations/moe.py"", line 809, in _query_moe_table\n    return database._query_silicon_or_hybrid(\n           ^^^^^^^^^^^^^^^^^^^^^^^^^^^^^^^^^^\n  File ""aic-core/src/aiconfigurator_core/sdk/perf_database.py"", line 2543, in _query_silicon_or_hybrid\n    return get_silicon()\n           ^^^^^^^^^^^^^\n  File ""aic-core/src/aiconfigurator_core/sdk/operations/moe.py"", line 795, in get_silicon\n    moe_dict = util_empirical.require_data_slice(\n               ^^^^^^^^^^^^^^^^^^^^^^^^^^^^^^^^^^\n  File ""aic-core/src/aiconfigurator_core/sdk/operations/util_empirical.py"", line 224, in require_data_slice\n    raise PerfDataNotAvailableError(\naiconfigurator_core.sdk.errors.PerfDataNotAvailableError: Missing silicon data for the requested lookup; requested slice ('power_law_1.01', 1) is not available. Failed to query moe data for num_tokens=128, hidden_size=5120, inter_size=8192, topk=1, num_experts=128, moe_tp_size=8, moe_ep_size=1, quant_mode=<MoEQuantMode.bfloat16: QuantMapping(memory=2, compute=1, name='bfloat16')>, workload_distribution='power_law_1.01'. Consider using HYBRID mode.\n\nThe above exception was the direct cause of the following exception:\n\nTraceback (most recent call last):\n  File ""tools/support_matrix/support_matrix.py"", line 925, in _attempt\n    python_pareto_df = SupportMatrix._run_mode(\n                       ^^^^^^^^^^^^^^^^^^^^^^^^\n  File ""tools/support_matrix/support_matrix.py"", line 814, in _run_mode\n    pareto_df = task.run()\n                ^^^^^^^^^^\n  File ""src/aiconfigurator/sdk/task_v2.py"", line 1607, in run\n    return sweep_disagg(\n           ^^^^^^^^^^^^^\n  File ""src/aiconfigurator/sdk/sweep.py"", line 850, in sweep_disagg\n    prefill_summary_df = _get_disagg_worker_candidates(\n                         ^^^^^^^^^^^^^^^^^^^^^^^^^^^^^^\n  File ""src/aiconfigurator/sdk/sweep.py"", line 642, in _get_disagg_worker_candidates\n    raise RuntimeError(\nRuntimeError: sweep_disagg/prefill: no results for any parallel config. Last exception: Missing silicon data for the requested lookup; requested slice ('power_law_1.01', 1) is not available. Failed to query moe data for num_tokens=128, hidden_size=5120, inter_size=8192, topk=1, num_experts=128, moe_tp_size=8, moe_ep_size=1, quant_mode=<MoEQuantMode.bfloat16: QuantMapping(memory=2, compute=1, name='bfloat16')>, workload_distribution='power_law_1.01'. Consider using HYBRID mode.\n",uv run aiconfigurator cli default --model-path meta-llama/Llama-4-Maverick-17B-128E-Instruct --total-gpus 128 --system b60 --backend vllm --backend-version 0.20.0 --database-mode SILICON --isl 256 --osl 256 --prefix 128 --ttft 2000000.0 --tpot 50000.0 --top-n 1 --no-color,
meta-llama/Llama-4-Scout-17B-16E-Instruct,Llama4ForConditionalGeneration,b60,vllm,0.12.0,agg,FAIL,"Traceback (most recent call last):\n  File ""src/aiconfigurator/sdk/sweep.py"", line 485, in sweep_agg\n    point_df, point_saw_model_fit, point_saw_memory_fit = _sweep_one_parallel_agg(\n                                                          ^^^^^^^^^^^^^^^^^^^^^^^^\n  File ""src/aiconfigurator/sdk/sweep.py"", line 335, in _sweep_one_parallel_agg\n    summary = predict_agg_worker(\n              ^^^^^^^^^^^^^^^^^^^\n  File ""src/aiconfigurator/sdk/predict.py"", line 143, in predict_agg_worker\n    summary = (predictor or DEFAULT_PREDICTOR).predict_agg_worker(\n              ^^^^^^^^^^^^^^^^^^^^^^^^^^^^^^^^^^^^^^^^^^^^^^^^^^^^\n  File ""src/aiconfigurator/sdk/predictor.py"", line 118, in predict_agg_worker\n    return backend.run_agg(\n           ^^^^^^^^^^^^^^^^\n  File ""aic-core/src/aiconfigurator_core/sdk/backends/base_backend.py"", line 1466, in run_agg\n    mix_step_estimate = self.run_mixed(\n                        ^^^^^^^^^^^^^^^\n  File ""aic-core/src/aiconfigurator_core/sdk/backends/base_backend.py"", line 1147, in run_mixed\n    summary = self.run_static(\n              ^^^^^^^^^^^^^^^^\n  File ""aic-core/src/aiconfigurator_core/sdk/backends/base_backend.py"", line 685, in run_static\n    ) = self._run_static_breakdown(\n        ^^^^^^^^^^^^^^^^^^^^^^^^^^^\n  File ""aic-core/src/aiconfigurator_core/sdk/backends/base_backend.py"", line 503, in _run_static_breakdown\n    context_latency_dict, context_energy_wms_dict, context_source_dict = self._run_context_phase(\n                                                                         ^^^^^^^^^^^^^^^^^^^^^^^^\n  File ""aic-core/src/aiconfigurator_core/sdk/backends/base_backend.py"", line 338, in _run_context_phase\n    result = op.query(\n             ^^^^^^^^^\n  File ""aic-core/src/aiconfigurator_core/sdk/operations/moe.py"", line 840, in query\n    result = database.query_moe(\n             ^^^^^^^^^^^^^^^^^^^\n  File ""aic-core/src/aiconfigurator_core/sdk/perf_database.py"", line 2909, in query_moe\n    return MoE._query_moe_table(\n           ^^^^^^^^^^^^^^^^^^^^^\n  File ""aic-core/src/aiconfigurator_core/sdk/operations/moe.py"", line 809, in _query_moe_table\n    return database._query_silicon_or_hybrid(\n           ^^^^^^^^^^^^^^^^^^^^^^^^^^^^^^^^^^\n  File ""aic-core/src/aiconfigurator_core/sdk/perf_database.py"", line 2543, in _query_silicon_or_hybrid\n    return get_silicon()\n           ^^^^^^^^^^^^^\n  File ""aic-core/src/aiconfigurator_core/sdk/operations/moe.py"", line 795, in get_silicon\n    moe_dict = util_empirical.require_data_slice(\n               ^^^^^^^^^^^^^^^^^^^^^^^^^^^^^^^^^^\n  File ""aic-core/src/aiconfigurator_core/sdk/operations/util_empirical.py"", line 224, in require_data_slice\n    raise PerfDataNotAvailableError(\naiconfigurator_core.sdk.errors.PerfDataNotAvailableError: Missing silicon data for the requested lookup; requested slice ('power_law_1.01', 1) is not available. Failed to query moe data for num_tokens=128.0, hidden_size=5120, inter_size=8192, topk=1, num_experts=16, moe_tp_size=8, moe_ep_size=1, quant_mode=<MoEQuantMode.bfloat16: QuantMapping(memory=2, compute=1, name='bfloat16')>, workload_distribution='power_law_1.01'. Consider using HYBRID mode.\n\nThe above exception was the direct cause of the following exception:\n\nTraceback (most recent call last):\n  File ""tools/support_matrix/support_matrix.py"", line 925, in _attempt\n    python_pareto_df = SupportMatrix._run_mode(\n                       ^^^^^^^^^^^^^^^^^^^^^^^^\n  File ""tools/support_matrix/support_matrix.py"", line 814, in _run_mode\n    pareto_df = task.run()\n                ^^^^^^^^^^\n  File ""src/aiconfigurator/sdk/task_v2.py"", line 1595, in run\n    return sweep_agg(\n           ^^^^^^^^^^\n  File ""src/aiconfigurator/sdk/sweep.py"", line 526, in sweep_agg\n    raise RuntimeError(\nRuntimeError: sweep_agg: no results for any parallel configuration. Last exception: Missing silicon data for the requested lookup; requested slice ('power_law_1.01', 1) is not available. Failed to query moe data for num_tokens=128.0, hidden_size=5120, inter_size=8192, topk=1, num_experts=16, moe_tp_size=8, moe_ep_size=1, quant_mode=<MoEQuantMode.bfloat16: QuantMapping(memory=2, compute=1, name='bfloat16')>, workload_distribution='power_law_1.01'. Consider using HYBRID mode.\n",uv run aiconfigurator cli default --model-path meta-llama/Llama-4-Scout-17B-16E-Instruct --total-gpus 128 --system b60 --backend vllm --backend-version 0.12.0 --database-mode SILICON --isl 256 --osl 256 --prefix 128 --ttft 2000000.0 --tpot 50000.0 --top-n 1 --no-color,
meta-llama/Llama-4-Scout-17B-16E-Instruct,Llama4ForConditionalGeneration,b60,vllm,0.12.0,disagg,FAIL,"Traceback (most recent call last):\n  File ""src/aiconfigurator/sdk/sweep.py"", line 603, in _get_disagg_worker_candidates\n    summary = predict_disagg_worker(\n              ^^^^^^^^^^^^^^^^^^^^^^\n  File ""src/aiconfigurator/sdk/predict.py"", line 91, in predict_disagg_worker\n    summary = (predictor or DEFAULT_PREDICTOR).predict_disagg_worker(\n              ^^^^^^^^^^^^^^^^^^^^^^^^^^^^^^^^^^^^^^^^^^^^^^^^^^^^^^^\n  File ""src/aiconfigurator/sdk/predictor.py"", line 139, in predict_disagg_worker\n    return backend.run_static(\n           ^^^^^^^^^^^^^^^^^^^\n  File ""aic-core/src/aiconfigurator_core/sdk/backends/base_backend.py"", line 685, in run_static\n    ) = self._run_static_breakdown(\n        ^^^^^^^^^^^^^^^^^^^^^^^^^^^\n  File ""aic-core/src/aiconfigurator_core/sdk/backends/base_backend.py"", line 503, in _run_static_breakdown\n    context_latency_dict, context_energy_wms_dict, context_source_dict = self._run_context_phase(\n                                                                         ^^^^^^^^^^^^^^^^^^^^^^^^\n  File ""aic-core/src/aiconfigurator_core/sdk/backends/base_backend.py"", line 338, in _run_context_phase\n    result = op.query(\n             ^^^^^^^^^\n  File ""aic-core/src/aiconfigurator_core/sdk/operations/moe.py"", line 840, in query\n    result = database.query_moe(\n             ^^^^^^^^^^^^^^^^^^^\n  File ""aic-core/src/aiconfigurator_core/sdk/perf_database.py"", line 2909, in query_moe\n    return MoE._query_moe_table(\n           ^^^^^^^^^^^^^^^^^^^^^\n  File ""aic-core/src/aiconfigurator_core/sdk/operations/moe.py"", line 809, in _query_moe_table\n    return database._query_silicon_or_hybrid(\n           ^^^^^^^^^^^^^^^^^^^^^^^^^^^^^^^^^^\n  File ""aic-core/src/aiconfigurator_core/sdk/perf_database.py"", line 2543, in _query_silicon_or_hybrid\n    return get_silicon()\n           ^^^^^^^^^^^^^\n  File ""aic-core/src/aiconfigurator_core/sdk/operations/moe.py"", line 795, in get_silicon\n    moe_dict = util_empirical.require_data_slice(\n               ^^^^^^^^^^^^^^^^^^^^^^^^^^^^^^^^^^\n  File ""aic-core/src/aiconfigurator_core/sdk/operations/util_empirical.py"", line 224, in require_data_slice\n    raise PerfDataNotAvailableError(\naiconfigurator_core.sdk.errors.PerfDataNotAvailableError: Missing silicon data for the requested lookup; requested slice ('power_law_1.01', 1) is not available. Failed to query moe data for num_tokens=128, hidden_size=5120, inter_size=8192, topk=1, num_experts=16, moe_tp_size=8, moe_ep_size=1, quant_mode=<MoEQuantMode.bfloat16: QuantMapping(memory=2, compute=1, name='bfloat16')>, workload_distribution='power_law_1.01'. Consider using HYBRID mode.\n\nThe above exception was the direct cause of the following exception:\n\nTraceback (most recent call last):\n  File ""tools/support_matrix/support_matrix.py"", line 925, in _attempt\n    python_pareto_df = SupportMatrix._run_mode(\n                       ^^^^^^^^^^^^^^^^^^^^^^^^\n  File ""tools/support_matrix/support_matrix.py"", line 814, in _run_mode\n    pareto_df = task.run()\n                ^^^^^^^^^^\n  File ""src/aiconfigurator/sdk/task_v2.py"", line 1607, in run\n    return sweep_disagg(\n           ^^^^^^^^^^^^^\n  File ""src/aiconfigurator/sdk/sweep.py"", line 850, in sweep_disagg\n    prefill_summary_df = _get_disagg_worker_candidates(\n                         ^^^^^^^^^^^^^^^^^^^^^^^^^^^^^^\n  File ""src/aiconfigurator/sdk/sweep.py"", line 642, in _get_disagg_worker_candidates\n    raise RuntimeError(\nRuntimeError: sweep_disagg/prefill: no results for any parallel config. Last exception: Missing silicon data for the requested lookup; requested slice ('power_law_1.01', 1) is not available. Failed to query moe data for num_tokens=128, hidden_size=5120, inter_size=8192, topk=1, num_experts=16, moe_tp_size=8, moe_ep_size=1, quant_mode=<MoEQuantMode.bfloat16: QuantMapping(memory=2, compute=1, name='bfloat16')>, workload_distribution='power_law_1.01'. Consider using HYBRID mode.\n",uv run aiconfigurator cli default --model-path meta-llama/Llama-4-Scout-17B-16E-Instruct --total-gpus 128 --system b60 --backend vllm --backend-version 0.12.0 --database-mode SILICON --isl 256 --osl 256 --prefix 128 --ttft 2000000.0 --tpot 50000.0 --top-n 1 --no-color,
meta-llama/Llama-4-Scout-17B-16E-Instruct,Llama4ForConditionalGeneration,b60,vllm,0.20.0,agg,FAIL,"Traceback (most recent call last):\n  File ""src/aiconfigurator/sdk/sweep.py"", line 485, in sweep_agg\n    point_df, point_saw_model_fit, point_saw_memory_fit = _sweep_one_parallel_agg(\n                                                          ^^^^^^^^^^^^^^^^^^^^^^^^\n  File ""src/aiconfigurator/sdk/sweep.py"", line 335, in _sweep_one_parallel_agg\n    summary = predict_agg_worker(\n              ^^^^^^^^^^^^^^^^^^^\n  File ""src/aiconfigurator/sdk/predict.py"", line 143, in predict_agg_worker\n    summary = (predictor or DEFAULT_PREDICTOR).predict_agg_worker(\n              ^^^^^^^^^^^^^^^^^^^^^^^^^^^^^^^^^^^^^^^^^^^^^^^^^^^^\n  File ""src/aiconfigurator/sdk/predictor.py"", line 118, in predict_agg_worker\n    return backend.run_agg(\n           ^^^^^^^^^^^^^^^^\n  File ""aic-core/src/aiconfigurator_core/sdk/backends/base_backend.py"", line 1466, in run_agg\n    mix_step_estimate = self.run_mixed(\n                        ^^^^^^^^^^^^^^^\n  File ""aic-core/src/aiconfigurator_core/sdk/backends/base_backend.py"", line 1147, in run_mixed\n    summary = self.run_static(\n              ^^^^^^^^^^^^^^^^\n  File ""aic-core/src/aiconfigurator_core/sdk/backends/base_backend.py"", line 685, in run_static\n    ) = self._run_static_breakdown(\n        ^^^^^^^^^^^^^^^^^^^^^^^^^^^\n  File ""aic-core/src/aiconfigurator_core/sdk/backends/base_backend.py"", line 503, in _run_static_breakdown\n    context_latency_dict, context_energy_wms_dict, context_source_dict = self._run_context_phase(\n                                                                         ^^^^^^^^^^^^^^^^^^^^^^^^\n  File ""aic-core/src/aiconfigurator_core/sdk/backends/base_backend.py"", line 338, in _run_context_phase\n    result = op.query(\n             ^^^^^^^^^\n  File ""aic-core/src/aiconfigurator_core/sdk/operations/moe.py"", line 840, in query\n    result = database.query_moe(\n             ^^^^^^^^^^^^^^^^^^^\n  File ""aic-core/src/aiconfigurator_core/sdk/perf_database.py"", line 2909, in query_moe\n    return MoE._query_moe_table(\n           ^^^^^^^^^^^^^^^^^^^^^\n  File ""aic-core/src/aiconfigurator_core/sdk/operations/moe.py"", line 809, in _query_moe_table\n    return database._query_silicon_or_hybrid(\n           ^^^^^^^^^^^^^^^^^^^^^^^^^^^^^^^^^^\n  File ""aic-core/src/aiconfigurator_core/sdk/perf_database.py"", line 2543, in _query_silicon_or_hybrid\n    return get_silicon()\n           ^^^^^^^^^^^^^\n  File ""aic-core/src/aiconfigurator_core/sdk/operations/moe.py"", line 795, in get_silicon\n    moe_dict = util_empirical.require_data_slice(\n               ^^^^^^^^^^^^^^^^^^^^^^^^^^^^^^^^^^\n  File ""aic-core/src/aiconfigurator_core/sdk/operations/util_empirical.py"", line 224, in require_data_slice\n    raise PerfDataNotAvailableError(\naiconfigurator_core.sdk.errors.PerfDataNotAvailableError: Missing silicon data for the requested lookup; requested slice ('power_law_1.01', 1) is not available. Failed to query moe data for num_tokens=128.0, hidden_size=5120, inter_size=8192, topk=1, num_experts=16, moe_tp_size=8, moe_ep_size=1, quant_mode=<MoEQuantMode.bfloat16: QuantMapping(memory=2, compute=1, name='bfloat16')>, workload_distribution='power_law_1.01'. Consider using HYBRID mode.\n\nThe above exception was the direct cause of the following exception:\n\nTraceback (most recent call last):\n  File ""tools/support_matrix/support_matrix.py"", line 925, in _attempt\n    python_pareto_df = SupportMatrix._run_mode(\n                       ^^^^^^^^^^^^^^^^^^^^^^^^\n  File ""tools/support_matrix/support_matrix.py"", line 814, in _run_mode\n    pareto_df = task.run()\n                ^^^^^^^^^^\n  File ""src/aiconfigurator/sdk/task_v2.py"", line 1595, in run\n    return sweep_agg(\n           ^^^^^^^^^^\n  File ""src/aiconfigurator/sdk/sweep.py"", line 526, in sweep_agg\n    raise RuntimeError(\nRuntimeError: sweep_agg: no results for any parallel configuration. Last exception: Missing silicon data for the requested lookup; requested slice ('power_law_1.01', 1) is not available. Failed to query moe data for num_tokens=128.0, hidden_size=5120, inter_size=8192, topk=1, num_experts=16, moe_tp_size=8, moe_ep_size=1, quant_mode=<MoEQuantMode.bfloat16: QuantMapping(memory=2, compute=1, name='bfloat16')>, workload_distribution='power_law_1.01'. Consider using HYBRID mode.\n",uv run aiconfigurator cli default --model-path meta-llama/Llama-4-Scout-17B-16E-Instruct --total-gpus 128 --system b60 --backend vllm --backend-version 0.20.0 --database-mode SILICON --isl 256 --osl 256 --prefix 128 --ttft 2000000.0 --tpot 50000.0 --top-n 1 --no-color,
meta-llama/Llama-4-Scout-17B-16E-Instruct,Llama4ForConditionalGeneration,b60,vllm,0.20.0,disagg,FAIL,"Traceback (most recent call last):\n  File ""src/aiconfigurator/sdk/sweep.py"", line 603, in _get_disagg_worker_candidates\n    summary = predict_disagg_worker(\n              ^^^^^^^^^^^^^^^^^^^^^^\n  File ""src/aiconfigurator/sdk/predict.py"", line 91, in predict_disagg_worker\n    summary = (predictor or DEFAULT_PREDICTOR).predict_disagg_worker(\n              ^^^^^^^^^^^^^^^^^^^^^^^^^^^^^^^^^^^^^^^^^^^^^^^^^^^^^^^\n  File ""src/aiconfigurator/sdk/predictor.py"", line 139, in predict_disagg_worker\n    return backend.run_static(\n           ^^^^^^^^^^^^^^^^^^^\n  File ""aic-core/src/aiconfigurator_core/sdk/backends/base_backend.py"", line 685, in run_static\n    ) = self._run_static_breakdown(\n        ^^^^^^^^^^^^^^^^^^^^^^^^^^^\n  File ""aic-core/src/aiconfigurator_core/sdk/backends/base_backend.py"", line 503, in _run_static_breakdown\n    context_latency_dict, context_energy_wms_dict, context_source_dict = self._run_context_phase(\n                                                                         ^^^^^^^^^^^^^^^^^^^^^^^^\n  File ""aic-core/src/aiconfigurator_core/sdk/backends/base_backend.py"", line 338, in _run_context_phase\n    result = op.query(\n             ^^^^^^^^^\n  File ""aic-core/src/aiconfigurator_core/sdk/operations/moe.py"", line 840, in query\n    result = database.query_moe(\n             ^^^^^^^^^^^^^^^^^^^\n  File ""aic-core/src/aiconfigurator_core/sdk/perf_database.py"", line 2909, in query_moe\n    return MoE._query_moe_table(\n           ^^^^^^^^^^^^^^^^^^^^^\n  File ""aic-core/src/aiconfigurator_core/sdk/operations/moe.py"", line 809, in _query_moe_table\n    return database._query_silicon_or_hybrid(\n           ^^^^^^^^^^^^^^^^^^^^^^^^^^^^^^^^^^\n  File ""aic-core/src/aiconfigurator_core/sdk/perf_database.py"", line 2543, in _query_silicon_or_hybrid\n    return get_silicon()\n           ^^^^^^^^^^^^^\n  File ""aic-core/src/aiconfigurator_core/sdk/operations/moe.py"", line 795, in get_silicon\n    moe_dict = util_empirical.require_data_slice(\n               ^^^^^^^^^^^^^^^^^^^^^^^^^^^^^^^^^^\n  File ""aic-core/src/aiconfigurator_core/sdk/operations/util_empirical.py"", line 224, in require_data_slice\n    raise PerfDataNotAvailableError(\naiconfigurator_core.sdk.errors.PerfDataNotAvailableError: Missing silicon data for the requested lookup; requested slice ('power_law_1.01', 1) is not available. Failed to query moe data for num_tokens=128, hidden_size=5120, inter_size=8192, topk=1, num_experts=16, moe_tp_size=8, moe_ep_size=1, quant_mode=<MoEQuantMode.bfloat16: QuantMapping(memory=2, compute=1, name='bfloat16')>, workload_distribution='power_law_1.01'. Consider using HYBRID mode.\n\nThe above exception was the direct cause of the following exception:\n\nTraceback (most recent call last):\n  File ""tools/support_matrix/support_matrix.py"", line 925, in _attempt\n    python_pareto_df = SupportMatrix._run_mode(\n                       ^^^^^^^^^^^^^^^^^^^^^^^^\n  File ""tools/support_matrix/support_matrix.py"", line 814, in _run_mode\n    pareto_df = task.run()\n                ^^^^^^^^^^\n  File ""src/aiconfigurator/sdk/task_v2.py"", line 1607, in run\n    return sweep_disagg(\n           ^^^^^^^^^^^^^\n  File ""src/aiconfigurator/sdk/sweep.py"", line 850, in sweep_disagg\n    prefill_summary_df = _get_disagg_worker_candidates(\n                         ^^^^^^^^^^^^^^^^^^^^^^^^^^^^^^\n  File ""src/aiconfigurator/sdk/sweep.py"", line 642, in _get_disagg_worker_candidates\n    raise RuntimeError(\nRuntimeError: sweep_disagg/prefill: no results for any parallel config. Last exception: Missing silicon data for the requested lookup; requested slice ('power_law_1.01', 1) is not available. Failed to query moe data for num_tokens=128, hidden_size=5120, inter_size=8192, topk=1, num_experts=16, moe_tp_size=8, moe_ep_size=1, quant_mode=<MoEQuantMode.bfloat16: QuantMapping(memory=2, compute=1, name='bfloat16')>, workload_distribution='power_law_1.01'. Consider using HYBRID mode.\n",uv run aiconfigurator cli default --model-path meta-llama/Llama-4-Scout-17B-16E-Instruct --total-gpus 128 --system b60 --backend vllm --backend-version 0.20.0 --database-mode SILICON --isl 256 --osl 256 --prefix 128 --ttft 2000000.0 --tpot 50000.0 --top-n 1 --no-color,
meta-llama/Meta-Llama-3.1-405B,LlamaForCausalLM,b60,vllm,0.12.0,agg,FAIL,"Traceback (most recent call last):\n  File ""aic-core/src/aiconfigurator_core/sdk/operations/gemm.py"", line 521, in get_silicon\n    result = perf_interp.query(config, gemm_data, m, n, k)\n             ^^^^^^^^^^^^^^^^^^^^^^^^^^^^^^^^^^^^^^^^^^^^^\n  File ""aic-core/src/aiconfigurator_core/sdk/perf_interp/engine.py"", line 125, in query\n    lat, power = _resolve_scattered(cfg, data, coords)\n                 ^^^^^^^^^^^^^^^^^^^^^^^^^^^^^^^^^^^^^\n  File ""aic-core/src/aiconfigurator_core/sdk/perf_interp/engine.py"", line 328, in _resolve_scattered\n    raise _miss(cfg, coords, ""no site within max_site_distance"")\naiconfigurator_core.sdk.errors.InterpolationDataNotAvailableError: perf_interp: no data to anchor query {'m': 128.0, 'n': 53248, 'k': 16384} (no site within max_site_distance)\n\nThe above exception was the direct cause of the following exception:\n\nTraceback (most recent call last):\n  File ""src/aiconfigurator/sdk/sweep.py"", line 485, in sweep_agg\n    point_df, point_saw_model_fit, point_saw_memory_fit = _sweep_one_parallel_agg(\n                                                          ^^^^^^^^^^^^^^^^^^^^^^^^\n  File ""src/aiconfigurator/sdk/sweep.py"", line 335, in _sweep_one_parallel_agg\n    summary = predict_agg_worker(\n              ^^^^^^^^^^^^^^^^^^^\n  File ""src/aiconfigurator/sdk/predict.py"", line 143, in predict_agg_worker\n    summary = (predictor or DEFAULT_PREDICTOR).predict_agg_worker(\n              ^^^^^^^^^^^^^^^^^^^^^^^^^^^^^^^^^^^^^^^^^^^^^^^^^^^^\n  File ""src/aiconfigurator/sdk/predictor.py"", line 118, in predict_agg_worker\n    return backend.run_agg(\n           ^^^^^^^^^^^^^^^^\n  File ""aic-core/src/aiconfigurator_core/sdk/backends/base_backend.py"", line 1466, in run_agg\n    mix_step_estimate = self.run_mixed(\n                        ^^^^^^^^^^^^^^^\n  File ""aic-core/src/aiconfigurator_core/sdk/backends/base_backend.py"", line 1147, in run_mixed\n    summary = self.run_static(\n              ^^^^^^^^^^^^^^^^\n  File ""aic-core/src/aiconfigurator_core/sdk/backends/base_backend.py"", line 685, in run_static\n    ) = self._run_static_breakdown(\n        ^^^^^^^^^^^^^^^^^^^^^^^^^^^\n  File ""aic-core/src/aiconfigurator_core/sdk/backends/base_backend.py"", line 503, in _run_static_breakdown\n    context_latency_dict, context_energy_wms_dict, context_source_dict = self._run_context_phase(\n                                                                         ^^^^^^^^^^^^^^^^^^^^^^^^\n  File ""aic-core/src/aiconfigurator_core/sdk/backends/base_backend.py"", line 338, in _run_context_phase\n    result = op.query(\n             ^^^^^^^^^\n  File ""aic-core/src/aiconfigurator_core/sdk/operations/gemm.py"", line 757, in query\n    result = database.query_gemm(x, self._n, self._k, quant_mode)\n             ^^^^^^^^^^^^^^^^^^^^^^^^^^^^^^^^^^^^^^^^^^^^^^^^^^^^\n  File ""aic-core/src/aiconfigurator_core/sdk/perf_database.py"", line 2593, in query_gemm\n    return GEMM._query_gemm_table(self, m, n, k, quant_mode, database_mode)\n           ^^^^^^^^^^^^^^^^^^^^^^^^^^^^^^^^^^^^^^^^^^^^^^^^^^^^^^^^^^^^^^^^\n  File ""aic-core/src/aiconfigurator_core/sdk/operations/gemm.py"", line 530, in _query_gemm_table\n    return database._query_silicon_or_hybrid(\n           ^^^^^^^^^^^^^^^^^^^^^^^^^^^^^^^^^^\n  File ""aic-core/src/aiconfigurator_core/sdk/perf_database.py"", line 2543, in _query_silicon_or_hybrid\n    return get_silicon()\n           ^^^^^^^^^^^^^\n  File ""aic-core/src/aiconfigurator_core/sdk/operations/gemm.py"", line 523, in get_silicon\n    raise PerfDataNotAvailableError(\naiconfigurator_core.sdk.errors.PerfDataNotAvailableError: GEMM perf data not available for requested shape. system='b60', backend='vllm', version='0.12.0', quant_mode='bfloat16', m=128.0, n=53248, k=16384. Failed to query gemm data for m=128.0, n=53248, k=16384, quant_mode=<GEMMQuantMode.bfloat16: QuantMapping(memory=2, compute=1, name='bfloat16')>. Consider using HYBRID mode.\n\nThe above exception was the direct cause of the following exception:\n\nTraceback (most recent call last):\n  File ""tools/support_matrix/support_matrix.py"", line 925, in _attempt\n    python_pareto_df = SupportMatrix._run_mode(\n                       ^^^^^^^^^^^^^^^^^^^^^^^^\n  File ""tools/support_matrix/support_matrix.py"", line 814, in _run_mode\n    pareto_df = task.run()\n                ^^^^^^^^^^\n  File ""src/aiconfigurator/sdk/task_v2.py"", line 1595, in run\n    return sweep_agg(\n           ^^^^^^^^^^\n  File ""src/aiconfigurator/sdk/sweep.py"", line 526, in sweep_agg\n    raise RuntimeError(\nRuntimeError: sweep_agg: no results for any parallel configuration. Last exception: GEMM perf data not available for requested shape. system='b60', backend='vllm', version='0.12.0', quant_mode='bfloat16', m=128.0, n=53248, k=16384. Failed to query gemm data for m=128.0, n=53248, k=16384, quant_mode=<GEMMQuantMode.bfloat16: QuantMapping(memory=2, compute=1, name='bfloat16')>. Consider using HYBRID mode.\n",uv run aiconfigurator cli default --model-path meta-llama/Meta-Llama-3.1-405B --total-gpus 128 --system b60 --backend vllm --backend-version 0.12.0 --database-mode SILICON --isl 256 --osl 256 --prefix 128 --ttft 2000000.0 --tpot 50000.0 --top-n 1 --no-color,
meta-llama/Meta-Llama-3.1-405B,LlamaForCausalLM,b60,vllm,0.12.0,disagg,FAIL,"Traceback (most recent call last):\n  File ""aic-core/src/aiconfigurator_core/sdk/operations/gemm.py"", line 521, in get_silicon\n    result = perf_interp.query(config, gemm_data, m, n, k)\n             ^^^^^^^^^^^^^^^^^^^^^^^^^^^^^^^^^^^^^^^^^^^^^\n  File ""aic-core/src/aiconfigurator_core/sdk/perf_interp/engine.py"", line 125, in query\n    lat, power = _resolve_scattered(cfg, data, coords)\n                 ^^^^^^^^^^^^^^^^^^^^^^^^^^^^^^^^^^^^^\n  File ""aic-core/src/aiconfigurator_core/sdk/perf_interp/engine.py"", line 328, in _resolve_scattered\n    raise _miss(cfg, coords, ""no site within max_site_distance"")\naiconfigurator_core.sdk.errors.InterpolationDataNotAvailableError: perf_interp: no data to anchor query {'m': 128, 'n': 53248, 'k': 16384} (no site within max_site_distance)\n\nThe above exception was the direct cause of the following exception:\n\nTraceback (most recent call last):\n  File ""src/aiconfigurator/sdk/sweep.py"", line 603, in _get_disagg_worker_candidates\n    summary = predict_disagg_worker(\n              ^^^^^^^^^^^^^^^^^^^^^^\n  File ""src/aiconfigurator/sdk/predict.py"", line 91, in predict_disagg_worker\n    summary = (predictor or DEFAULT_PREDICTOR).predict_disagg_worker(\n              ^^^^^^^^^^^^^^^^^^^^^^^^^^^^^^^^^^^^^^^^^^^^^^^^^^^^^^^\n  File ""src/aiconfigurator/sdk/predictor.py"", line 139, in predict_disagg_worker\n    return backend.run_static(\n           ^^^^^^^^^^^^^^^^^^^\n  File ""aic-core/src/aiconfigurator_core/sdk/backends/base_backend.py"", line 685, in run_static\n    ) = self._run_static_breakdown(\n        ^^^^^^^^^^^^^^^^^^^^^^^^^^^\n  File ""aic-core/src/aiconfigurator_core/sdk/backends/base_backend.py"", line 503, in _run_static_breakdown\n    context_latency_dict, context_energy_wms_dict, context_source_dict = self._run_context_phase(\n                                                                         ^^^^^^^^^^^^^^^^^^^^^^^^\n  File ""aic-core/src/aiconfigurator_core/sdk/backends/base_backend.py"", line 338, in _run_context_phase\n    result = op.query(\n             ^^^^^^^^^\n  File ""aic-core/src/aiconfigurator_core/sdk/operations/gemm.py"", line 757, in query\n    result = database.query_gemm(x, self._n, self._k, quant_mode)\n             ^^^^^^^^^^^^^^^^^^^^^^^^^^^^^^^^^^^^^^^^^^^^^^^^^^^^\n  File ""aic-core/src/aiconfigurator_core/sdk/perf_database.py"", line 2593, in query_gemm\n    return GEMM._query_gemm_table(self, m, n, k, quant_mode, database_mode)\n           ^^^^^^^^^^^^^^^^^^^^^^^^^^^^^^^^^^^^^^^^^^^^^^^^^^^^^^^^^^^^^^^^\n  File ""aic-core/src/aiconfigurator_core/sdk/operations/gemm.py"", line 530, in _query_gemm_table\n    return database._query_silicon_or_hybrid(\n           ^^^^^^^^^^^^^^^^^^^^^^^^^^^^^^^^^^\n  File ""aic-core/src/aiconfigurator_core/sdk/perf_database.py"", line 2543, in _query_silicon_or_hybrid\n    return get_silicon()\n           ^^^^^^^^^^^^^\n  File ""aic-core/src/aiconfigurator_core/sdk/operations/gemm.py"", line 523, in get_silicon\n    raise PerfDataNotAvailableError(\naiconfigurator_core.sdk.errors.PerfDataNotAvailableError: GEMM perf data not available for requested shape. system='b60', backend='vllm', version='0.12.0', quant_mode='bfloat16', m=128, n=53248, k=16384. Failed to query gemm data for m=128, n=53248, k=16384, quant_mode=<GEMMQuantMode.bfloat16: QuantMapping(memory=2, compute=1, name='bfloat16')>. Consider using HYBRID mode.\n\nThe above exception was the direct cause of the following exception:\n\nTraceback (most recent call last):\n  File ""tools/support_matrix/support_matrix.py"", line 925, in _attempt\n    python_pareto_df = SupportMatrix._run_mode(\n                       ^^^^^^^^^^^^^^^^^^^^^^^^\n  File ""tools/support_matrix/support_matrix.py"", line 814, in _run_mode\n    pareto_df = task.run()\n                ^^^^^^^^^^\n  File ""src/aiconfigurator/sdk/task_v2.py"", line 1607, in run\n    return sweep_disagg(\n           ^^^^^^^^^^^^^\n  File ""src/aiconfigurator/sdk/sweep.py"", line 850, in sweep_disagg\n    prefill_summary_df = _get_disagg_worker_candidates(\n                         ^^^^^^^^^^^^^^^^^^^^^^^^^^^^^^\n  File ""src/aiconfigurator/sdk/sweep.py"", line 642, in _get_disagg_worker_candidates\n    raise RuntimeError(\nRuntimeError: sweep_disagg/prefill: no results for any parallel config. Last exception: GEMM perf data not available for requested shape. system='b60', backend='vllm', version='0.12.0', quant_mode='bfloat16', m=128, n=53248, k=16384. Failed to query gemm data for m=128, n=53248, k=16384, quant_mode=<GEMMQuantMode.bfloat16: QuantMapping(memory=2, compute=1, name='bfloat16')>. Consider using HYBRID mode.\n",uv run aiconfigurator cli default --model-path meta-llama/Meta-Llama-3.1-405B --total-gpus 128 --system b60 --backend vllm --backend-version 0.12.0 --database-mode SILICON --isl 256 --osl 256 --prefix 128 --ttft 2000000.0 --tpot 50000.0 --top-n 1 --no-color,
meta-llama/Meta-Llama-3.1-405B,LlamaForCausalLM,b60,vllm,0.20.0,agg,FAIL,"Traceback (most recent call last):\n  File ""tools/support_matrix/support_matrix.py"", line 925, in _attempt\n    python_pareto_df = SupportMatrix._run_mode(\n                       ^^^^^^^^^^^^^^^^^^^^^^^^\n  File ""tools/support_matrix/support_matrix.py"", line 814, in _run_mode\n    pareto_df = task.run()\n                ^^^^^^^^^^\n  File ""src/aiconfigurator/sdk/task_v2.py"", line 1595, in run\n    return sweep_agg(\n           ^^^^^^^^^^\n  File ""src/aiconfigurator/sdk/sweep.py"", line 530, in sweep_agg\n    raise InsufficientMemoryError(\naiconfigurator_core.sdk.errors.InsufficientMemoryError: sweep_agg: no results — model does not fit in GPU memory for any parallel config. Try increasing --total-gpus, using a quantized model, or a system with more VRAM per GPU.\n",uv run aiconfigurator cli default --model-path meta-llama/Meta-Llama-3.1-405B --total-gpus 128 --system b60 --backend vllm --backend-version 0.20.0 --database-mode SILICON --isl 256 --osl 256 --prefix 128 --ttft 2000000.0 --tpot 50000.0 --top-n 1 --no-color,
meta-llama/Meta-Llama-3.1-405B,LlamaForCausalLM,b60,vllm,0.20.0,disagg,FAIL,"Traceback (most recent call last):\n  File ""tools/support_matrix/support_matrix.py"", line 925, in _attempt\n    python_pareto_df = SupportMatrix._run_mode(\n                       ^^^^^^^^^^^^^^^^^^^^^^^^\n  File ""tools/support_matrix/support_matrix.py"", line 814, in _run_mode\n    pareto_df = task.run()\n                ^^^^^^^^^^\n  File ""src/aiconfigurator/sdk/task_v2.py"", line 1607, in run\n    return sweep_disagg(\n           ^^^^^^^^^^^^^\n  File ""src/aiconfigurator/sdk/sweep.py"", line 850, in sweep_disagg\n    prefill_summary_df = _get_disagg_worker_candidates(\n                         ^^^^^^^^^^^^^^^^^^^^^^^^^^^^^^\n  File ""src/aiconfigurator/sdk/sweep.py"", line 646, in _get_disagg_worker_candidates\n    raise InsufficientMemoryError(\naiconfigurator_core.sdk.errors.InsufficientMemoryError: sweep_disagg/prefill: no results — model does not fit in GPU memory for any parallel config. Try increasing GPU budget, using a quantized model, or a system with more VRAM per GPU.\n",uv run aiconfigurator cli default --model-path meta-llama/Meta-Llama-3.1-405B --total-gpus 128 --system b60 --backend vllm --backend-version 0.20.0 --database-mode SILICON --isl 256 --osl 256 --prefix 128 --ttft 2000000.0 --tpot 50000.0 --top-n 1 --no-color,
meta-llama/Meta-Llama-3.1-70B,LlamaForCausalLM,b60,vllm,0.12.0,agg,PASS,,uv run aiconfigurator cli default --model-path meta-llama/Meta-Llama-3.1-70B --total-gpus 32 --system b60 --backend vllm --backend-version 0.12.0 --database-mode SILICON --isl 256 --osl 256 --prefix 128 --ttft 2000.0 --tpot 50.0 --top-n 1 --no-color,silicon
meta-llama/Meta-Llama-3.1-70B,LlamaForCausalLM,b60,vllm,0.12.0,disagg,PASS,,uv run aiconfigurator cli default --model-path meta-llama/Meta-Llama-3.1-70B --total-gpus 32 --system b60 --backend vllm --backend-version 0.12.0 --database-mode SILICON --isl 256 --osl 256 --prefix 128 --ttft 2000.0 --tpot 50.0 --top-n 1 --no-color,silicon
meta-llama/Meta-Llama-3.1-70B,LlamaForCausalLM,b60,vllm,0.20.0,agg,PASS,,uv run aiconfigurator cli default --model-path meta-llama/Meta-Llama-3.1-70B --total-gpus 32 --system b60 --backend vllm --backend-version 0.20.0 --database-mode SILICON --isl 256 --osl 256 --prefix 128 --ttft 2000.0 --tpot 50.0 --top-n 1 --no-color,silicon
meta-llama/Meta-Llama-3.1-70B,LlamaForCausalLM,b60,vllm,0.20.0,disagg,PASS,,uv run aiconfigurator cli default --model-path meta-llama/Meta-Llama-3.1-70B --total-gpus 32 --system b60 --backend vllm --backend-version 0.20.0 --database-mode SILICON --isl 256 --osl 256 --prefix 128 --ttft 2000.0 --tpot 50.0 --top-n 1 --no-color,silicon
meta-llama/Meta-Llama-3.1-8B,LlamaForCausalLM,b60,vllm,0.12.0,agg,PASS,,uv run aiconfigurator cli default --model-path meta-llama/Meta-Llama-3.1-8B --total-gpus 4 --system b60 --backend vllm --backend-version 0.12.0 --database-mode SILICON --isl 256 --osl 256 --prefix 128 --ttft 1500.0 --tpot 50.0 --top-n 1 --no-color,silicon
meta-llama/Meta-Llama-3.1-8B,LlamaForCausalLM,b60,vllm,0.12.0,disagg,PASS,,uv run aiconfigurator cli default --model-path meta-llama/Meta-Llama-3.1-8B --total-gpus 4 --system b60 --backend vllm --backend-version 0.12.0 --database-mode SILICON --isl 256 --osl 256 --prefix 128 --ttft 1500.0 --tpot 50.0 --top-n 1 --no-color,silicon
meta-llama/Meta-Llama-3.1-8B,LlamaForCausalLM,b60,vllm,0.20.0,agg,PASS,,uv run aiconfigurator cli default --model-path meta-llama/Meta-Llama-3.1-8B --total-gpus 4 --system b60 --backend vllm --backend-version 0.20.0 --database-mode SILICON --isl 256 --osl 256 --prefix 128 --ttft 1500.0 --tpot 50.0 --top-n 1 --no-color,silicon
meta-llama/Meta-Llama-3.1-8B,LlamaForCausalLM,b60,vllm,0.20.0,disagg,PASS,,uv run aiconfigurator cli default --model-path meta-llama/Meta-Llama-3.1-8B --total-gpus 4 --system b60 --backend vllm --backend-version 0.20.0 --database-mode SILICON --isl 256 --osl 256 --prefix 128 --ttft 1500.0 --tpot 50.0 --top-n 1 --no-color,silicon
moonshotai/Kimi-K2.5,KimiK25ForConditionalGeneration,b60,vllm,0.12.0,agg,FAIL,"Traceback (most recent call last):\n  File ""tools/support_matrix/support_matrix.py"", line 925, in _attempt\n    python_pareto_df = SupportMatrix._run_mode(\n                       ^^^^^^^^^^^^^^^^^^^^^^^^\n  File ""tools/support_matrix/support_matrix.py"", line 814, in _run_mode\n    pareto_df = task.run()\n                ^^^^^^^^^^\n  File ""src/aiconfigurator/sdk/task_v2.py"", line 1588, in run\n    self.validate()\n  File ""src/aiconfigurator/sdk/task_v2.py"", line 1237, in validate\n    self._validate_database_quant_modes()\n  File ""src/aiconfigurator/sdk/task_v2.py"", line 1286, in _validate_database_quant_modes\n    self._check_role_against_db(""agg"", validate_context=True, validate_generation=True)\n  File ""src/aiconfigurator/sdk/task_v2.py"", line 1398, in _check_role_against_db\n    _check(""moe"", moe_mode, profile_transfer=True)\n  File ""src/aiconfigurator/sdk/task_v2.py"", line 1379, in _check\n    raise exc_type(\nValueError: Unsupported moe quant mode 'int4_wo' for system='b60', backend='vllm', version='0.12.0'. Supported moe modes: ['bfloat16', 'fp8']\n",uv run aiconfigurator cli default --model-path moonshotai/Kimi-K2.5 --total-gpus 128 --system b60 --backend vllm --backend-version 0.12.0 --database-mode SILICON --isl 256 --osl 256 --prefix 128 --ttft 2000000.0 --tpot 50000.0 --top-n 1 --no-color,
moonshotai/Kimi-K2.5,KimiK25ForConditionalGeneration,b60,vllm,0.12.0,disagg,FAIL,"Traceback (most recent call last):\n  File ""tools/support_matrix/support_matrix.py"", line 925, in _attempt\n    python_pareto_df = SupportMatrix._run_mode(\n                       ^^^^^^^^^^^^^^^^^^^^^^^^\n  File ""tools/support_matrix/support_matrix.py"", line 814, in _run_mode\n    pareto_df = task.run()\n                ^^^^^^^^^^\n  File ""src/aiconfigurator/sdk/task_v2.py"", line 1588, in run\n    self.validate()\n  File ""src/aiconfigurator/sdk/task_v2.py"", line 1237, in validate\n    self._validate_database_quant_modes()\n  File ""src/aiconfigurator/sdk/task_v2.py"", line 1288, in _validate_database_quant_modes\n    self._check_role_against_db(""prefill"", validate_context=True, validate_generation=False)\n  File ""src/aiconfigurator/sdk/task_v2.py"", line 1398, in _check_role_against_db\n    _check(""moe"", moe_mode, profile_transfer=True)\n  File ""src/aiconfigurator/sdk/task_v2.py"", line 1379, in _check\n    raise exc_type(\nValueError: Unsupported moe quant mode 'int4_wo' for system='b60', backend='vllm', version='0.12.0'. Supported moe modes: ['bfloat16', 'fp8']\n",uv run aiconfigurator cli default --model-path moonshotai/Kimi-K2.5 --total-gpus 128 --system b60 --backend vllm --backend-version 0.12.0 --database-mode SILICON --isl 256 --osl 256 --prefix 128 --ttft 2000000.0 --tpot 50000.0 --top-n 1 --no-color,
moonshotai/Kimi-K2.5,KimiK25ForConditionalGeneration,b60,vllm,0.20.0,agg,FAIL,"Traceback (most recent call last):\n  File ""tools/support_matrix/support_matrix.py"", line 925, in _attempt\n    python_pareto_df = SupportMatrix._run_mode(\n                       ^^^^^^^^^^^^^^^^^^^^^^^^\n  File ""tools/support_matrix/support_matrix.py"", line 814, in _run_mode\n    pareto_df = task.run()\n                ^^^^^^^^^^\n  File ""src/aiconfigurator/sdk/task_v2.py"", line 1588, in run\n    self.validate()\n  File ""src/aiconfigurator/sdk/task_v2.py"", line 1237, in validate\n    self._validate_database_quant_modes()\n  File ""src/aiconfigurator/sdk/task_v2.py"", line 1286, in _validate_database_quant_modes\n    self._check_role_against_db(""agg"", validate_context=True, validate_generation=True)\n  File ""src/aiconfigurator/sdk/task_v2.py"", line 1398, in _check_role_against_db\n    _check(""moe"", moe_mode, profile_transfer=True)\n  File ""src/aiconfigurator/sdk/task_v2.py"", line 1379, in _check\n    raise exc_type(\nValueError: Unsupported moe quant mode 'int4_wo' for system='b60', backend='vllm', version='0.20.0'. Supported moe modes: ['bfloat16', 'fp8', 'w4a16_mxfp4']\n",uv run aiconfigurator cli default --model-path moonshotai/Kimi-K2.5 --total-gpus 128 --system b60 --backend vllm --backend-version 0.20.0 --database-mode SILICON --isl 256 --osl 256 --prefix 128 --ttft 2000000.0 --tpot 50000.0 --top-n 1 --no-color,
moonshotai/Kimi-K2.5,KimiK25ForConditionalGeneration,b60,vllm,0.20.0,disagg,FAIL,"Traceback (most recent call last):\n  File ""tools/support_matrix/support_matrix.py"", line 925, in _attempt\n    python_pareto_df = SupportMatrix._run_mode(\n                       ^^^^^^^^^^^^^^^^^^^^^^^^\n  File ""tools/support_matrix/support_matrix.py"", line 814, in _run_mode\n    pareto_df = task.run()\n                ^^^^^^^^^^\n  File ""src/aiconfigurator/sdk/task_v2.py"", line 1588, in run\n    self.validate()\n  File ""src/aiconfigurator/sdk/task_v2.py"", line 1237, in validate\n    self._validate_database_quant_modes()\n  File ""src/aiconfigurator/sdk/task_v2.py"", line 1288, in _validate_database_quant_modes\n    self._check_role_against_db(""prefill"", validate_context=True, validate_generation=False)\n  File ""src/aiconfigurator/sdk/task_v2.py"", line 1398, in _check_role_against_db\n    _check(""moe"", moe_mode, profile_transfer=True)\n  File ""src/aiconfigurator/sdk/task_v2.py"", line 1379, in _check\n    raise exc_type(\nValueError: Unsupported moe quant mode 'int4_wo' for system='b60', backend='vllm', version='0.20.0'. Supported moe modes: ['bfloat16', 'fp8', 'w4a16_mxfp4']\n",uv run aiconfigurator cli default --model-path moonshotai/Kimi-K2.5 --total-gpus 128 --system b60 --backend vllm --backend-version 0.20.0 --database-mode SILICON --isl 256 --osl 256 --prefix 128 --ttft 2000000.0 --tpot 50000.0 --top-n 1 --no-color,
nvidia/DeepSeek-V3.1-NVFP4,DeepseekV3ForCausalLM,b60,vllm,0.12.0,agg,HW_INCOMPATIBLE,b60 does not support FP4 required by nvidia/DeepSeek-V3.1-NVFP4,uv run aiconfigurator cli default --model-path nvidia/DeepSeek-V3.1-NVFP4 --total-gpus 128 --system b60 --backend vllm --backend-version 0.12.0 --database-mode SILICON --isl 256 --osl 256 --prefix 128 --ttft 2000000.0 --tpot 50000.0 --top-n 1 --no-color,
nvidia/DeepSeek-V3.1-NVFP4,DeepseekV3ForCausalLM,b60,vllm,0.12.0,disagg,HW_INCOMPATIBLE,b60 does not support FP4 required by nvidia/DeepSeek-V3.1-NVFP4,uv run aiconfigurator cli default --model-path nvidia/DeepSeek-V3.1-NVFP4 --total-gpus 128 --system b60 --backend vllm --backend-version 0.12.0 --database-mode SILICON --isl 256 --osl 256 --prefix 128 --ttft 2000000.0 --tpot 50000.0 --top-n 1 --no-color,
nvidia/DeepSeek-V3.1-NVFP4,DeepseekV3ForCausalLM,b60,vllm,0.20.0,agg,HW_INCOMPATIBLE,b60 does not support FP4 required by nvidia/DeepSeek-V3.1-NVFP4,uv run aiconfigurator cli default --model-path nvidia/DeepSeek-V3.1-NVFP4 --total-gpus 128 --system b60 --backend vllm --backend-version 0.20.0 --database-mode SILICON --isl 256 --osl 256 --prefix 128 --ttft 2000000.0 --tpot 50000.0 --top-n 1 --no-color,
nvidia/DeepSeek-V3.1-NVFP4,DeepseekV3ForCausalLM,b60,vllm,0.20.0,disagg,HW_INCOMPATIBLE,b60 does not support FP4 required by nvidia/DeepSeek-V3.1-NVFP4,uv run aiconfigurator cli default --model-path nvidia/DeepSeek-V3.1-NVFP4 --total-gpus 128 --system b60 --backend vllm --backend-version 0.20.0 --database-mode SILICON --isl 256 --osl 256 --prefix 128 --ttft 2000000.0 --tpot 50000.0 --top-n 1 --no-color,
nvidia/DeepSeek-V3.2-NVFP4,DeepseekV32ForCausalLM,b60,vllm,0.12.0,agg,HW_INCOMPATIBLE,b60 does not support FP4 required by nvidia/DeepSeek-V3.2-NVFP4,uv run aiconfigurator cli default --model-path nvidia/DeepSeek-V3.2-NVFP4 --total-gpus 128 --system b60 --backend vllm --backend-version 0.12.0 --database-mode SILICON --isl 256 --osl 256 --prefix 128 --ttft 2000000.0 --tpot 50000.0 --top-n 1 --no-color,
nvidia/DeepSeek-V3.2-NVFP4,DeepseekV32ForCausalLM,b60,vllm,0.12.0,disagg,HW_INCOMPATIBLE,b60 does not support FP4 required by nvidia/DeepSeek-V3.2-NVFP4,uv run aiconfigurator cli default --model-path nvidia/DeepSeek-V3.2-NVFP4 --total-gpus 128 --system b60 --backend vllm --backend-version 0.12.0 --database-mode SILICON --isl 256 --osl 256 --prefix 128 --ttft 2000000.0 --tpot 50000.0 --top-n 1 --no-color,
nvidia/DeepSeek-V3.2-NVFP4,DeepseekV32ForCausalLM,b60,vllm,0.20.0,agg,HW_INCOMPATIBLE,b60 does not support FP4 required by nvidia/DeepSeek-V3.2-NVFP4,uv run aiconfigurator cli default --model-path nvidia/DeepSeek-V3.2-NVFP4 --total-gpus 128 --system b60 --backend vllm --backend-version 0.20.0 --database-mode SILICON --isl 256 --osl 256 --prefix 128 --ttft 2000000.0 --tpot 50000.0 --top-n 1 --no-color,
nvidia/DeepSeek-V3.2-NVFP4,DeepseekV32ForCausalLM,b60,vllm,0.20.0,disagg,HW_INCOMPATIBLE,b60 does not support FP4 required by nvidia/DeepSeek-V3.2-NVFP4,uv run aiconfigurator cli default --model-path nvidia/DeepSeek-V3.2-NVFP4 --total-gpus 128 --system b60 --backend vllm --backend-version 0.20.0 --database-mode SILICON --isl 256 --osl 256 --prefix 128 --ttft 2000000.0 --tpot 50000.0 --top-n 1 --no-color,
nvidia/GLM-5.2-NVFP4,GlmMoeDsaForCausalLM,b60,vllm,0.12.0,agg,HW_INCOMPATIBLE,b60 does not support FP4 required by nvidia/GLM-5.2-NVFP4,uv run aiconfigurator cli default --model-path nvidia/GLM-5.2-NVFP4 --total-gpus 128 --system b60 --backend vllm --backend-version 0.12.0 --database-mode SILICON --isl 256 --osl 256 --prefix 128 --ttft 2000000.0 --tpot 50000.0 --top-n 1 --no-color,
nvidia/GLM-5.2-NVFP4,GlmMoeDsaForCausalLM,b60,vllm,0.12.0,disagg,HW_INCOMPATIBLE,b60 does not support FP4 required by nvidia/GLM-5.2-NVFP4,uv run aiconfigurator cli default --model-path nvidia/GLM-5.2-NVFP4 --total-gpus 128 --system b60 --backend vllm --backend-version 0.12.0 --database-mode SILICON --isl 256 --osl 256 --prefix 128 --ttft 2000000.0 --tpot 50000.0 --top-n 1 --no-color,
nvidia/GLM-5.2-NVFP4,GlmMoeDsaForCausalLM,b60,vllm,0.20.0,agg,HW_INCOMPATIBLE,b60 does not support FP4 required by nvidia/GLM-5.2-NVFP4,uv run aiconfigurator cli default --model-path nvidia/GLM-5.2-NVFP4 --total-gpus 128 --system b60 --backend vllm --backend-version 0.20.0 --database-mode SILICON --isl 256 --osl 256 --prefix 128 --ttft 2000000.0 --tpot 50000.0 --top-n 1 --no-color,
nvidia/GLM-5.2-NVFP4,GlmMoeDsaForCausalLM,b60,vllm,0.20.0,disagg,HW_INCOMPATIBLE,b60 does not support FP4 required by nvidia/GLM-5.2-NVFP4,uv run aiconfigurator cli default --model-path nvidia/GLM-5.2-NVFP4 --total-gpus 128 --system b60 --backend vllm --backend-version 0.20.0 --database-mode SILICON --isl 256 --osl 256 --prefix 128 --ttft 2000000.0 --tpot 50000.0 --top-n 1 --no-color,
nvidia/Kimi-K2.5-NVFP4,KimiK25ForConditionalGeneration,b60,vllm,0.12.0,agg,HW_INCOMPATIBLE,b60 does not support FP4 required by nvidia/Kimi-K2.5-NVFP4,uv run aiconfigurator cli default --model-path nvidia/Kimi-K2.5-NVFP4 --total-gpus 128 --system b60 --backend vllm --backend-version 0.12.0 --database-mode SILICON --isl 256 --osl 256 --prefix 128 --ttft 2000000.0 --tpot 50000.0 --top-n 1 --no-color,
nvidia/Kimi-K2.5-NVFP4,KimiK25ForConditionalGeneration,b60,vllm,0.12.0,disagg,HW_INCOMPATIBLE,b60 does not support FP4 required by nvidia/Kimi-K2.5-NVFP4,uv run aiconfigurator cli default --model-path nvidia/Kimi-K2.5-NVFP4 --total-gpus 128 --system b60 --backend vllm --backend-version 0.12.0 --database-mode SILICON --isl 256 --osl 256 --prefix 128 --ttft 2000000.0 --tpot 50000.0 --top-n 1 --no-color,
nvidia/Kimi-K2.5-NVFP4,KimiK25ForConditionalGeneration,b60,vllm,0.20.0,agg,HW_INCOMPATIBLE,b60 does not support FP4 required by nvidia/Kimi-K2.5-NVFP4,uv run aiconfigurator cli default --model-path nvidia/Kimi-K2.5-NVFP4 --total-gpus 128 --system b60 --backend vllm --backend-version 0.20.0 --database-mode SILICON --isl 256 --osl 256 --prefix 128 --ttft 2000000.0 --tpot 50000.0 --top-n 1 --no-color,
nvidia/Kimi-K2.5-NVFP4,KimiK25ForConditionalGeneration,b60,vllm,0.20.0,disagg,HW_INCOMPATIBLE,b60 does not support FP4 required by nvidia/Kimi-K2.5-NVFP4,uv run aiconfigurator cli default --model-path nvidia/Kimi-K2.5-NVFP4 --total-gpus 128 --system b60 --backend vllm --backend-version 0.20.0 --database-mode SILICON --isl 256 --osl 256 --prefix 128 --ttft 2000000.0 --tpot 50000.0 --top-n 1 --no-color,
nvidia/Llama-3.1-70B-Instruct-FP8,LlamaForCausalLM,b60,vllm,0.12.0,agg,FRAMEWORK_INCOMPATIBLE,"Traceback (most recent call last):\n  File ""tools/support_matrix/support_matrix.py"", line 925, in _attempt\n    python_pareto_df = SupportMatrix._run_mode(\n                       ^^^^^^^^^^^^^^^^^^^^^^^^\n  File ""tools/support_matrix/support_matrix.py"", line 814, in _run_mode\n    pareto_df = task.run()\n                ^^^^^^^^^^\n  File ""src/aiconfigurator/sdk/task_v2.py"", line 1588, in run\n    self.validate()\n  File ""src/aiconfigurator/sdk/task_v2.py"", line 1237, in validate\n    self._validate_database_quant_modes()\n  File ""src/aiconfigurator/sdk/task_v2.py"", line 1286, in _validate_database_quant_modes\n    self._check_role_against_db(""agg"", validate_context=True, validate_generation=True)\n  File ""src/aiconfigurator/sdk/task_v2.py"", line 1386, in _check_role_against_db\n    _check(""gemm"", self._role_attr(role, ""gemm_quant_mode""))\n  File ""src/aiconfigurator/sdk/task_v2.py"", line 1379, in _check\n    raise exc_type(\nValueError: Unsupported gemm quant mode 'fp8_static' for system='b60', backend='vllm', version='0.12.0'. Supported gemm modes: ['bfloat16', 'fp8']\n",uv run aiconfigurator cli default --model-path nvidia/Llama-3.1-70B-Instruct-FP8 --total-gpus 32 --system b60 --backend vllm --backend-version 0.12.0 --database-mode SILICON --isl 256 --osl 256 --prefix 128 --ttft 2000.0 --tpot 50.0 --top-n 1 --no-color,
nvidia/Llama-3.1-70B-Instruct-FP8,LlamaForCausalLM,b60,vllm,0.12.0,disagg,FRAMEWORK_INCOMPATIBLE,"Traceback (most recent call last):\n  File ""tools/support_matrix/support_matrix.py"", line 925, in _attempt\n    python_pareto_df = SupportMatrix._run_mode(\n                       ^^^^^^^^^^^^^^^^^^^^^^^^\n  File ""tools/support_matrix/support_matrix.py"", line 814, in _run_mode\n    pareto_df = task.run()\n                ^^^^^^^^^^\n  File ""src/aiconfigurator/sdk/task_v2.py"", line 1588, in run\n    self.validate()\n  File ""src/aiconfigurator/sdk/task_v2.py"", line 1237, in validate\n    self._validate_database_quant_modes()\n  File ""src/aiconfigurator/sdk/task_v2.py"", line 1288, in _validate_database_quant_modes\n    self._check_role_against_db(""prefill"", validate_context=True, validate_generation=False)\n  File ""src/aiconfigurator/sdk/task_v2.py"", line 1386, in _check_role_against_db\n    _check(""gemm"", self._role_attr(role, ""gemm_quant_mode""))\n  File ""src/aiconfigurator/sdk/task_v2.py"", line 1379, in _check\n    raise exc_type(\nValueError: Unsupported gemm quant mode 'fp8_static' for system='b60', backend='vllm', version='0.12.0'. Supported gemm modes: ['bfloat16', 'fp8']\n",uv run aiconfigurator cli default --model-path nvidia/Llama-3.1-70B-Instruct-FP8 --total-gpus 32 --system b60 --backend vllm --backend-version 0.12.0 --database-mode SILICON --isl 256 --osl 256 --prefix 128 --ttft 2000.0 --tpot 50.0 --top-n 1 --no-color,
nvidia/Llama-3.1-70B-Instruct-FP8,LlamaForCausalLM,b60,vllm,0.20.0,agg,FRAMEWORK_INCOMPATIBLE,"Traceback (most recent call last):\n  File ""tools/support_matrix/support_matrix.py"", line 925, in _attempt\n    python_pareto_df = SupportMatrix._run_mode(\n                       ^^^^^^^^^^^^^^^^^^^^^^^^\n  File ""tools/support_matrix/support_matrix.py"", line 814, in _run_mode\n    pareto_df = task.run()\n                ^^^^^^^^^^\n  File ""src/aiconfigurator/sdk/task_v2.py"", line 1588, in run\n    self.validate()\n  File ""src/aiconfigurator/sdk/task_v2.py"", line 1237, in validate\n    self._validate_database_quant_modes()\n  File ""src/aiconfigurator/sdk/task_v2.py"", line 1286, in _validate_database_quant_modes\n    self._check_role_against_db(""agg"", validate_context=True, validate_generation=True)\n  File ""src/aiconfigurator/sdk/task_v2.py"", line 1386, in _check_role_against_db\n    _check(""gemm"", self._role_attr(role, ""gemm_quant_mode""))\n  File ""src/aiconfigurator/sdk/task_v2.py"", line 1379, in _check\n    raise exc_type(\nValueError: Unsupported gemm quant mode 'fp8_static' for system='b60', backend='vllm', version='0.20.0'. Supported gemm modes: ['bfloat16', 'fp8']\n",uv run aiconfigurator cli default --model-path nvidia/Llama-3.1-70B-Instruct-FP8 --total-gpus 32 --system b60 --backend vllm --backend-version 0.20.0 --database-mode SILICON --isl 256 --osl 256 --prefix 128 --ttft 2000.0 --tpot 50.0 --top-n 1 --no-color,
nvidia/Llama-3.1-70B-Instruct-FP8,LlamaForCausalLM,b60,vllm,0.20.0,disagg,FRAMEWORK_INCOMPATIBLE,"Traceback (most recent call last):\n  File ""tools/support_matrix/support_matrix.py"", line 925, in _attempt\n    python_pareto_df = SupportMatrix._run_mode(\n                       ^^^^^^^^^^^^^^^^^^^^^^^^\n  File ""tools/support_matrix/support_matrix.py"", line 814, in _run_mode\n    pareto_df = task.run()\n                ^^^^^^^^^^\n  File ""src/aiconfigurator/sdk/task_v2.py"", line 1588, in run\n    self.validate()\n  File ""src/aiconfigurator/sdk/task_v2.py"", line 1237, in validate\n    self._validate_database_quant_modes()\n  File ""src/aiconfigurator/sdk/task_v2.py"", line 1288, in _validate_database_quant_modes\n    self._check_role_against_db(""prefill"", validate_context=True, validate_generation=False)\n  File ""src/aiconfigurator/sdk/task_v2.py"", line 1386, in _check_role_against_db\n    _check(""gemm"", self._role_attr(role, ""gemm_quant_mode""))\n  File ""src/aiconfigurator/sdk/task_v2.py"", line 1379, in _check\n    raise exc_type(\nValueError: Unsupported gemm quant mode 'fp8_static' for system='b60', backend='vllm', version='0.20.0'. Supported gemm modes: ['bfloat16', 'fp8']\n",uv run aiconfigurator cli default --model-path nvidia/Llama-3.1-70B-Instruct-FP8 --total-gpus 32 --system b60 --backend vllm --backend-version 0.20.0 --database-mode SILICON --isl 256 --osl 256 --prefix 128 --ttft 2000.0 --tpot 50.0 --top-n 1 --no-color,
nvidia/MiniMax-M2.7-NVFP4,MiniMaxM2ForCausalLM,b60,vllm,0.12.0,agg,HW_INCOMPATIBLE,b60 does not support FP4 required by nvidia/MiniMax-M2.7-NVFP4,uv run aiconfigurator cli default --model-path nvidia/MiniMax-M2.7-NVFP4 --total-gpus 128 --system b60 --backend vllm --backend-version 0.12.0 --database-mode SILICON --isl 256 --osl 256 --prefix 128 --ttft 2000000.0 --tpot 50000.0 --top-n 1 --no-color,
nvidia/MiniMax-M2.7-NVFP4,MiniMaxM2ForCausalLM,b60,vllm,0.12.0,disagg,HW_INCOMPATIBLE,b60 does not support FP4 required by nvidia/MiniMax-M2.7-NVFP4,uv run aiconfigurator cli default --model-path nvidia/MiniMax-M2.7-NVFP4 --total-gpus 128 --system b60 --backend vllm --backend-version 0.12.0 --database-mode SILICON --isl 256 --osl 256 --prefix 128 --ttft 2000000.0 --tpot 50000.0 --top-n 1 --no-color,
nvidia/MiniMax-M2.7-NVFP4,MiniMaxM2ForCausalLM,b60,vllm,0.20.0,agg,HW_INCOMPATIBLE,b60 does not support FP4 required by nvidia/MiniMax-M2.7-NVFP4,uv run aiconfigurator cli default --model-path nvidia/MiniMax-M2.7-NVFP4 --total-gpus 128 --system b60 --backend vllm --backend-version 0.20.0 --database-mode SILICON --isl 256 --osl 256 --prefix 128 --ttft 2000000.0 --tpot 50000.0 --top-n 1 --no-color,
nvidia/MiniMax-M2.7-NVFP4,MiniMaxM2ForCausalLM,b60,vllm,0.20.0,disagg,HW_INCOMPATIBLE,b60 does not support FP4 required by nvidia/MiniMax-M2.7-NVFP4,uv run aiconfigurator cli default --model-path nvidia/MiniMax-M2.7-NVFP4 --total-gpus 128 --system b60 --backend vllm --backend-version 0.20.0 --database-mode SILICON --isl 256 --osl 256 --prefix 128 --ttft 2000000.0 --tpot 50000.0 --top-n 1 --no-color,
nvidia/NVIDIA-Nemotron-3-Nano-30B-A3B-BF16,NemotronHForCausalLM,b60,vllm,0.12.0,agg,HYBRID_PASS,,uv run aiconfigurator cli default --model-path nvidia/NVIDIA-Nemotron-3-Nano-30B-A3B-BF16 --total-gpus 128 --system b60 --backend vllm --backend-version 0.12.0 --database-mode HYBRID --isl 256 --osl 256 --prefix 128 --ttft 2000000.0 --tpot 50000.0 --top-n 1 --no-color,xshape
nvidia/NVIDIA-Nemotron-3-Nano-30B-A3B-BF16,NemotronHForCausalLM,b60,vllm,0.12.0,disagg,HYBRID_PASS,,uv run aiconfigurator cli default --model-path nvidia/NVIDIA-Nemotron-3-Nano-30B-A3B-BF16 --total-gpus 128 --system b60 --backend vllm --backend-version 0.12.0 --database-mode HYBRID --isl 256 --osl 256 --prefix 128 --ttft 2000000.0 --tpot 50000.0 --top-n 1 --no-color,xshape
nvidia/NVIDIA-Nemotron-3-Nano-30B-A3B-BF16,NemotronHForCausalLM,b60,vllm,0.20.0,agg,HYBRID_PASS,,uv run aiconfigurator cli default --model-path nvidia/NVIDIA-Nemotron-3-Nano-30B-A3B-BF16 --total-gpus 128 --system b60 --backend vllm --backend-version 0.20.0 --database-mode HYBRID --isl 256 --osl 256 --prefix 128 --ttft 2000000.0 --tpot 50000.0 --top-n 1 --no-color,xshape
nvidia/NVIDIA-Nemotron-3-Nano-30B-A3B-BF16,NemotronHForCausalLM,b60,vllm,0.20.0,disagg,HYBRID_PASS,,uv run aiconfigurator cli default --model-path nvidia/NVIDIA-Nemotron-3-Nano-30B-A3B-BF16 --total-gpus 128 --system b60 --backend vllm --backend-version 0.20.0 --database-mode HYBRID --isl 256 --osl 256 --prefix 128 --ttft 2000000.0 --tpot 50000.0 --top-n 1 --no-color,xshape
nvidia/NVIDIA-Nemotron-3-Super-120B-A12B-NVFP4,NemotronHForCausalLM,b60,vllm,0.12.0,agg,HW_INCOMPATIBLE,b60 does not support FP4 required by nvidia/NVIDIA-Nemotron-3-Super-120B-A12B-NVFP4,uv run aiconfigurator cli default --model-path nvidia/NVIDIA-Nemotron-3-Super-120B-A12B-NVFP4 --total-gpus 128 --system b60 --backend vllm --backend-version 0.12.0 --database-mode SILICON --isl 256 --osl 256 --prefix 128 --ttft 2000000.0 --tpot 50000.0 --top-n 1 --no-color,
nvidia/NVIDIA-Nemotron-3-Super-120B-A12B-NVFP4,NemotronHForCausalLM,b60,vllm,0.12.0,disagg,HW_INCOMPATIBLE,b60 does not support FP4 required by nvidia/NVIDIA-Nemotron-3-Super-120B-A12B-NVFP4,uv run aiconfigurator cli default --model-path nvidia/NVIDIA-Nemotron-3-Super-120B-A12B-NVFP4 --total-gpus 128 --system b60 --backend vllm --backend-version 0.12.0 --database-mode SILICON --isl 256 --osl 256 --prefix 128 --ttft 2000000.0 --tpot 50000.0 --top-n 1 --no-color,
nvidia/NVIDIA-Nemotron-3-Super-120B-A12B-NVFP4,NemotronHForCausalLM,b60,vllm,0.20.0,agg,HW_INCOMPATIBLE,b60 does not support FP4 required by nvidia/NVIDIA-Nemotron-3-Super-120B-A12B-NVFP4,uv run aiconfigurator cli default --model-path nvidia/NVIDIA-Nemotron-3-Super-120B-A12B-NVFP4 --total-gpus 128 --system b60 --backend vllm --backend-version 0.20.0 --database-mode SILICON --isl 256 --osl 256 --prefix 128 --ttft 2000000.0 --tpot 50000.0 --top-n 1 --no-color,
nvidia/NVIDIA-Nemotron-3-Super-120B-A12B-NVFP4,NemotronHForCausalLM,b60,vllm,0.20.0,disagg,HW_INCOMPATIBLE,b60 does not support FP4 required by nvidia/NVIDIA-Nemotron-3-Super-120B-A12B-NVFP4,uv run aiconfigurator cli default --model-path nvidia/NVIDIA-Nemotron-3-Super-120B-A12B-NVFP4 --total-gpus 128 --system b60 --backend vllm --backend-version 0.20.0 --database-mode SILICON --isl 256 --osl 256 --prefix 128 --ttft 2000000.0 --tpot 50000.0 --top-n 1 --no-color,
nvidia/NVIDIA-Nemotron-3-Ultra-550B-A55B-BF16,NemotronHForCausalLM,b60,vllm,0.12.0,agg,FAIL,"Traceback (most recent call last):\n  File ""src/aiconfigurator/sdk/sweep.py"", line 485, in sweep_agg\n    point_df, point_saw_model_fit, point_saw_memory_fit = _sweep_one_parallel_agg(\n                                                          ^^^^^^^^^^^^^^^^^^^^^^^^\n  File ""src/aiconfigurator/sdk/sweep.py"", line 335, in _sweep_one_parallel_agg\n    summary = predict_agg_worker(\n              ^^^^^^^^^^^^^^^^^^^\n  File ""src/aiconfigurator/sdk/predict.py"", line 143, in predict_agg_worker\n    summary = (predictor or DEFAULT_PREDICTOR).predict_agg_worker(\n              ^^^^^^^^^^^^^^^^^^^^^^^^^^^^^^^^^^^^^^^^^^^^^^^^^^^^\n  File ""src/aiconfigurator/sdk/predictor.py"", line 118, in predict_agg_worker\n    return backend.run_agg(\n           ^^^^^^^^^^^^^^^^\n  File ""aic-core/src/aiconfigurator_core/sdk/backends/base_backend.py"", line 1466, in run_agg\n    mix_step_estimate = self.run_mixed(\n                        ^^^^^^^^^^^^^^^\n  File ""aic-core/src/aiconfigurator_core/sdk/backends/base_backend.py"", line 1147, in run_mixed\n    summary = self.run_static(\n              ^^^^^^^^^^^^^^^^\n  File ""aic-core/src/aiconfigurator_core/sdk/backends/base_backend.py"", line 685, in run_static\n    ) = self._run_static_breakdown(\n        ^^^^^^^^^^^^^^^^^^^^^^^^^^^\n  File ""aic-core/src/aiconfigurator_core/sdk/backends/base_backend.py"", line 503, in _run_static_breakdown\n    context_latency_dict, context_energy_wms_dict, context_source_dict = self._run_context_phase(\n                                                                         ^^^^^^^^^^^^^^^^^^^^^^^^\n  File ""aic-core/src/aiconfigurator_core/sdk/backends/base_backend.py"", line 338, in _run_context_phase\n    result = op.query(\n             ^^^^^^^^^\n  File ""aic-core/src/aiconfigurator_core/sdk/operations/moe.py"", line 840, in query\n    result = database.query_moe(\n             ^^^^^^^^^^^^^^^^^^^\n  File ""aic-core/src/aiconfigurator_core/sdk/perf_database.py"", line 2909, in query_moe\n    return MoE._query_moe_table(\n           ^^^^^^^^^^^^^^^^^^^^^\n  File ""aic-core/src/aiconfigurator_core/sdk/operations/moe.py"", line 809, in _query_moe_table\n    return database._query_silicon_or_hybrid(\n           ^^^^^^^^^^^^^^^^^^^^^^^^^^^^^^^^^^\n  File ""aic-core/src/aiconfigurator_core/sdk/perf_database.py"", line 2543, in _query_silicon_or_hybrid\n    return get_silicon()\n           ^^^^^^^^^^^^^\n  File ""aic-core/src/aiconfigurator_core/sdk/operations/moe.py"", line 795, in get_silicon\n    moe_dict = util_empirical.require_data_slice(\n               ^^^^^^^^^^^^^^^^^^^^^^^^^^^^^^^^^^\n  File ""aic-core/src/aiconfigurator_core/sdk/operations/util_empirical.py"", line 224, in require_data_slice\n    raise PerfDataNotAvailableError(\naiconfigurator_core.sdk.errors.PerfDataNotAvailableError: Missing silicon data for the requested lookup; requested slice ('power_law_1.01', 22) is not available. Failed to query moe data for num_tokens=128.0, hidden_size=2048, inter_size=5120, topk=22, num_experts=512, moe_tp_size=8, moe_ep_size=1, quant_mode=<MoEQuantMode.bfloat16: QuantMapping(memory=2, compute=1, name='bfloat16')>, workload_distribution='power_law_1.01'. Consider using HYBRID mode.\n\nThe above exception was the direct cause of the following exception:\n\nTraceback (most recent call last):\n  File ""tools/support_matrix/support_matrix.py"", line 925, in _attempt\n    python_pareto_df = SupportMatrix._run_mode(\n                       ^^^^^^^^^^^^^^^^^^^^^^^^\n  File ""tools/support_matrix/support_matrix.py"", line 814, in _run_mode\n    pareto_df = task.run()\n                ^^^^^^^^^^\n  File ""src/aiconfigurator/sdk/task_v2.py"", line 1595, in run\n    return sweep_agg(\n           ^^^^^^^^^^\n  File ""src/aiconfigurator/sdk/sweep.py"", line 526, in sweep_agg\n    raise RuntimeError(\nRuntimeError: sweep_agg: no results for any parallel configuration. Last exception: Missing silicon data for the requested lookup; requested slice ('power_law_1.01', 22) is not available. Failed to query moe data for num_tokens=128.0, hidden_size=2048, inter_size=5120, topk=22, num_experts=512, moe_tp_size=8, moe_ep_size=1, quant_mode=<MoEQuantMode.bfloat16: QuantMapping(memory=2, compute=1, name='bfloat16')>, workload_distribution='power_law_1.01'. Consider using HYBRID mode.\n",uv run aiconfigurator cli default --model-path nvidia/NVIDIA-Nemotron-3-Ultra-550B-A55B-BF16 --total-gpus 128 --system b60 --backend vllm --backend-version 0.12.0 --database-mode SILICON --isl 256 --osl 256 --prefix 128 --ttft 2000000.0 --tpot 50000.0 --top-n 1 --no-color,
nvidia/NVIDIA-Nemotron-3-Ultra-550B-A55B-BF16,NemotronHForCausalLM,b60,vllm,0.12.0,disagg,FAIL,"Traceback (most recent call last):\n  File ""src/aiconfigurator/sdk/sweep.py"", line 603, in _get_disagg_worker_candidates\n    summary = predict_disagg_worker(\n              ^^^^^^^^^^^^^^^^^^^^^^\n  File ""src/aiconfigurator/sdk/predict.py"", line 91, in predict_disagg_worker\n    summary = (predictor or DEFAULT_PREDICTOR).predict_disagg_worker(\n              ^^^^^^^^^^^^^^^^^^^^^^^^^^^^^^^^^^^^^^^^^^^^^^^^^^^^^^^\n  File ""src/aiconfigurator/sdk/predictor.py"", line 139, in predict_disagg_worker\n    return backend.run_static(\n           ^^^^^^^^^^^^^^^^^^^\n  File ""aic-core/src/aiconfigurator_core/sdk/backends/base_backend.py"", line 685, in run_static\n    ) = self._run_static_breakdown(\n        ^^^^^^^^^^^^^^^^^^^^^^^^^^^\n  File ""aic-core/src/aiconfigurator_core/sdk/backends/base_backend.py"", line 503, in _run_static_breakdown\n    context_latency_dict, context_energy_wms_dict, context_source_dict = self._run_context_phase(\n                                                                         ^^^^^^^^^^^^^^^^^^^^^^^^\n  File ""aic-core/src/aiconfigurator_core/sdk/backends/base_backend.py"", line 338, in _run_context_phase\n    result = op.query(\n             ^^^^^^^^^\n  File ""aic-core/src/aiconfigurator_core/sdk/operations/moe.py"", line 840, in query\n    result = database.query_moe(\n             ^^^^^^^^^^^^^^^^^^^\n  File ""aic-core/src/aiconfigurator_core/sdk/perf_database.py"", line 2909, in query_moe\n    return MoE._query_moe_table(\n           ^^^^^^^^^^^^^^^^^^^^^\n  File ""aic-core/src/aiconfigurator_core/sdk/operations/moe.py"", line 809, in _query_moe_table\n    return database._query_silicon_or_hybrid(\n           ^^^^^^^^^^^^^^^^^^^^^^^^^^^^^^^^^^\n  File ""aic-core/src/aiconfigurator_core/sdk/perf_database.py"", line 2543, in _query_silicon_or_hybrid\n    return get_silicon()\n           ^^^^^^^^^^^^^\n  File ""aic-core/src/aiconfigurator_core/sdk/operations/moe.py"", line 795, in get_silicon\n    moe_dict = util_empirical.require_data_slice(\n               ^^^^^^^^^^^^^^^^^^^^^^^^^^^^^^^^^^\n  File ""aic-core/src/aiconfigurator_core/sdk/operations/util_empirical.py"", line 224, in require_data_slice\n    raise PerfDataNotAvailableError(\naiconfigurator_core.sdk.errors.PerfDataNotAvailableError: Missing silicon data for the requested lookup; requested slice ('power_law_1.01', 22) is not available. Failed to query moe data for num_tokens=128, hidden_size=2048, inter_size=5120, topk=22, num_experts=512, moe_tp_size=8, moe_ep_size=1, quant_mode=<MoEQuantMode.bfloat16: QuantMapping(memory=2, compute=1, name='bfloat16')>, workload_distribution='power_law_1.01'. Consider using HYBRID mode.\n\nThe above exception was the direct cause of the following exception:\n\nTraceback (most recent call last):\n  File ""tools/support_matrix/support_matrix.py"", line 925, in _attempt\n    python_pareto_df = SupportMatrix._run_mode(\n                       ^^^^^^^^^^^^^^^^^^^^^^^^\n  File ""tools/support_matrix/support_matrix.py"", line 814, in _run_mode\n    pareto_df = task.run()\n                ^^^^^^^^^^\n  File ""src/aiconfigurator/sdk/task_v2.py"", line 1607, in run\n    return sweep_disagg(\n           ^^^^^^^^^^^^^\n  File ""src/aiconfigurator/sdk/sweep.py"", line 850, in sweep_disagg\n    prefill_summary_df = _get_disagg_worker_candidates(\n                         ^^^^^^^^^^^^^^^^^^^^^^^^^^^^^^\n  File ""src/aiconfigurator/sdk/sweep.py"", line 642, in _get_disagg_worker_candidates\n    raise RuntimeError(\nRuntimeError: sweep_disagg/prefill: no results for any parallel config. Last exception: Missing silicon data for the requested lookup; requested slice ('power_law_1.01', 22) is not available. Failed to query moe data for num_tokens=128, hidden_size=2048, inter_size=5120, topk=22, num_experts=512, moe_tp_size=8, moe_ep_size=1, quant_mode=<MoEQuantMode.bfloat16: QuantMapping(memory=2, compute=1, name='bfloat16')>, workload_distribution='power_law_1.01'. Consider using HYBRID mode.\n",uv run aiconfigurator cli default --model-path nvidia/NVIDIA-Nemotron-3-Ultra-550B-A55B-BF16 --total-gpus 128 --system b60 --backend vllm --backend-version 0.12.0 --database-mode SILICON --isl 256 --osl 256 --prefix 128 --ttft 2000000.0 --tpot 50000.0 --top-n 1 --no-color,
nvidia/NVIDIA-Nemotron-3-Ultra-550B-A55B-BF16,NemotronHForCausalLM,b60,vllm,0.20.0,agg,FAIL,"Traceback (most recent call last):\n  File ""src/aiconfigurator/sdk/sweep.py"", line 485, in sweep_agg\n    point_df, point_saw_model_fit, point_saw_memory_fit = _sweep_one_parallel_agg(\n                                                          ^^^^^^^^^^^^^^^^^^^^^^^^\n  File ""src/aiconfigurator/sdk/sweep.py"", line 335, in _sweep_one_parallel_agg\n    summary = predict_agg_worker(\n              ^^^^^^^^^^^^^^^^^^^\n  File ""src/aiconfigurator/sdk/predict.py"", line 143, in predict_agg_worker\n    summary = (predictor or DEFAULT_PREDICTOR).predict_agg_worker(\n              ^^^^^^^^^^^^^^^^^^^^^^^^^^^^^^^^^^^^^^^^^^^^^^^^^^^^\n  File ""src/aiconfigurator/sdk/predictor.py"", line 118, in predict_agg_worker\n    return backend.run_agg(\n           ^^^^^^^^^^^^^^^^\n  File ""aic-core/src/aiconfigurator_core/sdk/backends/base_backend.py"", line 1466, in run_agg\n    mix_step_estimate = self.run_mixed(\n                        ^^^^^^^^^^^^^^^\n  File ""aic-core/src/aiconfigurator_core/sdk/backends/base_backend.py"", line 1147, in run_mixed\n    summary = self.run_static(\n              ^^^^^^^^^^^^^^^^\n  File ""aic-core/src/aiconfigurator_core/sdk/backends/base_backend.py"", line 685, in run_static\n    ) = self._run_static_breakdown(\n        ^^^^^^^^^^^^^^^^^^^^^^^^^^^\n  File ""aic-core/src/aiconfigurator_core/sdk/backends/base_backend.py"", line 503, in _run_static_breakdown\n    context_latency_dict, context_energy_wms_dict, context_source_dict = self._run_context_phase(\n                                                                         ^^^^^^^^^^^^^^^^^^^^^^^^\n  File ""aic-core/src/aiconfigurator_core/sdk/backends/base_backend.py"", line 338, in _run_context_phase\n    result = op.query(\n             ^^^^^^^^^\n  File ""aic-core/src/aiconfigurator_core/sdk/operations/moe.py"", line 840, in query\n    result = database.query_moe(\n             ^^^^^^^^^^^^^^^^^^^\n  File ""aic-core/src/aiconfigurator_core/sdk/perf_database.py"", line 2909, in query_moe\n    return MoE._query_moe_table(\n           ^^^^^^^^^^^^^^^^^^^^^\n  File ""aic-core/src/aiconfigurator_core/sdk/operations/moe.py"", line 809, in _query_moe_table\n    return database._query_silicon_or_hybrid(\n           ^^^^^^^^^^^^^^^^^^^^^^^^^^^^^^^^^^\n  File ""aic-core/src/aiconfigurator_core/sdk/perf_database.py"", line 2543, in _query_silicon_or_hybrid\n    return get_silicon()\n           ^^^^^^^^^^^^^\n  File ""aic-core/src/aiconfigurator_core/sdk/operations/moe.py"", line 795, in get_silicon\n    moe_dict = util_empirical.require_data_slice(\n               ^^^^^^^^^^^^^^^^^^^^^^^^^^^^^^^^^^\n  File ""aic-core/src/aiconfigurator_core/sdk/operations/util_empirical.py"", line 224, in require_data_slice\n    raise PerfDataNotAvailableError(\naiconfigurator_core.sdk.errors.PerfDataNotAvailableError: Missing silicon data for the requested lookup; requested slice ('power_law_1.01', 22) is not available. Failed to query moe data for num_tokens=128.0, hidden_size=2048, inter_size=5120, topk=22, num_experts=512, moe_tp_size=8, moe_ep_size=1, quant_mode=<MoEQuantMode.bfloat16: QuantMapping(memory=2, compute=1, name='bfloat16')>, workload_distribution='power_law_1.01'. Consider using HYBRID mode.\n\nThe above exception was the direct cause of the following exception:\n\nTraceback (most recent call last):\n  File ""tools/support_matrix/support_matrix.py"", line 925, in _attempt\n    python_pareto_df = SupportMatrix._run_mode(\n                       ^^^^^^^^^^^^^^^^^^^^^^^^\n  File ""tools/support_matrix/support_matrix.py"", line 814, in _run_mode\n    pareto_df = task.run()\n                ^^^^^^^^^^\n  File ""src/aiconfigurator/sdk/task_v2.py"", line 1595, in run\n    return sweep_agg(\n           ^^^^^^^^^^\n  File ""src/aiconfigurator/sdk/sweep.py"", line 526, in sweep_agg\n    raise RuntimeError(\nRuntimeError: sweep_agg: no results for any parallel configuration. Last exception: Missing silicon data for the requested lookup; requested slice ('power_law_1.01', 22) is not available. Failed to query moe data for num_tokens=128.0, hidden_size=2048, inter_size=5120, topk=22, num_experts=512, moe_tp_size=8, moe_ep_size=1, quant_mode=<MoEQuantMode.bfloat16: QuantMapping(memory=2, compute=1, name='bfloat16')>, workload_distribution='power_law_1.01'. Consider using HYBRID mode.\n",uv run aiconfigurator cli default --model-path nvidia/NVIDIA-Nemotron-3-Ultra-550B-A55B-BF16 --total-gpus 128 --system b60 --backend vllm --backend-version 0.20.0 --database-mode SILICON --isl 256 --osl 256 --prefix 128 --ttft 2000000.0 --tpot 50000.0 --top-n 1 --no-color,
nvidia/NVIDIA-Nemotron-3-Ultra-550B-A55B-BF16,NemotronHForCausalLM,b60,vllm,0.20.0,disagg,FAIL,"Traceback (most recent call last):\n  File ""src/aiconfigurator/sdk/sweep.py"", line 603, in _get_disagg_worker_candidates\n    summary = predict_disagg_worker(\n              ^^^^^^^^^^^^^^^^^^^^^^\n  File ""src/aiconfigurator/sdk/predict.py"", line 91, in predict_disagg_worker\n    summary = (predictor or DEFAULT_PREDICTOR).predict_disagg_worker(\n              ^^^^^^^^^^^^^^^^^^^^^^^^^^^^^^^^^^^^^^^^^^^^^^^^^^^^^^^\n  File ""src/aiconfigurator/sdk/predictor.py"", line 139, in predict_disagg_worker\n    return backend.run_static(\n           ^^^^^^^^^^^^^^^^^^^\n  File ""aic-core/src/aiconfigurator_core/sdk/backends/base_backend.py"", line 685, in run_static\n    ) = self._run_static_breakdown(\n        ^^^^^^^^^^^^^^^^^^^^^^^^^^^\n  File ""aic-core/src/aiconfigurator_core/sdk/backends/base_backend.py"", line 503, in _run_static_breakdown\n    context_latency_dict, context_energy_wms_dict, context_source_dict = self._run_context_phase(\n                                                                         ^^^^^^^^^^^^^^^^^^^^^^^^\n  File ""aic-core/src/aiconfigurator_core/sdk/backends/base_backend.py"", line 338, in _run_context_phase\n    result = op.query(\n             ^^^^^^^^^\n  File ""aic-core/src/aiconfigurator_core/sdk/operations/moe.py"", line 840, in query\n    result = database.query_moe(\n             ^^^^^^^^^^^^^^^^^^^\n  File ""aic-core/src/aiconfigurator_core/sdk/perf_database.py"", line 2909, in query_moe\n    return MoE._query_moe_table(\n           ^^^^^^^^^^^^^^^^^^^^^\n  File ""aic-core/src/aiconfigurator_core/sdk/operations/moe.py"", line 809, in _query_moe_table\n    return database._query_silicon_or_hybrid(\n           ^^^^^^^^^^^^^^^^^^^^^^^^^^^^^^^^^^\n  File ""aic-core/src/aiconfigurator_core/sdk/perf_database.py"", line 2543, in _query_silicon_or_hybrid\n    return get_silicon()\n           ^^^^^^^^^^^^^\n  File ""aic-core/src/aiconfigurator_core/sdk/operations/moe.py"", line 795, in get_silicon\n    moe_dict = util_empirical.require_data_slice(\n               ^^^^^^^^^^^^^^^^^^^^^^^^^^^^^^^^^^\n  File ""aic-core/src/aiconfigurator_core/sdk/operations/util_empirical.py"", line 224, in require_data_slice\n    raise PerfDataNotAvailableError(\naiconfigurator_core.sdk.errors.PerfDataNotAvailableError: Missing silicon data for the requested lookup; requested slice ('power_law_1.01', 22) is not available. Failed to query moe data for num_tokens=128, hidden_size=2048, inter_size=5120, topk=22, num_experts=512, moe_tp_size=8, moe_ep_size=1, quant_mode=<MoEQuantMode.bfloat16: QuantMapping(memory=2, compute=1, name='bfloat16')>, workload_distribution='power_law_1.01'. Consider using HYBRID mode.\n\nThe above exception was the direct cause of the following exception:\n\nTraceback (most recent call last):\n  File ""tools/support_matrix/support_matrix.py"", line 925, in _attempt\n    python_pareto_df = SupportMatrix._run_mode(\n                       ^^^^^^^^^^^^^^^^^^^^^^^^\n  File ""tools/support_matrix/support_matrix.py"", line 814, in _run_mode\n    pareto_df = task.run()\n                ^^^^^^^^^^\n  File ""src/aiconfigurator/sdk/task_v2.py"", line 1607, in run\n    return sweep_disagg(\n           ^^^^^^^^^^^^^\n  File ""src/aiconfigurator/sdk/sweep.py"", line 850, in sweep_disagg\n    prefill_summary_df = _get_disagg_worker_candidates(\n                         ^^^^^^^^^^^^^^^^^^^^^^^^^^^^^^\n  File ""src/aiconfigurator/sdk/sweep.py"", line 642, in _get_disagg_worker_candidates\n    raise RuntimeError(\nRuntimeError: sweep_disagg/prefill: no results for any parallel config. Last exception: Missing silicon data for the requested lookup; requested slice ('power_law_1.01', 22) is not available. Failed to query moe data for num_tokens=128, hidden_size=2048, inter_size=5120, topk=22, num_experts=512, moe_tp_size=8, moe_ep_size=1, quant_mode=<MoEQuantMode.bfloat16: QuantMapping(memory=2, compute=1, name='bfloat16')>, workload_distribution='power_law_1.01'. Consider using HYBRID mode.\n",uv run aiconfigurator cli default --model-path nvidia/NVIDIA-Nemotron-3-Ultra-550B-A55B-BF16 --total-gpus 128 --system b60 --backend vllm --backend-version 0.20.0 --database-mode SILICON --isl 256 --osl 256 --prefix 128 --ttft 2000000.0 --tpot 50000.0 --top-n 1 --no-color,
nvidia/NVIDIA-Nemotron-3-Ultra-550B-A55B-FP8,NemotronHForCausalLM,b60,vllm,0.12.0,agg,FRAMEWORK_INCOMPATIBLE,"Traceback (most recent call last):\n  File ""tools/support_matrix/support_matrix.py"", line 925, in _attempt\n    python_pareto_df = SupportMatrix._run_mode(\n                       ^^^^^^^^^^^^^^^^^^^^^^^^\n  File ""tools/support_matrix/support_matrix.py"", line 814, in _run_mode\n    pareto_df = task.run()\n                ^^^^^^^^^^\n  File ""src/aiconfigurator/sdk/task_v2.py"", line 1588, in run\n    self.validate()\n  File ""src/aiconfigurator/sdk/task_v2.py"", line 1237, in validate\n    self._validate_database_quant_modes()\n  File ""src/aiconfigurator/sdk/task_v2.py"", line 1286, in _validate_database_quant_modes\n    self._check_role_against_db(""agg"", validate_context=True, validate_generation=True)\n  File ""src/aiconfigurator/sdk/task_v2.py"", line 1386, in _check_role_against_db\n    _check(""gemm"", self._role_attr(role, ""gemm_quant_mode""))\n  File ""src/aiconfigurator/sdk/task_v2.py"", line 1379, in _check\n    raise exc_type(\nValueError: Unsupported gemm quant mode 'fp8_static' for system='b60', backend='vllm', version='0.12.0'. Supported gemm modes: ['bfloat16', 'fp8']\n",uv run aiconfigurator cli default --model-path nvidia/NVIDIA-Nemotron-3-Ultra-550B-A55B-FP8 --total-gpus 128 --system b60 --backend vllm --backend-version 0.12.0 --database-mode SILICON --isl 256 --osl 256 --prefix 128 --ttft 2000000.0 --tpot 50000.0 --top-n 1 --no-color,
nvidia/NVIDIA-Nemotron-3-Ultra-550B-A55B-FP8,NemotronHForCausalLM,b60,vllm,0.12.0,disagg,FRAMEWORK_INCOMPATIBLE,"Traceback (most recent call last):\n  File ""tools/support_matrix/support_matrix.py"", line 925, in _attempt\n    python_pareto_df = SupportMatrix._run_mode(\n                       ^^^^^^^^^^^^^^^^^^^^^^^^\n  File ""tools/support_matrix/support_matrix.py"", line 814, in _run_mode\n    pareto_df = task.run()\n                ^^^^^^^^^^\n  File ""src/aiconfigurator/sdk/task_v2.py"", line 1588, in run\n    self.validate()\n  File ""src/aiconfigurator/sdk/task_v2.py"", line 1237, in validate\n    self._validate_database_quant_modes()\n  File ""src/aiconfigurator/sdk/task_v2.py"", line 1288, in _validate_database_quant_modes\n    self._check_role_against_db(""prefill"", validate_context=True, validate_generation=False)\n  File ""src/aiconfigurator/sdk/task_v2.py"", line 1386, in _check_role_against_db\n    _check(""gemm"", self._role_attr(role, ""gemm_quant_mode""))\n  File ""src/aiconfigurator/sdk/task_v2.py"", line 1379, in _check\n    raise exc_type(\nValueError: Unsupported gemm quant mode 'fp8_static' for system='b60', backend='vllm', version='0.12.0'. Supported gemm modes: ['bfloat16', 'fp8']\n",uv run aiconfigurator cli default --model-path nvidia/NVIDIA-Nemotron-3-Ultra-550B-A55B-FP8 --total-gpus 128 --system b60 --backend vllm --backend-version 0.12.0 --database-mode SILICON --isl 256 --osl 256 --prefix 128 --ttft 2000000.0 --tpot 50000.0 --top-n 1 --no-color,
nvidia/NVIDIA-Nemotron-3-Ultra-550B-A55B-FP8,NemotronHForCausalLM,b60,vllm,0.20.0,agg,FRAMEWORK_INCOMPATIBLE,"Traceback (most recent call last):\n  File ""tools/support_matrix/support_matrix.py"", line 925, in _attempt\n    python_pareto_df = SupportMatrix._run_mode(\n                       ^^^^^^^^^^^^^^^^^^^^^^^^\n  File ""tools/support_matrix/support_matrix.py"", line 814, in _run_mode\n    pareto_df = task.run()\n                ^^^^^^^^^^\n  File ""src/aiconfigurator/sdk/task_v2.py"", line 1588, in run\n    self.validate()\n  File ""src/aiconfigurator/sdk/task_v2.py"", line 1237, in validate\n    self._validate_database_quant_modes()\n  File ""src/aiconfigurator/sdk/task_v2.py"", line 1286, in _validate_database_quant_modes\n    self._check_role_against_db(""agg"", validate_context=True, validate_generation=True)\n  File ""src/aiconfigurator/sdk/task_v2.py"", line 1386, in _check_role_against_db\n    _check(""gemm"", self._role_attr(role, ""gemm_quant_mode""))\n  File ""src/aiconfigurator/sdk/task_v2.py"", line 1379, in _check\n    raise exc_type(\nValueError: Unsupported gemm quant mode 'fp8_static' for system='b60', backend='vllm', version='0.20.0'. Supported gemm modes: ['bfloat16', 'fp8']\n",uv run aiconfigurator cli default --model-path nvidia/NVIDIA-Nemotron-3-Ultra-550B-A55B-FP8 --total-gpus 128 --system b60 --backend vllm --backend-version 0.20.0 --database-mode SILICON --isl 256 --osl 256 --prefix 128 --ttft 2000000.0 --tpot 50000.0 --top-n 1 --no-color,
nvidia/NVIDIA-Nemotron-3-Ultra-550B-A55B-FP8,NemotronHForCausalLM,b60,vllm,0.20.0,disagg,FRAMEWORK_INCOMPATIBLE,"Traceback (most recent call last):\n  File ""tools/support_matrix/support_matrix.py"", line 925, in _attempt\n    python_pareto_df = SupportMatrix._run_mode(\n                       ^^^^^^^^^^^^^^^^^^^^^^^^\n  File ""tools/support_matrix/support_matrix.py"", line 814, in _run_mode\n    pareto_df = task.run()\n                ^^^^^^^^^^\n  File ""src/aiconfigurator/sdk/task_v2.py"", line 1588, in run\n    self.validate()\n  File ""src/aiconfigurator/sdk/task_v2.py"", line 1237, in validate\n    self._validate_database_quant_modes()\n  File ""src/aiconfigurator/sdk/task_v2.py"", line 1288, in _validate_database_quant_modes\n    self._check_role_against_db(""prefill"", validate_context=True, validate_generation=False)\n  File ""src/aiconfigurator/sdk/task_v2.py"", line 1386, in _check_role_against_db\n    _check(""gemm"", self._role_attr(role, ""gemm_quant_mode""))\n  File ""src/aiconfigurator/sdk/task_v2.py"", line 1379, in _check\n    raise exc_type(\nValueError: Unsupported gemm quant mode 'fp8_static' for system='b60', backend='vllm', version='0.20.0'. Supported gemm modes: ['bfloat16', 'fp8']\n",uv run aiconfigurator cli default --model-path nvidia/NVIDIA-Nemotron-3-Ultra-550B-A55B-FP8 --total-gpus 128 --system b60 --backend vllm --backend-version 0.20.0 --database-mode SILICON --isl 256 --osl 256 --prefix 128 --ttft 2000000.0 --tpot 50000.0 --top-n 1 --no-color,
nvidia/NVIDIA-Nemotron-3-Ultra-550B-A55B-NVFP4,NemotronHForCausalLM,b60,vllm,0.12.0,agg,HW_INCOMPATIBLE,b60 does not support FP4 required by nvidia/NVIDIA-Nemotron-3-Ultra-550B-A55B-NVFP4,uv run aiconfigurator cli default --model-path nvidia/NVIDIA-Nemotron-3-Ultra-550B-A55B-NVFP4 --total-gpus 128 --system b60 --backend vllm --backend-version 0.12.0 --database-mode SILICON --isl 256 --osl 256 --prefix 128 --ttft 2000000.0 --tpot 50000.0 --top-n 1 --no-color,
nvidia/NVIDIA-Nemotron-3-Ultra-550B-A55B-NVFP4,NemotronHForCausalLM,b60,vllm,0.12.0,disagg,HW_INCOMPATIBLE,b60 does not support FP4 required by nvidia/NVIDIA-Nemotron-3-Ultra-550B-A55B-NVFP4,uv run aiconfigurator cli default --model-path nvidia/NVIDIA-Nemotron-3-Ultra-550B-A55B-NVFP4 --total-gpus 128 --system b60 --backend vllm --backend-version 0.12.0 --database-mode SILICON --isl 256 --osl 256 --prefix 128 --ttft 2000000.0 --tpot 50000.0 --top-n 1 --no-color,
nvidia/NVIDIA-Nemotron-3-Ultra-550B-A55B-NVFP4,NemotronHForCausalLM,b60,vllm,0.20.0,agg,HW_INCOMPATIBLE,b60 does not support FP4 required by nvidia/NVIDIA-Nemotron-3-Ultra-550B-A55B-NVFP4,uv run aiconfigurator cli default --model-path nvidia/NVIDIA-Nemotron-3-Ultra-550B-A55B-NVFP4 --total-gpus 128 --system b60 --backend vllm --backend-version 0.20.0 --database-mode SILICON --isl 256 --osl 256 --prefix 128 --ttft 2000000.0 --tpot 50000.0 --top-n 1 --no-color,
nvidia/NVIDIA-Nemotron-3-Ultra-550B-A55B-NVFP4,NemotronHForCausalLM,b60,vllm,0.20.0,disagg,HW_INCOMPATIBLE,b60 does not support FP4 required by nvidia/NVIDIA-Nemotron-3-Ultra-550B-A55B-NVFP4,uv run aiconfigurator cli default --model-path nvidia/NVIDIA-Nemotron-3-Ultra-550B-A55B-NVFP4 --total-gpus 128 --system b60 --backend vllm --backend-version 0.20.0 --database-mode SILICON --isl 256 --osl 256 --prefix 128 --ttft 2000000.0 --tpot 50000.0 --top-n 1 --no-color,
nvidia/Qwen3-235B-A22B-NVFP4,Qwen3MoeForCausalLM,b60,vllm,0.12.0,agg,HW_INCOMPATIBLE,b60 does not support FP4 required by nvidia/Qwen3-235B-A22B-NVFP4,uv run aiconfigurator cli default --model-path nvidia/Qwen3-235B-A22B-NVFP4 --total-gpus 128 --system b60 --backend vllm --backend-version 0.12.0 --database-mode SILICON --isl 256 --osl 256 --prefix 128 --ttft 2000000.0 --tpot 50000.0 --top-n 1 --no-color,
nvidia/Qwen3-235B-A22B-NVFP4,Qwen3MoeForCausalLM,b60,vllm,0.12.0,disagg,HW_INCOMPATIBLE,b60 does not support FP4 required by nvidia/Qwen3-235B-A22B-NVFP4,uv run aiconfigurator cli default --model-path nvidia/Qwen3-235B-A22B-NVFP4 --total-gpus 128 --system b60 --backend vllm --backend-version 0.12.0 --database-mode SILICON --isl 256 --osl 256 --prefix 128 --ttft 2000000.0 --tpot 50000.0 --top-n 1 --no-color,
nvidia/Qwen3-235B-A22B-NVFP4,Qwen3MoeForCausalLM,b60,vllm,0.20.0,agg,HW_INCOMPATIBLE,b60 does not support FP4 required by nvidia/Qwen3-235B-A22B-NVFP4,uv run aiconfigurator cli default --model-path nvidia/Qwen3-235B-A22B-NVFP4 --total-gpus 128 --system b60 --backend vllm --backend-version 0.20.0 --database-mode SILICON --isl 256 --osl 256 --prefix 128 --ttft 2000000.0 --tpot 50000.0 --top-n 1 --no-color,
nvidia/Qwen3-235B-A22B-NVFP4,Qwen3MoeForCausalLM,b60,vllm,0.20.0,disagg,HW_INCOMPATIBLE,b60 does not support FP4 required by nvidia/Qwen3-235B-A22B-NVFP4,uv run aiconfigurator cli default --model-path nvidia/Qwen3-235B-A22B-NVFP4 --total-gpus 128 --system b60 --backend vllm --backend-version 0.20.0 --database-mode SILICON --isl 256 --osl 256 --prefix 128 --ttft 2000000.0 --tpot 50000.0 --top-n 1 --no-color,
openai/gpt-oss-120b,GptOssForCausalLM,b60,vllm,0.12.0,agg,FAIL,"Traceback (most recent call last):\n  File ""tools/support_matrix/support_matrix.py"", line 925, in _attempt\n    python_pareto_df = SupportMatrix._run_mode(\n                       ^^^^^^^^^^^^^^^^^^^^^^^^\n  File ""tools/support_matrix/support_matrix.py"", line 814, in _run_mode\n    pareto_df = task.run()\n                ^^^^^^^^^^\n  File ""src/aiconfigurator/sdk/task_v2.py"", line 1588, in run\n    self.validate()\n  File ""src/aiconfigurator/sdk/task_v2.py"", line 1237, in validate\n    self._validate_database_quant_modes()\n  File ""src/aiconfigurator/sdk/task_v2.py"", line 1286, in _validate_database_quant_modes\n    self._check_role_against_db(""agg"", validate_context=True, validate_generation=True)\n  File ""src/aiconfigurator/sdk/task_v2.py"", line 1398, in _check_role_against_db\n    _check(""moe"", moe_mode, profile_transfer=True)\n  File ""src/aiconfigurator/sdk/task_v2.py"", line 1379, in _check\n    raise exc_type(\nValueError: Unsupported moe quant mode 'w4a16_mxfp4' for system='b60', backend='vllm', version='0.12.0'. Supported moe modes: ['bfloat16', 'fp8']\n",uv run aiconfigurator cli default --model-path openai/gpt-oss-120b --total-gpus 128 --system b60 --backend vllm --backend-version 0.12.0 --database-mode SILICON --isl 256 --osl 256 --prefix 128 --ttft 2000000.0 --tpot 50000.0 --top-n 1 --no-color,
openai/gpt-oss-120b,GptOssForCausalLM,b60,vllm,0.12.0,disagg,FAIL,"Traceback (most recent call last):\n  File ""tools/support_matrix/support_matrix.py"", line 925, in _attempt\n    python_pareto_df = SupportMatrix._run_mode(\n                       ^^^^^^^^^^^^^^^^^^^^^^^^\n  File ""tools/support_matrix/support_matrix.py"", line 814, in _run_mode\n    pareto_df = task.run()\n                ^^^^^^^^^^\n  File ""src/aiconfigurator/sdk/task_v2.py"", line 1588, in run\n    self.validate()\n  File ""src/aiconfigurator/sdk/task_v2.py"", line 1237, in validate\n    self._validate_database_quant_modes()\n  File ""src/aiconfigurator/sdk/task_v2.py"", line 1288, in _validate_database_quant_modes\n    self._check_role_against_db(""prefill"", validate_context=True, validate_generation=False)\n  File ""src/aiconfigurator/sdk/task_v2.py"", line 1398, in _check_role_against_db\n    _check(""moe"", moe_mode, profile_transfer=True)\n  File ""src/aiconfigurator/sdk/task_v2.py"", line 1379, in _check\n    raise exc_type(\nValueError: Unsupported moe quant mode 'w4a16_mxfp4' for system='b60', backend='vllm', version='0.12.0'. Supported moe modes: ['bfloat16', 'fp8']\n",uv run aiconfigurator cli default --model-path openai/gpt-oss-120b --total-gpus 128 --system b60 --backend vllm --backend-version 0.12.0 --database-mode SILICON --isl 256 --osl 256 --prefix 128 --ttft 2000000.0 --tpot 50000.0 --top-n 1 --no-color,
openai/gpt-oss-120b,GptOssForCausalLM,b60,vllm,0.20.0,agg,PASS,,uv run aiconfigurator cli default --model-path openai/gpt-oss-120b --total-gpus 128 --system b60 --backend vllm --backend-version 0.20.0 --database-mode SILICON --isl 256 --osl 256 --prefix 128 --ttft 2000000.0 --tpot 50000.0 --top-n 1 --no-color,silicon
openai/gpt-oss-120b,GptOssForCausalLM,b60,vllm,0.20.0,disagg,PASS,,uv run aiconfigurator cli default --model-path openai/gpt-oss-120b --total-gpus 128 --system b60 --backend vllm --backend-version 0.20.0 --database-mode SILICON --isl 256 --osl 256 --prefix 128 --ttft 2000000.0 --tpot 50000.0 --top-n 1 --no-color,silicon
openai/gpt-oss-20b,GptOssForCausalLM,b60,vllm,0.12.0,agg,FAIL,"Traceback (most recent call last):\n  File ""tools/support_matrix/support_matrix.py"", line 925, in _attempt\n    python_pareto_df = SupportMatrix._run_mode(\n                       ^^^^^^^^^^^^^^^^^^^^^^^^\n  File ""tools/support_matrix/support_matrix.py"", line 814, in _run_mode\n    pareto_df = task.run()\n                ^^^^^^^^^^\n  File ""src/aiconfigurator/sdk/task_v2.py"", line 1588, in run\n    self.validate()\n  File ""src/aiconfigurator/sdk/task_v2.py"", line 1237, in validate\n    self._validate_database_quant_modes()\n  File ""src/aiconfigurator/sdk/task_v2.py"", line 1286, in _validate_database_quant_modes\n    self._check_role_against_db(""agg"", validate_context=True, validate_generation=True)\n  File ""src/aiconfigurator/sdk/task_v2.py"", line 1398, in _check_role_against_db\n    _check(""moe"", moe_mode, profile_transfer=True)\n  File ""src/aiconfigurator/sdk/task_v2.py"", line 1379, in _check\n    raise exc_type(\nValueError: Unsupported moe quant mode 'w4a16_mxfp4' for system='b60', backend='vllm', version='0.12.0'. Supported moe modes: ['bfloat16', 'fp8']\n",uv run aiconfigurator cli default --model-path openai/gpt-oss-20b --total-gpus 32 --system b60 --backend vllm --backend-version 0.12.0 --database-mode SILICON --isl 256 --osl 256 --prefix 128 --ttft 2000.0 --tpot 50.0 --top-n 1 --no-color,
openai/gpt-oss-20b,GptOssForCausalLM,b60,vllm,0.12.0,disagg,FAIL,"Traceback (most recent call last):\n  File ""tools/support_matrix/support_matrix.py"", line 925, in _attempt\n    python_pareto_df = SupportMatrix._run_mode(\n                       ^^^^^^^^^^^^^^^^^^^^^^^^\n  File ""tools/support_matrix/support_matrix.py"", line 814, in _run_mode\n    pareto_df = task.run()\n                ^^^^^^^^^^\n  File ""src/aiconfigurator/sdk/task_v2.py"", line 1588, in run\n    self.validate()\n  File ""src/aiconfigurator/sdk/task_v2.py"", line 1237, in validate\n    self._validate_database_quant_modes()\n  File ""src/aiconfigurator/sdk/task_v2.py"", line 1288, in _validate_database_quant_modes\n    self._check_role_against_db(""prefill"", validate_context=True, validate_generation=False)\n  File ""src/aiconfigurator/sdk/task_v2.py"", line 1398, in _check_role_against_db\n    _check(""moe"", moe_mode, profile_transfer=True)\n  File ""src/aiconfigurator/sdk/task_v2.py"", line 1379, in _check\n    raise exc_type(\nValueError: Unsupported moe quant mode 'w4a16_mxfp4' for system='b60', backend='vllm', version='0.12.0'. Supported moe modes: ['bfloat16', 'fp8']\n",uv run aiconfigurator cli default --model-path openai/gpt-oss-20b --total-gpus 32 --system b60 --backend vllm --backend-version 0.12.0 --database-mode SILICON --isl 256 --osl 256 --prefix 128 --ttft 2000.0 --tpot 50.0 --top-n 1 --no-color,
openai/gpt-oss-20b,GptOssForCausalLM,b60,vllm,0.20.0,agg,PASS,,uv run aiconfigurator cli default --model-path openai/gpt-oss-20b --total-gpus 32 --system b60 --backend vllm --backend-version 0.20.0 --database-mode SILICON --isl 256 --osl 256 --prefix 128 --ttft 2000.0 --tpot 50.0 --top-n 1 --no-color,silicon
openai/gpt-oss-20b,GptOssForCausalLM,b60,vllm,0.20.0,disagg,PASS,,uv run aiconfigurator cli default --model-path openai/gpt-oss-20b --total-gpus 32 --system b60 --backend vllm --backend-version 0.20.0 --database-mode SILICON --isl 256 --osl 256 --prefix 128 --ttft 2000.0 --tpot 50.0 --top-n 1 --no-color,silicon
sgl-project/DeepSeek-V4-Flash-FP8,DeepseekV4ForCausalLM,b60,vllm,0.12.0,agg,FAIL,"Traceback (most recent call last):\n  File ""tools/support_matrix/support_matrix.py"", line 925, in _attempt\n    python_pareto_df = SupportMatrix._run_mode(\n                       ^^^^^^^^^^^^^^^^^^^^^^^^\n  File ""tools/support_matrix/support_matrix.py"", line 814, in _run_mode\n    pareto_df = task.run()\n                ^^^^^^^^^^\n  File ""src/aiconfigurator/sdk/task_v2.py"", line 1588, in run\n    self.validate()\n  File ""src/aiconfigurator/sdk/task_v2.py"", line 1237, in validate\n    self._validate_database_quant_modes()\n  File ""src/aiconfigurator/sdk/task_v2.py"", line 1286, in _validate_database_quant_modes\n    self._check_role_against_db(""agg"", validate_context=True, validate_generation=True)\n  File ""src/aiconfigurator/sdk/task_v2.py"", line 1386, in _check_role_against_db\n    _check(""gemm"", self._role_attr(role, ""gemm_quant_mode""))\n  File ""src/aiconfigurator/sdk/task_v2.py"", line 1379, in _check\n    raise exc_type(\nValueError: Unsupported gemm quant mode 'fp8_block' for system='b60', backend='vllm', version='0.12.0'. Supported gemm modes: ['bfloat16', 'fp8']\n",uv run aiconfigurator cli default --model-path sgl-project/DeepSeek-V4-Flash-FP8 --total-gpus 128 --system b60 --backend vllm --backend-version 0.12.0 --database-mode SILICON --isl 256 --osl 256 --prefix 128 --ttft 2000000.0 --tpot 50000.0 --top-n 1 --no-color,
sgl-project/DeepSeek-V4-Flash-FP8,DeepseekV4ForCausalLM,b60,vllm,0.12.0,disagg,FAIL,"Traceback (most recent call last):\n  File ""tools/support_matrix/support_matrix.py"", line 925, in _attempt\n    python_pareto_df = SupportMatrix._run_mode(\n                       ^^^^^^^^^^^^^^^^^^^^^^^^\n  File ""tools/support_matrix/support_matrix.py"", line 814, in _run_mode\n    pareto_df = task.run()\n                ^^^^^^^^^^\n  File ""src/aiconfigurator/sdk/task_v2.py"", line 1588, in run\n    self.validate()\n  File ""src/aiconfigurator/sdk/task_v2.py"", line 1237, in validate\n    self._validate_database_quant_modes()\n  File ""src/aiconfigurator/sdk/task_v2.py"", line 1288, in _validate_database_quant_modes\n    self._check_role_against_db(""prefill"", validate_context=True, validate_generation=False)\n  File ""src/aiconfigurator/sdk/task_v2.py"", line 1386, in _check_role_against_db\n    _check(""gemm"", self._role_attr(role, ""gemm_quant_mode""))\n  File ""src/aiconfigurator/sdk/task_v2.py"", line 1379, in _check\n    raise exc_type(\nValueError: Unsupported gemm quant mode 'fp8_block' for system='b60', backend='vllm', version='0.12.0'. Supported gemm modes: ['bfloat16', 'fp8']\n",uv run aiconfigurator cli default --model-path sgl-project/DeepSeek-V4-Flash-FP8 --total-gpus 128 --system b60 --backend vllm --backend-version 0.12.0 --database-mode SILICON --isl 256 --osl 256 --prefix 128 --ttft 2000000.0 --tpot 50000.0 --top-n 1 --no-color,
sgl-project/DeepSeek-V4-Flash-FP8,DeepseekV4ForCausalLM,b60,vllm,0.20.0,agg,FAIL,"Traceback (most recent call last):\n  File ""tools/support_matrix/support_matrix.py"", line 925, in _attempt\n    python_pareto_df = SupportMatrix._run_mode(\n                       ^^^^^^^^^^^^^^^^^^^^^^^^\n  File ""tools/support_matrix/support_matrix.py"", line 814, in _run_mode\n    pareto_df = task.run()\n                ^^^^^^^^^^\n  File ""src/aiconfigurator/sdk/task_v2.py"", line 1588, in run\n    self.validate()\n  File ""src/aiconfigurator/sdk/task_v2.py"", line 1237, in validate\n    self._validate_database_quant_modes()\n  File ""src/aiconfigurator/sdk/task_v2.py"", line 1286, in _validate_database_quant_modes\n    self._check_role_against_db(""agg"", validate_context=True, validate_generation=True)\n  File ""src/aiconfigurator/sdk/task_v2.py"", line 1386, in _check_role_against_db\n    _check(""gemm"", self._role_attr(role, ""gemm_quant_mode""))\n  File ""src/aiconfigurator/sdk/task_v2.py"", line 1379, in _check\n    raise exc_type(\nValueError: Unsupported gemm quant mode 'fp8_block' for system='b60', backend='vllm', version='0.20.0'. Supported gemm modes: ['bfloat16', 'fp8']\n",uv run aiconfigurator cli default --model-path sgl-project/DeepSeek-V4-Flash-FP8 --total-gpus 128 --system b60 --backend vllm --backend-version 0.20.0 --database-mode SILICON --isl 256 --osl 256 --prefix 128 --ttft 2000000.0 --tpot 50000.0 --top-n 1 --no-color,
sgl-project/DeepSeek-V4-Flash-FP8,DeepseekV4ForCausalLM,b60,vllm,0.20.0,disagg,FAIL,"Traceback (most recent call last):\n  File ""tools/support_matrix/support_matrix.py"", line 925, in _attempt\n    python_pareto_df = SupportMatrix._run_mode(\n                       ^^^^^^^^^^^^^^^^^^^^^^^^\n  File ""tools/support_matrix/support_matrix.py"", line 814, in _run_mode\n    pareto_df = task.run()\n                ^^^^^^^^^^\n  File ""src/aiconfigurator/sdk/task_v2.py"", line 1588, in run\n    self.validate()\n  File ""src/aiconfigurator/sdk/task_v2.py"", line 1237, in validate\n    self._validate_database_quant_modes()\n  File ""src/aiconfigurator/sdk/task_v2.py"", line 1288, in _validate_database_quant_modes\n    self._check_role_against_db(""prefill"", validate_context=True, validate_generation=False)\n  File ""src/aiconfigurator/sdk/task_v2.py"", line 1386, in _check_role_against_db\n    _check(""gemm"", self._role_attr(role, ""gemm_quant_mode""))\n  File ""src/aiconfigurator/sdk/task_v2.py"", line 1379, in _check\n    raise exc_type(\nValueError: Unsupported gemm quant mode 'fp8_block' for system='b60', backend='vllm', version='0.20.0'. Supported gemm modes: ['bfloat16', 'fp8']\n",uv run aiconfigurator cli default --model-path sgl-project/DeepSeek-V4-Flash-FP8 --total-gpus 128 --system b60 --backend vllm --backend-version 0.20.0 --database-mode SILICON --isl 256 --osl 256 --prefix 128 --ttft 2000000.0 --tpot 50000.0 --top-n 1 --no-color,
sgl-project/DeepSeek-V4-Pro-FP8,DeepseekV4ForCausalLM,b60,vllm,0.12.0,agg,FAIL,"Traceback (most recent call last):\n  File ""tools/support_matrix/support_matrix.py"", line 925, in _attempt\n    python_pareto_df = SupportMatrix._run_mode(\n                       ^^^^^^^^^^^^^^^^^^^^^^^^\n  File ""tools/support_matrix/support_matrix.py"", line 814, in _run_mode\n    pareto_df = task.run()\n                ^^^^^^^^^^\n  File ""src/aiconfigurator/sdk/task_v2.py"", line 1588, in run\n    self.validate()\n  File ""src/aiconfigurator/sdk/task_v2.py"", line 1237, in validate\n    self._validate_database_quant_modes()\n  File ""src/aiconfigurator/sdk/task_v2.py"", line 1286, in _validate_database_quant_modes\n    self._check_role_against_db(""agg"", validate_context=True, validate_generation=True)\n  File ""src/aiconfigurator/sdk/task_v2.py"", line 1386, in _check_role_against_db\n    _check(""gemm"", self._role_attr(role, ""gemm_quant_mode""))\n  File ""src/aiconfigurator/sdk/task_v2.py"", line 1379, in _check\n    raise exc_type(\nValueError: Unsupported gemm quant mode 'fp8_block' for system='b60', backend='vllm', version='0.12.0'. Supported gemm modes: ['bfloat16', 'fp8']\n",uv run aiconfigurator cli default --model-path sgl-project/DeepSeek-V4-Pro-FP8 --total-gpus 128 --system b60 --backend vllm --backend-version 0.12.0 --database-mode SILICON --isl 256 --osl 256 --prefix 128 --ttft 2000000.0 --tpot 50000.0 --top-n 1 --no-color,
sgl-project/DeepSeek-V4-Pro-FP8,DeepseekV4ForCausalLM,b60,vllm,0.12.0,disagg,FAIL,"Traceback (most recent call last):\n  File ""tools/support_matrix/support_matrix.py"", line 925, in _attempt\n    python_pareto_df = SupportMatrix._run_mode(\n                       ^^^^^^^^^^^^^^^^^^^^^^^^\n  File ""tools/support_matrix/support_matrix.py"", line 814, in _run_mode\n    pareto_df = task.run()\n                ^^^^^^^^^^\n  File ""src/aiconfigurator/sdk/task_v2.py"", line 1588, in run\n    self.validate()\n  File ""src/aiconfigurator/sdk/task_v2.py"", line 1237, in validate\n    self._validate_database_quant_modes()\n  File ""src/aiconfigurator/sdk/task_v2.py"", line 1288, in _validate_database_quant_modes\n    self._check_role_against_db(""prefill"", validate_context=True, validate_generation=False)\n  File ""src/aiconfigurator/sdk/task_v2.py"", line 1386, in _check_role_against_db\n    _check(""gemm"", self._role_attr(role, ""gemm_quant_mode""))\n  File ""src/aiconfigurator/sdk/task_v2.py"", line 1379, in _check\n    raise exc_type(\nValueError: Unsupported gemm quant mode 'fp8_block' for system='b60', backend='vllm', version='0.12.0'. Supported gemm modes: ['bfloat16', 'fp8']\n",uv run aiconfigurator cli default --model-path sgl-project/DeepSeek-V4-Pro-FP8 --total-gpus 128 --system b60 --backend vllm --backend-version 0.12.0 --database-mode SILICON --isl 256 --osl 256 --prefix 128 --ttft 2000000.0 --tpot 50000.0 --top-n 1 --no-color,
sgl-project/DeepSeek-V4-Pro-FP8,DeepseekV4ForCausalLM,b60,vllm,0.20.0,agg,FAIL,"Traceback (most recent call last):\n  File ""tools/support_matrix/support_matrix.py"", line 925, in _attempt\n    python_pareto_df = SupportMatrix._run_mode(\n                       ^^^^^^^^^^^^^^^^^^^^^^^^\n  File ""tools/support_matrix/support_matrix.py"", line 814, in _run_mode\n    pareto_df = task.run()\n                ^^^^^^^^^^\n  File ""src/aiconfigurator/sdk/task_v2.py"", line 1588, in run\n    self.validate()\n  File ""src/aiconfigurator/sdk/task_v2.py"", line 1237, in validate\n    self._validate_database_quant_modes()\n  File ""src/aiconfigurator/sdk/task_v2.py"", line 1286, in _validate_database_quant_modes\n    self._check_role_against_db(""agg"", validate_context=True, validate_generation=True)\n  File ""src/aiconfigurator/sdk/task_v2.py"", line 1386, in _check_role_against_db\n    _check(""gemm"", self._role_attr(role, ""gemm_quant_mode""))\n  File ""src/aiconfigurator/sdk/task_v2.py"", line 1379, in _check\n    raise exc_type(\nValueError: Unsupported gemm quant mode 'fp8_block' for system='b60', backend='vllm', version='0.20.0'. Supported gemm modes: ['bfloat16', 'fp8']\n",uv run aiconfigurator cli default --model-path sgl-project/DeepSeek-V4-Pro-FP8 --total-gpus 128 --system b60 --backend vllm --backend-version 0.20.0 --database-mode SILICON --isl 256 --osl 256 --prefix 128 --ttft 2000000.0 --tpot 50000.0 --top-n 1 --no-color,
sgl-project/DeepSeek-V4-Pro-FP8,DeepseekV4ForCausalLM,b60,vllm,0.20.0,disagg,FAIL,"Traceback (most recent call last):\n  File ""tools/support_matrix/support_matrix.py"", line 925, in _attempt\n    python_pareto_df = SupportMatrix._run_mode(\n                       ^^^^^^^^^^^^^^^^^^^^^^^^\n  File ""tools/support_matrix/support_matrix.py"", line 814, in _run_mode\n    pareto_df = task.run()\n                ^^^^^^^^^^\n  File ""src/aiconfigurator/sdk/task_v2.py"", line 1588, in run\n    self.validate()\n  File ""src/aiconfigurator/sdk/task_v2.py"", line 1237, in validate\n    self._validate_database_quant_modes()\n  File ""src/aiconfigurator/sdk/task_v2.py"", line 1288, in _validate_database_quant_modes\n    self._check_role_against_db(""prefill"", validate_context=True, validate_generation=False)\n  File ""src/aiconfigurator/sdk/task_v2.py"", line 1386, in _check_role_against_db\n    _check(""gemm"", self._role_attr(role, ""gemm_quant_mode""))\n  File ""src/aiconfigurator/sdk/task_v2.py"", line 1379, in _check\n    raise exc_type(\nValueError: Unsupported gemm quant mode 'fp8_block' for system='b60', backend='vllm', version='0.20.0'. Supported gemm modes: ['bfloat16', 'fp8']\n",uv run aiconfigurator cli default --model-path sgl-project/DeepSeek-V4-Pro-FP8 --total-gpus 128 --system b60 --backend vllm --backend-version 0.20.0 --database-mode SILICON --isl 256 --osl 256 --prefix 128 --ttft 2000000.0 --tpot 50000.0 --top-n 1 --no-color,
zai-org/GLM-5.2,GlmMoeDsaForCausalLM,b60,vllm,0.12.0,agg,FAIL,"Traceback (most recent call last):\n  File ""aic-core/src/aiconfigurator_core/sdk/operations/dsa.py"", line 692, in _query_context_dsa_module_table\n    dsa_dict = util_empirical.require_data_slice(\n               ^^^^^^^^^^^^^^^^^^^^^^^^^^^^^^^^^^\n  File ""aic-core/src/aiconfigurator_core/sdk/operations/util_empirical.py"", line 223, in require_data_slice\n    if key not in node:\n       ^^^^^^^^^^^^^^^\n  File ""aic-core/src/aiconfigurator_core/sdk/perf_database.py"", line 1516, in __contains__\n    self.raise_if_not_loaded()\n  File ""aic-core/src/aiconfigurator_core/sdk/perf_database.py"", line 1498, in raise_if_not_loaded\n    raise PerfDataNotAvailableError(\naiconfigurator_core.sdk.errors.PerfDataNotAvailableError: Error loading silicon data for op PerfDataFilename.dsa_context_module: File does not exist at aic-core/src/aiconfigurator_core/systems/data/b60/vllm/0.12.0/dsa_context_module_perf.parquet. This combination of model, system, backend, and backend version is not supported by AIC in SILICON mode.\n\nThe above exception was the direct cause of the following exception:\n\nTraceback (most recent call last):\n  File ""src/aiconfigurator/sdk/sweep.py"", line 485, in sweep_agg\n    point_df, point_saw_model_fit, point_saw_memory_fit = _sweep_one_parallel_agg(\n                                                          ^^^^^^^^^^^^^^^^^^^^^^^^\n  File ""src/aiconfigurator/sdk/sweep.py"", line 335, in _sweep_one_parallel_agg\n    summary = predict_agg_worker(\n              ^^^^^^^^^^^^^^^^^^^\n  File ""src/aiconfigurator/sdk/predict.py"", line 143, in predict_agg_worker\n    summary = (predictor or DEFAULT_PREDICTOR).predict_agg_worker(\n              ^^^^^^^^^^^^^^^^^^^^^^^^^^^^^^^^^^^^^^^^^^^^^^^^^^^^\n  File ""src/aiconfigurator/sdk/predictor.py"", line 118, in predict_agg_worker\n    return backend.run_agg(\n           ^^^^^^^^^^^^^^^^\n  File ""aic-core/src/aiconfigurator_core/sdk/backends/base_backend.py"", line 1466, in run_agg\n    mix_step_estimate = self.run_mixed(\n                        ^^^^^^^^^^^^^^^\n  File ""aic-core/src/aiconfigurator_core/sdk/backends/base_backend.py"", line 1147, in run_mixed\n    summary = self.run_static(\n              ^^^^^^^^^^^^^^^^\n  File ""aic-core/src/aiconfigurator_core/sdk/backends/base_backend.py"", line 685, in run_static\n    ) = self._run_static_breakdown(\n        ^^^^^^^^^^^^^^^^^^^^^^^^^^^\n  File ""aic-core/src/aiconfigurator_core/sdk/backends/base_backend.py"", line 503, in _run_static_breakdown\n    context_latency_dict, context_energy_wms_dict, context_source_dict = self._run_context_phase(\n                                                                         ^^^^^^^^^^^^^^^^^^^^^^^^\n  File ""aic-core/src/aiconfigurator_core/sdk/backends/base_backend.py"", line 338, in _run_context_phase\n    result = op.query(\n             ^^^^^^^^^\n  File ""aic-core/src/aiconfigurator_core/sdk/operations/dsa.py"", line 811, in query\n    full = _q(False)\n           ^^^^^^^^^\n  File ""aic-core/src/aiconfigurator_core/sdk/operations/dsa.py"", line 799, in _q\n    return database.query_context_dsa_module(\n           ^^^^^^^^^^^^^^^^^^^^^^^^^^^^^^^^^^\n  File ""aic-core/src/aiconfigurator_core/sdk/perf_database.py"", line 3197, in query_context_dsa_module\n    return ContextDSAModule._query_context_dsa_module_table(\n           ^^^^^^^^^^^^^^^^^^^^^^^^^^^^^^^^^^^^^^^^^^^^^^^^^\n  File ""aic-core/src/aiconfigurator_core/sdk/operations/dsa.py"", line 700, in _query_context_dsa_module_table\n    raise missing_context_dsa_error() from exc\naiconfigurator_core.sdk.errors.PerfDataNotAvailableError: Context DSA module data not available for system='b60', backend='vllm', version='0.12.0', architecture='GlmMoeDsaForCausalLM', fmha_quant_mode=FMHAQuantMode.bfloat16, kvcache_quant_mode=KVCacheQuantMode.bfloat16, gemm_quant_mode=GEMMQuantMode.bfloat16, num_heads=8, s=128.0, prefix=128.0, b=1. Missing silicon data for the requested lookup.\n\nThe above exception was the direct cause of the following exception:\n\nTraceback (most recent call last):\n  File ""tools/support_matrix/support_matrix.py"", line 925, in _attempt\n    python_pareto_df = SupportMatrix._run_mode(\n                       ^^^^^^^^^^^^^^^^^^^^^^^^\n  File ""tools/support_matrix/support_matrix.py"", line 814, in _run_mode\n    pareto_df = task.run()\n                ^^^^^^^^^^\n  File ""src/aiconfigurator/sdk/task_v2.py"", line 1595, in run\n    return sweep_agg(\n           ^^^^^^^^^^\n  File ""src/aiconfigurator/sdk/sweep.py"", line 526, in sweep_agg\n    raise RuntimeError(\nRuntimeError: sweep_agg: no results for any parallel configuration. Last exception: Context DSA module data not available for system='b60', backend='vllm', version='0.12.0', architecture='GlmMoeDsaForCausalLM', fmha_quant_mode=FMHAQuantMode.bfloat16, kvcache_quant_mode=KVCacheQuantMode.bfloat16, gemm_quant_mode=GEMMQuantMode.bfloat16, num_heads=8, s=128.0, prefix=128.0, b=1. Missing silicon data for the requested lookup.\n",uv run aiconfigurator cli default --model-path zai-org/GLM-5.2 --total-gpus 128 --system b60 --backend vllm --backend-version 0.12.0 --database-mode SILICON --isl 256 --osl 256 --prefix 128 --ttft 2000000.0 --tpot 50000.0 --top-n 1 --no-color,
zai-org/GLM-5.2,GlmMoeDsaForCausalLM,b60,vllm,0.12.0,disagg,FAIL,"Traceback (most recent call last):\n  File ""aic-core/src/aiconfigurator_core/sdk/operations/dsa.py"", line 692, in _query_context_dsa_module_table\n    dsa_dict = util_empirical.require_data_slice(\n               ^^^^^^^^^^^^^^^^^^^^^^^^^^^^^^^^^^\n  File ""aic-core/src/aiconfigurator_core/sdk/operations/util_empirical.py"", line 223, in require_data_slice\n    if key not in node:\n       ^^^^^^^^^^^^^^^\n  File ""aic-core/src/aiconfigurator_core/sdk/perf_database.py"", line 1516, in __contains__\n    self.raise_if_not_loaded()\n  File ""aic-core/src/aiconfigurator_core/sdk/perf_database.py"", line 1498, in raise_if_not_loaded\n    raise PerfDataNotAvailableError(\naiconfigurator_core.sdk.errors.PerfDataNotAvailableError: Error loading silicon data for op PerfDataFilename.dsa_context_module: File does not exist at aic-core/src/aiconfigurator_core/systems/data/b60/vllm/0.12.0/dsa_context_module_perf.parquet. This combination of model, system, backend, and backend version is not supported by AIC in SILICON mode.\n\nThe above exception was the direct cause of the following exception:\n\nTraceback (most recent call last):\n  File ""src/aiconfigurator/sdk/sweep.py"", line 603, in _get_disagg_worker_candidates\n    summary = predict_disagg_worker(\n              ^^^^^^^^^^^^^^^^^^^^^^\n  File ""src/aiconfigurator/sdk/predict.py"", line 91, in predict_disagg_worker\n    summary = (predictor or DEFAULT_PREDICTOR).predict_disagg_worker(\n              ^^^^^^^^^^^^^^^^^^^^^^^^^^^^^^^^^^^^^^^^^^^^^^^^^^^^^^^\n  File ""src/aiconfigurator/sdk/predictor.py"", line 139, in predict_disagg_worker\n    return backend.run_static(\n           ^^^^^^^^^^^^^^^^^^^\n  File ""aic-core/src/aiconfigurator_core/sdk/backends/base_backend.py"", line 685, in run_static\n    ) = self._run_static_breakdown(\n        ^^^^^^^^^^^^^^^^^^^^^^^^^^^\n  File ""aic-core/src/aiconfigurator_core/sdk/backends/base_backend.py"", line 503, in _run_static_breakdown\n    context_latency_dict, context_energy_wms_dict, context_source_dict = self._run_context_phase(\n                                                                         ^^^^^^^^^^^^^^^^^^^^^^^^\n  File ""aic-core/src/aiconfigurator_core/sdk/backends/base_backend.py"", line 338, in _run_context_phase\n    result = op.query(\n             ^^^^^^^^^\n  File ""aic-core/src/aiconfigurator_core/sdk/operations/dsa.py"", line 811, in query\n    full = _q(False)\n           ^^^^^^^^^\n  File ""aic-core/src/aiconfigurator_core/sdk/operations/dsa.py"", line 799, in _q\n    return database.query_context_dsa_module(\n           ^^^^^^^^^^^^^^^^^^^^^^^^^^^^^^^^^^\n  File ""aic-core/src/aiconfigurator_core/sdk/perf_database.py"", line 3197, in query_context_dsa_module\n    return ContextDSAModule._query_context_dsa_module_table(\n           ^^^^^^^^^^^^^^^^^^^^^^^^^^^^^^^^^^^^^^^^^^^^^^^^^\n  File ""aic-core/src/aiconfigurator_core/sdk/operations/dsa.py"", line 700, in _query_context_dsa_module_table\n    raise missing_context_dsa_error() from exc\naiconfigurator_core.sdk.errors.PerfDataNotAvailableError: Context DSA module data not available for system='b60', backend='vllm', version='0.12.0', architecture='GlmMoeDsaForCausalLM', fmha_quant_mode=FMHAQuantMode.bfloat16, kvcache_quant_mode=KVCacheQuantMode.bfloat16, gemm_quant_mode=GEMMQuantMode.bfloat16, num_heads=8, s=128, prefix=128, b=1. Missing silicon data for the requested lookup.\n\nThe above exception was the direct cause of the following exception:\n\nTraceback (most recent call last):\n  File ""tools/support_matrix/support_matrix.py"", line 925, in _attempt\n    python_pareto_df = SupportMatrix._run_mode(\n                       ^^^^^^^^^^^^^^^^^^^^^^^^\n  File ""tools/support_matrix/support_matrix.py"", line 814, in _run_mode\n    pareto_df = task.run()\n                ^^^^^^^^^^\n  File ""src/aiconfigurator/sdk/task_v2.py"", line 1607, in run\n    return sweep_disagg(\n           ^^^^^^^^^^^^^\n  File ""src/aiconfigurator/sdk/sweep.py"", line 850, in sweep_disagg\n    prefill_summary_df = _get_disagg_worker_candidates(\n                         ^^^^^^^^^^^^^^^^^^^^^^^^^^^^^^\n  File ""src/aiconfigurator/sdk/sweep.py"", line 642, in _get_disagg_worker_candidates\n    raise RuntimeError(\nRuntimeError: sweep_disagg/prefill: no results for any parallel config. Last exception: Context DSA module data not available for system='b60', backend='vllm', version='0.12.0', architecture='GlmMoeDsaForCausalLM', fmha_quant_mode=FMHAQuantMode.bfloat16, kvcache_quant_mode=KVCacheQuantMode.bfloat16, gemm_quant_mode=GEMMQuantMode.bfloat16, num_heads=8, s=128, prefix=128, b=1. Missing silicon data for the requested lookup.\n",uv run aiconfigurator cli default --model-path zai-org/GLM-5.2 --total-gpus 128 --system b60 --backend vllm --backend-version 0.12.0 --database-mode SILICON --isl 256 --osl 256 --prefix 128 --ttft 2000000.0 --tpot 50000.0 --top-n 1 --no-color,
zai-org/GLM-5.2,GlmMoeDsaForCausalLM,b60,vllm,0.20.0,agg,FAIL,"Traceback (most recent call last):\n  File ""aic-core/src/aiconfigurator_core/sdk/operations/dsa.py"", line 692, in _query_context_dsa_module_table\n    dsa_dict = util_empirical.require_data_slice(\n               ^^^^^^^^^^^^^^^^^^^^^^^^^^^^^^^^^^\n  File ""aic-core/src/aiconfigurator_core/sdk/operations/util_empirical.py"", line 223, in require_data_slice\n    if key not in node:\n       ^^^^^^^^^^^^^^^\n  File ""aic-core/src/aiconfigurator_core/sdk/perf_database.py"", line 1516, in __contains__\n    self.raise_if_not_loaded()\n  File ""aic-core/src/aiconfigurator_core/sdk/perf_database.py"", line 1498, in raise_if_not_loaded\n    raise PerfDataNotAvailableError(\naiconfigurator_core.sdk.errors.PerfDataNotAvailableError: Error loading silicon data for op PerfDataFilename.dsa_context_module: File does not exist at aic-core/src/aiconfigurator_core/systems/data/b60/vllm/0.20.0/dsa_context_module_perf.parquet. This combination of model, system, backend, and backend version is not supported by AIC in SILICON mode.\n\nThe above exception was the direct cause of the following exception:\n\nTraceback (most recent call last):\n  File ""src/aiconfigurator/sdk/sweep.py"", line 485, in sweep_agg\n    point_df, point_saw_model_fit, point_saw_memory_fit = _sweep_one_parallel_agg(\n                                                          ^^^^^^^^^^^^^^^^^^^^^^^^\n  File ""src/aiconfigurator/sdk/sweep.py"", line 335, in _sweep_one_parallel_agg\n    summary = predict_agg_worker(\n              ^^^^^^^^^^^^^^^^^^^\n  File ""src/aiconfigurator/sdk/predict.py"", line 143, in predict_agg_worker\n    summary = (predictor or DEFAULT_PREDICTOR).predict_agg_worker(\n              ^^^^^^^^^^^^^^^^^^^^^^^^^^^^^^^^^^^^^^^^^^^^^^^^^^^^\n  File ""src/aiconfigurator/sdk/predictor.py"", line 118, in predict_agg_worker\n    return backend.run_agg(\n           ^^^^^^^^^^^^^^^^\n  File ""aic-core/src/aiconfigurator_core/sdk/backends/base_backend.py"", line 1466, in run_agg\n    mix_step_estimate = self.run_mixed(\n                        ^^^^^^^^^^^^^^^\n  File ""aic-core/src/aiconfigurator_core/sdk/backends/base_backend.py"", line 1147, in run_mixed\n    summary = self.run_static(\n              ^^^^^^^^^^^^^^^^\n  File ""aic-core/src/aiconfigurator_core/sdk/backends/base_backend.py"", line 685, in run_static\n    ) = self._run_static_breakdown(\n        ^^^^^^^^^^^^^^^^^^^^^^^^^^^\n  File ""aic-core/src/aiconfigurator_core/sdk/backends/base_backend.py"", line 503, in _run_static_breakdown\n    context_latency_dict, context_energy_wms_dict, context_source_dict = self._run_context_phase(\n                                                                         ^^^^^^^^^^^^^^^^^^^^^^^^\n  File ""aic-core/src/aiconfigurator_core/sdk/backends/base_backend.py"", line 338, in _run_context_phase\n    result = op.query(\n             ^^^^^^^^^\n  File ""aic-core/src/aiconfigurator_core/sdk/operations/dsa.py"", line 811, in query\n    full = _q(False)\n           ^^^^^^^^^\n  File ""aic-core/src/aiconfigurator_core/sdk/operations/dsa.py"", line 799, in _q\n    return database.query_context_dsa_module(\n           ^^^^^^^^^^^^^^^^^^^^^^^^^^^^^^^^^^\n  File ""aic-core/src/aiconfigurator_core/sdk/perf_database.py"", line 3197, in query_context_dsa_module\n    return ContextDSAModule._query_context_dsa_module_table(\n           ^^^^^^^^^^^^^^^^^^^^^^^^^^^^^^^^^^^^^^^^^^^^^^^^^\n  File ""aic-core/src/aiconfigurator_core/sdk/operations/dsa.py"", line 700, in _query_context_dsa_module_table\n    raise missing_context_dsa_error() from exc\naiconfigurator_core.sdk.errors.PerfDataNotAvailableError: Context DSA module data not available for system='b60', backend='vllm', version='0.20.0', architecture='GlmMoeDsaForCausalLM', fmha_quant_mode=FMHAQuantMode.bfloat16, kvcache_quant_mode=KVCacheQuantMode.bfloat16, gemm_quant_mode=GEMMQuantMode.bfloat16, num_heads=8, s=128.0, prefix=128.0, b=1. Missing silicon data for the requested lookup.\n\nThe above exception was the direct cause of the following exception:\n\nTraceback (most recent call last):\n  File ""tools/support_matrix/support_matrix.py"", line 925, in _attempt\n    python_pareto_df = SupportMatrix._run_mode(\n                       ^^^^^^^^^^^^^^^^^^^^^^^^\n  File ""tools/support_matrix/support_matrix.py"", line 814, in _run_mode\n    pareto_df = task.run()\n                ^^^^^^^^^^\n  File ""src/aiconfigurator/sdk/task_v2.py"", line 1595, in run\n    return sweep_agg(\n           ^^^^^^^^^^\n  File ""src/aiconfigurator/sdk/sweep.py"", line 526, in sweep_agg\n    raise RuntimeError(\nRuntimeError: sweep_agg: no results for any parallel configuration. Last exception: Context DSA module data not available for system='b60', backend='vllm', version='0.20.0', architecture='GlmMoeDsaForCausalLM', fmha_quant_mode=FMHAQuantMode.bfloat16, kvcache_quant_mode=KVCacheQuantMode.bfloat16, gemm_quant_mode=GEMMQuantMode.bfloat16, num_heads=8, s=128.0, prefix=128.0, b=1. Missing silicon data for the requested lookup.\n",uv run aiconfigurator cli default --model-path zai-org/GLM-5.2 --total-gpus 128 --system b60 --backend vllm --backend-version 0.20.0 --database-mode SILICON --isl 256 --osl 256 --prefix 128 --ttft 2000000.0 --tpot 50000.0 --top-n 1 --no-color,
zai-org/GLM-5.2,GlmMoeDsaForCausalLM,b60,vllm,0.20.0,disagg,FAIL,"Traceback (most recent call last):\n  File ""aic-core/src/aiconfigurator_core/sdk/operations/dsa.py"", line 692, in _query_context_dsa_module_table\n    dsa_dict = util_empirical.require_data_slice(\n               ^^^^^^^^^^^^^^^^^^^^^^^^^^^^^^^^^^\n  File ""aic-core/src/aiconfigurator_core/sdk/operations/util_empirical.py"", line 223, in require_data_slice\n    if key not in node:\n       ^^^^^^^^^^^^^^^\n  File ""aic-core/src/aiconfigurator_core/sdk/perf_database.py"", line 1516, in __contains__\n    self.raise_if_not_loaded()\n  File ""aic-core/src/aiconfigurator_core/sdk/perf_database.py"", line 1498, in raise_if_not_loaded\n    raise PerfDataNotAvailableError(\naiconfigurator_core.sdk.errors.PerfDataNotAvailableError: Error loading silicon data for op PerfDataFilename.dsa_context_module: File does not exist at aic-core/src/aiconfigurator_core/systems/data/b60/vllm/0.20.0/dsa_context_module_perf.parquet. This combination of model, system, backend, and backend version is not supported by AIC in SILICON mode.\n\nThe above exception was the direct cause of the following exception:\n\nTraceback (most recent call last):\n  File ""src/aiconfigurator/sdk/sweep.py"", line 603, in _get_disagg_worker_candidates\n    summary = predict_disagg_worker(\n              ^^^^^^^^^^^^^^^^^^^^^^\n  File ""src/aiconfigurator/sdk/predict.py"", line 91, in predict_disagg_worker\n    summary = (predictor or DEFAULT_PREDICTOR).predict_disagg_worker(\n              ^^^^^^^^^^^^^^^^^^^^^^^^^^^^^^^^^^^^^^^^^^^^^^^^^^^^^^^\n  File ""src/aiconfigurator/sdk/predictor.py"", line 139, in predict_disagg_worker\n    return backend.run_static(\n           ^^^^^^^^^^^^^^^^^^^\n  File ""aic-core/src/aiconfigurator_core/sdk/backends/base_backend.py"", line 685, in run_static\n    ) = self._run_static_breakdown(\n        ^^^^^^^^^^^^^^^^^^^^^^^^^^^\n  File ""aic-core/src/aiconfigurator_core/sdk/backends/base_backend.py"", line 503, in _run_static_breakdown\n    context_latency_dict, context_energy_wms_dict, context_source_dict = self._run_context_phase(\n                                                                         ^^^^^^^^^^^^^^^^^^^^^^^^\n  File ""aic-core/src/aiconfigurator_core/sdk/backends/base_backend.py"", line 338, in _run_context_phase\n    result = op.query(\n             ^^^^^^^^^\n  File ""aic-core/src/aiconfigurator_core/sdk/operations/dsa.py"", line 811, in query\n    full = _q(False)\n           ^^^^^^^^^\n  File ""aic-core/src/aiconfigurator_core/sdk/operations/dsa.py"", line 799, in _q\n    return database.query_context_dsa_module(\n           ^^^^^^^^^^^^^^^^^^^^^^^^^^^^^^^^^^\n  File ""aic-core/src/aiconfigurator_core/sdk/perf_database.py"", line 3197, in query_context_dsa_module\n    return ContextDSAModule._query_context_dsa_module_table(\n           ^^^^^^^^^^^^^^^^^^^^^^^^^^^^^^^^^^^^^^^^^^^^^^^^^\n  File ""aic-core/src/aiconfigurator_core/sdk/operations/dsa.py"", line 700, in _query_context_dsa_module_table\n    raise missing_context_dsa_error() from exc\naiconfigurator_core.sdk.errors.PerfDataNotAvailableError: Context DSA module data not available for system='b60', backend='vllm', version='0.20.0', architecture='GlmMoeDsaForCausalLM', fmha_quant_mode=FMHAQuantMode.bfloat16, kvcache_quant_mode=KVCacheQuantMode.bfloat16, gemm_quant_mode=GEMMQuantMode.bfloat16, num_heads=8, s=128, prefix=128, b=1. Missing silicon data for the requested lookup.\n\nThe above exception was the direct cause of the following exception:\n\nTraceback (most recent call last):\n  File ""tools/support_matrix/support_matrix.py"", line 925, in _attempt\n    python_pareto_df = SupportMatrix._run_mode(\n                       ^^^^^^^^^^^^^^^^^^^^^^^^\n  File ""tools/support_matrix/support_matrix.py"", line 814, in _run_mode\n    pareto_df = task.run()\n                ^^^^^^^^^^\n  File ""src/aiconfigurator/sdk/task_v2.py"", line 1607, in run\n    return sweep_disagg(\n           ^^^^^^^^^^^^^\n  File ""src/aiconfigurator/sdk/sweep.py"", line 850, in sweep_disagg\n    prefill_summary_df = _get_disagg_worker_candidates(\n                         ^^^^^^^^^^^^^^^^^^^^^^^^^^^^^^\n  File ""src/aiconfigurator/sdk/sweep.py"", line 642, in _get_disagg_worker_candidates\n    raise RuntimeError(\nRuntimeError: sweep_disagg/prefill: no results for any parallel config. Last exception: Context DSA module data not available for system='b60', backend='vllm', version='0.20.0', architecture='GlmMoeDsaForCausalLM', fmha_quant_mode=FMHAQuantMode.bfloat16, kvcache_quant_mode=KVCacheQuantMode.bfloat16, gemm_quant_mode=GEMMQuantMode.bfloat16, num_heads=8, s=128, prefix=128, b=1. Missing silicon data for the requested lookup.\n",uv run aiconfigurator cli default --model-path zai-org/GLM-5.2 --total-gpus 128 --system b60 --backend vllm --backend-version 0.20.0 --database-mode SILICON --isl 256 --osl 256 --prefix 128 --ttft 2000000.0 --tpot 50000.0 --top-n 1 --no-color,
zai-org/GLM-5.2-FP8,GlmMoeDsaForCausalLM,b60,vllm,0.12.0,agg,FAIL,"Traceback (most recent call last):\n  File ""tools/support_matrix/support_matrix.py"", line 925, in _attempt\n    python_pareto_df = SupportMatrix._run_mode(\n                       ^^^^^^^^^^^^^^^^^^^^^^^^\n  File ""tools/support_matrix/support_matrix.py"", line 814, in _run_mode\n    pareto_df = task.run()\n                ^^^^^^^^^^\n  File ""src/aiconfigurator/sdk/task_v2.py"", line 1588, in run\n    self.validate()\n  File ""src/aiconfigurator/sdk/task_v2.py"", line 1237, in validate\n    self._validate_database_quant_modes()\n  File ""src/aiconfigurator/sdk/task_v2.py"", line 1286, in _validate_database_quant_modes\n    self._check_role_against_db(""agg"", validate_context=True, validate_generation=True)\n  File ""src/aiconfigurator/sdk/task_v2.py"", line 1386, in _check_role_against_db\n    _check(""gemm"", self._role_attr(role, ""gemm_quant_mode""))\n  File ""src/aiconfigurator/sdk/task_v2.py"", line 1379, in _check\n    raise exc_type(\nValueError: Unsupported gemm quant mode 'fp8_block' for system='b60', backend='vllm', version='0.12.0'. Supported gemm modes: ['bfloat16', 'fp8']\n",uv run aiconfigurator cli default --model-path zai-org/GLM-5.2-FP8 --total-gpus 128 --system b60 --backend vllm --backend-version 0.12.0 --database-mode SILICON --isl 256 --osl 256 --prefix 128 --ttft 2000000.0 --tpot 50000.0 --top-n 1 --no-color,
zai-org/GLM-5.2-FP8,GlmMoeDsaForCausalLM,b60,vllm,0.12.0,disagg,FAIL,"Traceback (most recent call last):\n  File ""tools/support_matrix/support_matrix.py"", line 925, in _attempt\n    python_pareto_df = SupportMatrix._run_mode(\n                       ^^^^^^^^^^^^^^^^^^^^^^^^\n  File ""tools/support_matrix/support_matrix.py"", line 814, in _run_mode\n    pareto_df = task.run()\n                ^^^^^^^^^^\n  File ""src/aiconfigurator/sdk/task_v2.py"", line 1588, in run\n    self.validate()\n  File ""src/aiconfigurator/sdk/task_v2.py"", line 1237, in validate\n    self._validate_database_quant_modes()\n  File ""src/aiconfigurator/sdk/task_v2.py"", line 1288, in _validate_database_quant_modes\n    self._check_role_against_db(""prefill"", validate_context=True, validate_generation=False)\n  File ""src/aiconfigurator/sdk/task_v2.py"", line 1386, in _check_role_against_db\n    _check(""gemm"", self._role_attr(role, ""gemm_quant_mode""))\n  File ""src/aiconfigurator/sdk/task_v2.py"", line 1379, in _check\n    raise exc_type(\nValueError: Unsupported gemm quant mode 'fp8_block' for system='b60', backend='vllm', version='0.12.0'. Supported gemm modes: ['bfloat16', 'fp8']\n",uv run aiconfigurator cli default --model-path zai-org/GLM-5.2-FP8 --total-gpus 128 --system b60 --backend vllm --backend-version 0.12.0 --database-mode SILICON --isl 256 --osl 256 --prefix 128 --ttft 2000000.0 --tpot 50000.0 --top-n 1 --no-color,
zai-org/GLM-5.2-FP8,GlmMoeDsaForCausalLM,b60,vllm,0.20.0,agg,FAIL,"Traceback (most recent call last):\n  File ""tools/support_matrix/support_matrix.py"", line 925, in _attempt\n    python_pareto_df = SupportMatrix._run_mode(\n                       ^^^^^^^^^^^^^^^^^^^^^^^^\n  File ""tools/support_matrix/support_matrix.py"", line 814, in _run_mode\n    pareto_df = task.run()\n                ^^^^^^^^^^\n  File ""src/aiconfigurator/sdk/task_v2.py"", line 1588, in run\n    self.validate()\n  File ""src/aiconfigurator/sdk/task_v2.py"", line 1237, in validate\n    self._validate_database_quant_modes()\n  File ""src/aiconfigurator/sdk/task_v2.py"", line 1286, in _validate_database_quant_modes\n    self._check_role_against_db(""agg"", validate_context=True, validate_generation=True)\n  File ""src/aiconfigurator/sdk/task_v2.py"", line 1386, in _check_role_against_db\n    _check(""gemm"", self._role_attr(role, ""gemm_quant_mode""))\n  File ""src/aiconfigurator/sdk/task_v2.py"", line 1379, in _check\n    raise exc_type(\nValueError: Unsupported gemm quant mode 'fp8_block' for system='b60', backend='vllm', version='0.20.0'. Supported gemm modes: ['bfloat16', 'fp8']\n",uv run aiconfigurator cli default --model-path zai-org/GLM-5.2-FP8 --total-gpus 128 --system b60 --backend vllm --backend-version 0.20.0 --database-mode SILICON --isl 256 --osl 256 --prefix 128 --ttft 2000000.0 --tpot 50000.0 --top-n 1 --no-color,
zai-org/GLM-5.2-FP8,GlmMoeDsaForCausalLM,b60,vllm,0.20.0,disagg,FAIL,"Traceback (most recent call last):\n  File ""tools/support_matrix/support_matrix.py"", line 925, in _attempt\n    python_pareto_df = SupportMatrix._run_mode(\n                       ^^^^^^^^^^^^^^^^^^^^^^^^\n  File ""tools/support_matrix/support_matrix.py"", line 814, in _run_mode\n    pareto_df = task.run()\n                ^^^^^^^^^^\n  File ""src/aiconfigurator/sdk/task_v2.py"", line 1588, in run\n    self.validate()\n  File ""src/aiconfigurator/sdk/task_v2.py"", line 1237, in validate\n    self._validate_database_quant_modes()\n  File ""src/aiconfigurator/sdk/task_v2.py"", line 1288, in _validate_database_quant_modes\n    self._check_role_against_db(""prefill"", validate_context=True, validate_generation=False)\n  File ""src/aiconfigurator/sdk/task_v2.py"", line 1386, in _check_role_against_db\n    _check(""gemm"", self._role_attr(role, ""gemm_quant_mode""))\n  File ""src/aiconfigurator/sdk/task_v2.py"", line 1379, in _check\n    raise exc_type(\nValueError: Unsupported gemm quant mode 'fp8_block' for system='b60', backend='vllm', version='0.20.0'. Supported gemm modes: ['bfloat16', 'fp8']\n",uv run aiconfigurator cli default --model-path zai-org/GLM-5.2-FP8 --total-gpus 128 --system b60 --backend vllm --backend-version 0.20.0 --database-mode SILICON --isl 256 --osl 256 --prefix 128 --ttft 2000000.0 --tpot 50000.0 --top-n 1 --no-color,
moonshotai/Kimi-K3,KimiK3ForConditionalGeneration,b60,vllm,0.12.0,agg,FAIL,"Traceback (most recent call last):\n  File ""tools/support_matrix/support_matrix.py"", line 925, in _attempt\n    python_pareto_df = SupportMatrix._run_mode(\n                       ^^^^^^^^^^^^^^^^^^^^^^^^\n  File ""tools/support_matrix/support_matrix.py"", line 814, in _run_mode\n    pareto_df = task.run()\n                ^^^^^^^^^^\n  File ""src/aiconfigurator/sdk/task_v2.py"", line 1668, in run\n    self.validate()\n  File ""src/aiconfigurator/sdk/task_v2.py"", line 1259, in validate\n    self._validate_database_quant_modes()\n  File ""src/aiconfigurator/sdk/task_v2.py"", line 1308, in _validate_database_quant_modes\n    self._check_role_against_db(""agg"", validate_context=True, validate_generation=True)\n  File ""src/aiconfigurator/sdk/task_v2.py"", line 1478, in _check_role_against_db\n    _check(""moe"", moe_mode, profile_transfer=True)\n  File ""src/aiconfigurator/sdk/task_v2.py"", line 1457, in _check\n    raise exc_type(\nValueError: Unsupported moe quant mode 'w4a16_mxfp4' for system='b60', backend='vllm', version='0.12.0'. Supported moe modes: ['bfloat16', 'fp8']\n",uv run aiconfigurator cli default --model-path moonshotai/Kimi-K3 --total-gpus 128 --system b60 --backend vllm --backend-version 0.12.0 --database-mode SILICON --isl 256 --osl 256 --prefix 128 --ttft 2000000.0 --tpot 50000.0 --top-n 1 --no-color,
moonshotai/Kimi-K3,KimiK3ForConditionalGeneration,b60,vllm,0.12.0,disagg,FAIL,"Traceback (most recent call last):\n  File ""tools/support_matrix/support_matrix.py"", line 925, in _attempt\n    python_pareto_df = SupportMatrix._run_mode(\n                       ^^^^^^^^^^^^^^^^^^^^^^^^\n  File ""tools/support_matrix/support_matrix.py"", line 814, in _run_mode\n    pareto_df = task.run()\n                ^^^^^^^^^^\n  File ""src/aiconfigurator/sdk/task_v2.py"", line 1668, in run\n    self.validate()\n  File ""src/aiconfigurator/sdk/task_v2.py"", line 1259, in validate\n    self._validate_database_quant_modes()\n  File ""src/aiconfigurator/sdk/task_v2.py"", line 1310, in _validate_database_quant_modes\n    self._check_role_against_db(""prefill"", validate_context=True, validate_generation=False)\n  File ""src/aiconfigurator/sdk/task_v2.py"", line 1478, in _check_role_against_db\n    _check(""moe"", moe_mode, profile_transfer=True)\n  File ""src/aiconfigurator/sdk/task_v2.py"", line 1457, in _check\n    raise exc_type(\nValueError: Unsupported moe quant mode 'w4a16_mxfp4' for system='b60', backend='vllm', version='0.12.0'. Supported moe modes: ['bfloat16', 'fp8']\n",uv run aiconfigurator cli default --model-path moonshotai/Kimi-K3 --total-gpus 128 --system b60 --backend vllm --backend-version 0.12.0 --database-mode SILICON --isl 256 --osl 256 --prefix 128 --ttft 2000000.0 --tpot 50000.0 --top-n 1 --no-color,
moonshotai/Kimi-K3,KimiK3ForConditionalGeneration,b60,vllm,0.20.0,agg,FAIL,"Traceback (most recent call last):\n  File ""src/aiconfigurator/sdk/sweep.py"", line 485, in sweep_agg\n    point_df, point_saw_model_fit, point_saw_memory_fit = _sweep_one_parallel_agg(\n                                                          ^^^^^^^^^^^^^^^^^^^^^^^^\n  File ""src/aiconfigurator/sdk/sweep.py"", line 335, in _sweep_one_parallel_agg\n    summary = predict_agg_worker(\n              ^^^^^^^^^^^^^^^^^^^\n  File ""src/aiconfigurator/sdk/predict.py"", line 143, in predict_agg_worker\n    summary = (predictor or DEFAULT_PREDICTOR).predict_agg_worker(\n              ^^^^^^^^^^^^^^^^^^^^^^^^^^^^^^^^^^^^^^^^^^^^^^^^^^^^\n  File ""src/aiconfigurator/sdk/predictor.py"", line 118, in predict_agg_worker\n    return backend.run_agg(\n           ^^^^^^^^^^^^^^^^\n  File ""aic-core/src/aiconfigurator_core/sdk/backends/base_backend.py"", line 1466, in run_agg\n    mix_step_estimate = self.run_mixed(\n                        ^^^^^^^^^^^^^^^\n  File ""aic-core/src/aiconfigurator_core/sdk/backends/base_backend.py"", line 1147, in run_mixed\n    summary = self.run_static(\n              ^^^^^^^^^^^^^^^^\n  File ""aic-core/src/aiconfigurator_core/sdk/backends/base_backend.py"", line 685, in run_static\n    ) = self._run_static_breakdown(\n        ^^^^^^^^^^^^^^^^^^^^^^^^^^^\n  File ""aic-core/src/aiconfigurator_core/sdk/backends/base_backend.py"", line 503, in _run_static_breakdown\n    context_latency_dict, context_energy_wms_dict, context_source_dict = self._run_context_phase(\n                                                                         ^^^^^^^^^^^^^^^^^^^^^^^^\n  File ""aic-core/src/aiconfigurator_core/sdk/backends/base_backend.py"", line 338, in _run_context_phase\n    result = op.query(\n             ^^^^^^^^^\n  File ""aic-core/src/aiconfigurator_core/sdk/operations/moe.py"", line 797, in query\n    result = database.query_moe(\n             ^^^^^^^^^^^^^^^^^^^\n  File ""aic-core/src/aiconfigurator_core/sdk/perf_database.py"", line 2909, in query_moe\n    return MoE._query_moe_table(\n           ^^^^^^^^^^^^^^^^^^^^^\n  File ""aic-core/src/aiconfigurator_core/sdk/operations/moe.py"", line 766, in _query_moe_table\n    return database._query_silicon_or_hybrid(\n           ^^^^^^^^^^^^^^^^^^^^^^^^^^^^^^^^^^\n  File ""aic-core/src/aiconfigurator_core/sdk/perf_database.py"", line 2543, in _query_silicon_or_hybrid\n    return get_silicon()\n           ^^^^^^^^^^^^^\n  File ""aic-core/src/aiconfigurator_core/sdk/operations/moe.py"", line 752, in get_silicon\n    moe_dict = util_empirical.require_data_slice(\n               ^^^^^^^^^^^^^^^^^^^^^^^^^^^^^^^^^^\n  File ""aic-core/src/aiconfigurator_core/sdk/operations/util_empirical.py"", line 224, in require_data_slice\n    raise PerfDataNotAvailableError(\naiconfigurator_core.sdk.errors.PerfDataNotAvailableError: Missing silicon data for the requested lookup; requested slice ('power_law_1.01', 16) is not available. Failed to query moe data for num_tokens=128.0, hidden_size=3584, inter_size=3072, topk=16, num_experts=896, moe_tp_size=8, moe_ep_size=1, quant_mode=<MoEQuantMode.w4a16_mxfp4: QuantMapping(memory=0.5, compute=1, name='w4a16_mxfp4', compute_dtype='bfloat16')>, workload_distribution='power_law_1.01'. Consider using HYBRID mode.\n\nThe above exception was the direct cause of the following exception:\n\nTraceback (most recent call last):\n  File ""tools/support_matrix/support_matrix.py"", line 925, in _attempt\n    python_pareto_df = SupportMatrix._run_mode(\n                       ^^^^^^^^^^^^^^^^^^^^^^^^\n  File ""tools/support_matrix/support_matrix.py"", line 814, in _run_mode\n    pareto_df = task.run()\n                ^^^^^^^^^^\n  File ""src/aiconfigurator/sdk/task_v2.py"", line 1675, in run\n    return sweep_agg(\n           ^^^^^^^^^^\n  File ""src/aiconfigurator/sdk/sweep.py"", line 526, in sweep_agg\n    raise RuntimeError(\nRuntimeError: sweep_agg: no results for any parallel configuration. Last exception: Missing silicon data for the requested lookup; requested slice ('power_law_1.01', 16) is not available. Failed to query moe data for num_tokens=128.0, hidden_size=3584, inter_size=3072, topk=16, num_experts=896, moe_tp_size=8, moe_ep_size=1, quant_mode=<MoEQuantMode.w4a16_mxfp4: QuantMapping(memory=0.5, compute=1, name='w4a16_mxfp4', compute_dtype='bfloat16')>, workload_distribution='power_law_1.01'. Consider using HYBRID mode.\n",uv run aiconfigurator cli default --model-path moonshotai/Kimi-K3 --total-gpus 128 --system b60 --backend vllm --backend-version 0.20.0 --database-mode SILICON --isl 256 --osl 256 --prefix 128 --ttft 2000000.0 --tpot 50000.0 --top-n 1 --no-color,
moonshotai/Kimi-K3,KimiK3ForConditionalGeneration,b60,vllm,0.20.0,disagg,FAIL,"Traceback (most recent call last):\n  File ""src/aiconfigurator/sdk/sweep.py"", line 603, in _get_disagg_worker_candidates\n    summary = predict_disagg_worker(\n              ^^^^^^^^^^^^^^^^^^^^^^\n  File ""src/aiconfigurator/sdk/predict.py"", line 91, in predict_disagg_worker\n    summary = (predictor or DEFAULT_PREDICTOR).predict_disagg_worker(\n              ^^^^^^^^^^^^^^^^^^^^^^^^^^^^^^^^^^^^^^^^^^^^^^^^^^^^^^^\n  File ""src/aiconfigurator/sdk/predictor.py"", line 139, in predict_disagg_worker\n    return backend.run_static(\n           ^^^^^^^^^^^^^^^^^^^\n  File ""aic-core/src/aiconfigurator_core/sdk/backends/base_backend.py"", line 685, in run_static\n    ) = self._run_static_breakdown(\n        ^^^^^^^^^^^^^^^^^^^^^^^^^^^\n  File ""aic-core/src/aiconfigurator_core/sdk/backends/base_backend.py"", line 503, in _run_static_breakdown\n    context_latency_dict, context_energy_wms_dict, context_source_dict = self._run_context_phase(\n                                                                         ^^^^^^^^^^^^^^^^^^^^^^^^\n  File ""aic-core/src/aiconfigurator_core/sdk/backends/base_backend.py"", line 338, in _run_context_phase\n    result = op.query(\n             ^^^^^^^^^\n  File ""aic-core/src/aiconfigurator_core/sdk/operations/moe.py"", line 797, in query\n    result = database.query_moe(\n             ^^^^^^^^^^^^^^^^^^^\n  File ""aic-core/src/aiconfigurator_core/sdk/perf_database.py"", line 2909, in query_moe\n    return MoE._query_moe_table(\n           ^^^^^^^^^^^^^^^^^^^^^\n  File ""aic-core/src/aiconfigurator_core/sdk/operations/moe.py"", line 766, in _query_moe_table\n    return database._query_silicon_or_hybrid(\n           ^^^^^^^^^^^^^^^^^^^^^^^^^^^^^^^^^^\n  File ""aic-core/src/aiconfigurator_core/sdk/perf_database.py"", line 2543, in _query_silicon_or_hybrid\n    return get_silicon()\n           ^^^^^^^^^^^^^\n  File ""aic-core/src/aiconfigurator_core/sdk/operations/moe.py"", line 752, in get_silicon\n    moe_dict = util_empirical.require_data_slice(\n               ^^^^^^^^^^^^^^^^^^^^^^^^^^^^^^^^^^\n  File ""aic-core/src/aiconfigurator_core/sdk/operations/util_empirical.py"", line 224, in require_data_slice\n    raise PerfDataNotAvailableError(\naiconfigurator_core.sdk.errors.PerfDataNotAvailableError: Missing silicon data for the requested lookup; requested slice ('power_law_1.01', 16) is not available. Failed to query moe data for num_tokens=128, hidden_size=3584, inter_size=3072, topk=16, num_experts=896, moe_tp_size=8, moe_ep_size=1, quant_mode=<MoEQuantMode.w4a16_mxfp4: QuantMapping(memory=0.5, compute=1, name='w4a16_mxfp4', compute_dtype='bfloat16')>, workload_distribution='power_law_1.01'. Consider using HYBRID mode.\n\nThe above exception was the direct cause of the following exception:\n\nTraceback (most recent call last):\n  File ""tools/support_matrix/support_matrix.py"", line 925, in _attempt\n    python_pareto_df = SupportMatrix._run_mode(\n                       ^^^^^^^^^^^^^^^^^^^^^^^^\n  File ""tools/support_matrix/support_matrix.py"", line 814, in _run_mode\n    pareto_df = task.run()\n                ^^^^^^^^^^\n  File ""src/aiconfigurator/sdk/task_v2.py"", line 1687, in run\n    return sweep_disagg(\n           ^^^^^^^^^^^^^\n  File ""src/aiconfigurator/sdk/sweep.py"", line 850, in sweep_disagg\n    prefill_summary_df = _get_disagg_worker_candidates(\n                         ^^^^^^^^^^^^^^^^^^^^^^^^^^^^^^\n  File ""src/aiconfigurator/sdk/sweep.py"", line 642, in _get_disagg_worker_candidates\n    raise RuntimeError(\nRuntimeError: sweep_disagg/prefill: no results for any parallel config. Last exception: Missing silicon data for the requested lookup; requested slice ('power_law_1.01', 16) is not available. Failed to query moe data for num_tokens=128, hidden_size=3584, inter_size=3072, topk=16, num_experts=896, moe_tp_size=8, moe_ep_size=1, quant_mode=<MoEQuantMode.w4a16_mxfp4: QuantMapping(memory=0.5, compute=1, name='w4a16_mxfp4', compute_dtype='bfloat16')>, workload_distribution='power_law_1.01'. Consider using HYBRID mode.\n",uv run aiconfigurator cli default --model-path moonshotai/Kimi-K3 --total-gpus 128 --system b60 --backend vllm --backend-version 0.20.0 --database-mode SILICON --isl 256 --osl 256 --prefix 128 --ttft 2000000.0 --tpot 50000.0 --top-n 1 --no-color,
