HuggingFaceID,Architecture,System,Backend,Version,Mode,Status,ErrMsg,Command,Source
MiniMaxAI/MiniMax-M2.7,MiniMaxM2ForCausalLM,gb300,sglang,0.5.10,agg,PASS,,uv run aiconfigurator cli default --model-path MiniMaxAI/MiniMax-M2.7 --total-gpus 128 --system gb300 --backend sglang --backend-version 0.5.10 --database-mode SILICON --isl 256 --osl 256 --prefix 128 --ttft 2000000.0 --tpot 50000.0 --top-n 1 --no-color,silicon
MiniMaxAI/MiniMax-M2.7,MiniMaxM2ForCausalLM,gb300,sglang,0.5.10,disagg,PASS,,uv run aiconfigurator cli default --model-path MiniMaxAI/MiniMax-M2.7 --total-gpus 128 --system gb300 --backend sglang --backend-version 0.5.10 --database-mode SILICON --isl 256 --osl 256 --prefix 128 --ttft 2000000.0 --tpot 50000.0 --top-n 1 --no-color,silicon
MiniMaxAI/MiniMax-M2.7,MiniMaxM2ForCausalLM,gb300,sglang,0.5.12,agg,PASS,,uv run aiconfigurator cli default --model-path MiniMaxAI/MiniMax-M2.7 --total-gpus 128 --system gb300 --backend sglang --backend-version 0.5.12 --database-mode SILICON --isl 256 --osl 256 --prefix 128 --ttft 2000000.0 --tpot 50000.0 --top-n 1 --no-color,silicon
MiniMaxAI/MiniMax-M2.7,MiniMaxM2ForCausalLM,gb300,sglang,0.5.12,disagg,PASS,,uv run aiconfigurator cli default --model-path MiniMaxAI/MiniMax-M2.7 --total-gpus 128 --system gb300 --backend sglang --backend-version 0.5.12 --database-mode SILICON --isl 256 --osl 256 --prefix 128 --ttft 2000000.0 --tpot 50000.0 --top-n 1 --no-color,silicon
MiniMaxAI/MiniMax-M2.7,MiniMaxM2ForCausalLM,gb300,sglang,0.5.14,agg,PASS,,uv run aiconfigurator cli default --model-path MiniMaxAI/MiniMax-M2.7 --total-gpus 128 --system gb300 --backend sglang --backend-version 0.5.14 --database-mode SILICON --isl 256 --osl 256 --prefix 128 --ttft 2000000.0 --tpot 50000.0 --top-n 1 --no-color,silicon
MiniMaxAI/MiniMax-M2.7,MiniMaxM2ForCausalLM,gb300,sglang,0.5.14,disagg,PASS,,uv run aiconfigurator cli default --model-path MiniMaxAI/MiniMax-M2.7 --total-gpus 128 --system gb300 --backend sglang --backend-version 0.5.14 --database-mode SILICON --isl 256 --osl 256 --prefix 128 --ttft 2000000.0 --tpot 50000.0 --top-n 1 --no-color,silicon
MiniMaxAI/MiniMax-M2.7,MiniMaxM2ForCausalLM,gb300,sglang,0.5.9,agg,PASS,,uv run aiconfigurator cli default --model-path MiniMaxAI/MiniMax-M2.7 --total-gpus 128 --system gb300 --backend sglang --backend-version 0.5.9 --database-mode SILICON --isl 256 --osl 256 --prefix 128 --ttft 2000000.0 --tpot 50000.0 --top-n 1 --no-color,silicon
MiniMaxAI/MiniMax-M2.7,MiniMaxM2ForCausalLM,gb300,sglang,0.5.9,disagg,PASS,,uv run aiconfigurator cli default --model-path MiniMaxAI/MiniMax-M2.7 --total-gpus 128 --system gb300 --backend sglang --backend-version 0.5.9 --database-mode SILICON --isl 256 --osl 256 --prefix 128 --ttft 2000000.0 --tpot 50000.0 --top-n 1 --no-color,silicon
MiniMaxAI/MiniMax-M2.7,MiniMaxM2ForCausalLM,gb300,trtllm,1.3.0rc10,agg,FAIL,"Traceback (most recent call last):\n  File ""tools/support_matrix/support_matrix.py"", line 925, in _attempt\n    python_pareto_df = SupportMatrix._run_mode(\n                       ^^^^^^^^^^^^^^^^^^^^^^^^\n  File ""tools/support_matrix/support_matrix.py"", line 814, in _run_mode\n    pareto_df = task.run()\n                ^^^^^^^^^^\n  File ""src/aiconfigurator/sdk/task_v2.py"", line 1588, in run\n    self.validate()\n  File ""src/aiconfigurator/sdk/task_v2.py"", line 1237, in validate\n    self._validate_database_quant_modes()\n  File ""src/aiconfigurator/sdk/task_v2.py"", line 1286, in _validate_database_quant_modes\n    self._check_role_against_db(""agg"", validate_context=True, validate_generation=True)\n  File ""src/aiconfigurator/sdk/task_v2.py"", line 1398, in _check_role_against_db\n    _check(""moe"", moe_mode, profile_transfer=True)\n  File ""src/aiconfigurator/sdk/task_v2.py"", line 1379, in _check\n    raise exc_type(\nValueError: Unsupported moe quant mode 'fp8_block' for system='gb300', backend='trtllm', version='1.3.0rc10'. Supported moe modes: ['bfloat16', 'fp8', 'nvfp4', 'w4a16_mxfp4', 'w4a8_mxfp4_mxfp8']\n",uv run aiconfigurator cli default --model-path MiniMaxAI/MiniMax-M2.7 --total-gpus 128 --system gb300 --backend trtllm --backend-version 1.3.0rc10 --database-mode SILICON --isl 256 --osl 256 --prefix 128 --ttft 2000000.0 --tpot 50000.0 --top-n 1 --no-color,
MiniMaxAI/MiniMax-M2.7,MiniMaxM2ForCausalLM,gb300,trtllm,1.3.0rc10,disagg,FAIL,"Traceback (most recent call last):\n  File ""tools/support_matrix/support_matrix.py"", line 925, in _attempt\n    python_pareto_df = SupportMatrix._run_mode(\n                       ^^^^^^^^^^^^^^^^^^^^^^^^\n  File ""tools/support_matrix/support_matrix.py"", line 814, in _run_mode\n    pareto_df = task.run()\n                ^^^^^^^^^^\n  File ""src/aiconfigurator/sdk/task_v2.py"", line 1588, in run\n    self.validate()\n  File ""src/aiconfigurator/sdk/task_v2.py"", line 1237, in validate\n    self._validate_database_quant_modes()\n  File ""src/aiconfigurator/sdk/task_v2.py"", line 1288, in _validate_database_quant_modes\n    self._check_role_against_db(""prefill"", validate_context=True, validate_generation=False)\n  File ""src/aiconfigurator/sdk/task_v2.py"", line 1398, in _check_role_against_db\n    _check(""moe"", moe_mode, profile_transfer=True)\n  File ""src/aiconfigurator/sdk/task_v2.py"", line 1379, in _check\n    raise exc_type(\nValueError: Unsupported moe quant mode 'fp8_block' for system='gb300', backend='trtllm', version='1.3.0rc10'. Supported moe modes: ['bfloat16', 'fp8', 'nvfp4', 'w4a16_mxfp4', 'w4a8_mxfp4_mxfp8']\n",uv run aiconfigurator cli default --model-path MiniMaxAI/MiniMax-M2.7 --total-gpus 128 --system gb300 --backend trtllm --backend-version 1.3.0rc10 --database-mode SILICON --isl 256 --osl 256 --prefix 128 --ttft 2000000.0 --tpot 50000.0 --top-n 1 --no-color,
MiniMaxAI/MiniMax-M2.7,MiniMaxM2ForCausalLM,gb300,trtllm,1.3.0rc15,agg,FAIL,"Traceback (most recent call last):\n  File ""tools/support_matrix/support_matrix.py"", line 925, in _attempt\n    python_pareto_df = SupportMatrix._run_mode(\n                       ^^^^^^^^^^^^^^^^^^^^^^^^\n  File ""tools/support_matrix/support_matrix.py"", line 814, in _run_mode\n    pareto_df = task.run()\n                ^^^^^^^^^^\n  File ""src/aiconfigurator/sdk/task_v2.py"", line 1588, in run\n    self.validate()\n  File ""src/aiconfigurator/sdk/task_v2.py"", line 1237, in validate\n    self._validate_database_quant_modes()\n  File ""src/aiconfigurator/sdk/task_v2.py"", line 1286, in _validate_database_quant_modes\n    self._check_role_against_db(""agg"", validate_context=True, validate_generation=True)\n  File ""src/aiconfigurator/sdk/task_v2.py"", line 1398, in _check_role_against_db\n    _check(""moe"", moe_mode, profile_transfer=True)\n  File ""src/aiconfigurator/sdk/task_v2.py"", line 1379, in _check\n    raise exc_type(\nValueError: Unsupported moe quant mode 'fp8_block' for system='gb300', backend='trtllm', version='1.3.0rc15'. Supported moe modes: ['bfloat16', 'fp8', 'nvfp4', 'w4a16_mxfp4', 'w4a8_mxfp4_mxfp8']\n",uv run aiconfigurator cli default --model-path MiniMaxAI/MiniMax-M2.7 --total-gpus 128 --system gb300 --backend trtllm --backend-version 1.3.0rc15 --database-mode SILICON --isl 256 --osl 256 --prefix 128 --ttft 2000000.0 --tpot 50000.0 --top-n 1 --no-color,
MiniMaxAI/MiniMax-M2.7,MiniMaxM2ForCausalLM,gb300,trtllm,1.3.0rc15,disagg,FAIL,"Traceback (most recent call last):\n  File ""tools/support_matrix/support_matrix.py"", line 925, in _attempt\n    python_pareto_df = SupportMatrix._run_mode(\n                       ^^^^^^^^^^^^^^^^^^^^^^^^\n  File ""tools/support_matrix/support_matrix.py"", line 814, in _run_mode\n    pareto_df = task.run()\n                ^^^^^^^^^^\n  File ""src/aiconfigurator/sdk/task_v2.py"", line 1588, in run\n    self.validate()\n  File ""src/aiconfigurator/sdk/task_v2.py"", line 1237, in validate\n    self._validate_database_quant_modes()\n  File ""src/aiconfigurator/sdk/task_v2.py"", line 1288, in _validate_database_quant_modes\n    self._check_role_against_db(""prefill"", validate_context=True, validate_generation=False)\n  File ""src/aiconfigurator/sdk/task_v2.py"", line 1398, in _check_role_against_db\n    _check(""moe"", moe_mode, profile_transfer=True)\n  File ""src/aiconfigurator/sdk/task_v2.py"", line 1379, in _check\n    raise exc_type(\nValueError: Unsupported moe quant mode 'fp8_block' for system='gb300', backend='trtllm', version='1.3.0rc15'. Supported moe modes: ['bfloat16', 'fp8', 'nvfp4', 'w4a16_mxfp4', 'w4a8_mxfp4_mxfp8']\n",uv run aiconfigurator cli default --model-path MiniMaxAI/MiniMax-M2.7 --total-gpus 128 --system gb300 --backend trtllm --backend-version 1.3.0rc15 --database-mode SILICON --isl 256 --osl 256 --prefix 128 --ttft 2000000.0 --tpot 50000.0 --top-n 1 --no-color,
MiniMaxAI/MiniMax-M2.7,MiniMaxM2ForCausalLM,gb300,trtllm,1.3.0rc20,agg,PASS,,uv run aiconfigurator cli default --model-path MiniMaxAI/MiniMax-M2.7 --total-gpus 128 --system gb300 --backend trtllm --backend-version 1.3.0rc20 --database-mode SILICON --isl 256 --osl 256 --prefix 128 --ttft 2000000.0 --tpot 50000.0 --top-n 1 --no-color,silicon
MiniMaxAI/MiniMax-M2.7,MiniMaxM2ForCausalLM,gb300,trtllm,1.3.0rc20,disagg,PASS,,uv run aiconfigurator cli default --model-path MiniMaxAI/MiniMax-M2.7 --total-gpus 128 --system gb300 --backend trtllm --backend-version 1.3.0rc20 --database-mode SILICON --isl 256 --osl 256 --prefix 128 --ttft 2000000.0 --tpot 50000.0 --top-n 1 --no-color,silicon
MiniMaxAI/MiniMax-M2.7,MiniMaxM2ForCausalLM,gb300,vllm,0.19.0,agg,PASS,,uv run aiconfigurator cli default --model-path MiniMaxAI/MiniMax-M2.7 --total-gpus 128 --system gb300 --backend vllm --backend-version 0.19.0 --database-mode SILICON --isl 256 --osl 256 --prefix 128 --ttft 2000000.0 --tpot 50000.0 --top-n 1 --no-color,silicon
MiniMaxAI/MiniMax-M2.7,MiniMaxM2ForCausalLM,gb300,vllm,0.19.0,disagg,PASS,,uv run aiconfigurator cli default --model-path MiniMaxAI/MiniMax-M2.7 --total-gpus 128 --system gb300 --backend vllm --backend-version 0.19.0 --database-mode SILICON --isl 256 --osl 256 --prefix 128 --ttft 2000000.0 --tpot 50000.0 --top-n 1 --no-color,silicon
MiniMaxAI/MiniMax-M2.7,MiniMaxM2ForCausalLM,gb300,vllm,0.22.0,agg,PASS,,uv run aiconfigurator cli default --model-path MiniMaxAI/MiniMax-M2.7 --total-gpus 128 --system gb300 --backend vllm --backend-version 0.22.0 --database-mode SILICON --isl 256 --osl 256 --prefix 128 --ttft 2000000.0 --tpot 50000.0 --top-n 1 --no-color,silicon
MiniMaxAI/MiniMax-M2.7,MiniMaxM2ForCausalLM,gb300,vllm,0.22.0,disagg,PASS,,uv run aiconfigurator cli default --model-path MiniMaxAI/MiniMax-M2.7 --total-gpus 128 --system gb300 --backend vllm --backend-version 0.22.0 --database-mode SILICON --isl 256 --osl 256 --prefix 128 --ttft 2000000.0 --tpot 50000.0 --top-n 1 --no-color,silicon
MiniMaxAI/MiniMax-M2.7,MiniMaxM2ForCausalLM,gb300,vllm,0.24.0,agg,PASS,,uv run aiconfigurator cli default --model-path MiniMaxAI/MiniMax-M2.7 --total-gpus 128 --system gb300 --backend vllm --backend-version 0.24.0 --database-mode SILICON --isl 256 --osl 256 --prefix 128 --ttft 2000000.0 --tpot 50000.0 --top-n 1 --no-color,silicon
MiniMaxAI/MiniMax-M2.7,MiniMaxM2ForCausalLM,gb300,vllm,0.24.0,disagg,PASS,,uv run aiconfigurator cli default --model-path MiniMaxAI/MiniMax-M2.7 --total-gpus 128 --system gb300 --backend vllm --backend-version 0.24.0 --database-mode SILICON --isl 256 --osl 256 --prefix 128 --ttft 2000000.0 --tpot 50000.0 --top-n 1 --no-color,silicon
MiniMaxAI/MiniMax-M3,MiniMaxM3ForCausalLM,gb300,sglang,0.5.10,agg,HYBRID_PASS,,uv run aiconfigurator cli default --model-path MiniMaxAI/MiniMax-M3 --total-gpus 128 --system gb300 --backend sglang --backend-version 0.5.10 --database-mode HYBRID --isl 256 --osl 256 --prefix 128 --ttft 2000000.0 --tpot 50000.0 --top-n 1 --no-color,xop
MiniMaxAI/MiniMax-M3,MiniMaxM3ForCausalLM,gb300,sglang,0.5.10,disagg,HYBRID_PASS,,uv run aiconfigurator cli default --model-path MiniMaxAI/MiniMax-M3 --total-gpus 128 --system gb300 --backend sglang --backend-version 0.5.10 --database-mode HYBRID --isl 256 --osl 256 --prefix 128 --ttft 2000000.0 --tpot 50000.0 --top-n 1 --no-color,xop
MiniMaxAI/MiniMax-M3,MiniMaxM3ForCausalLM,gb300,sglang,0.5.12,agg,HYBRID_PASS,,uv run aiconfigurator cli default --model-path MiniMaxAI/MiniMax-M3 --total-gpus 128 --system gb300 --backend sglang --backend-version 0.5.12 --database-mode HYBRID --isl 256 --osl 256 --prefix 128 --ttft 2000000.0 --tpot 50000.0 --top-n 1 --no-color,xop
MiniMaxAI/MiniMax-M3,MiniMaxM3ForCausalLM,gb300,sglang,0.5.12,disagg,HYBRID_PASS,,uv run aiconfigurator cli default --model-path MiniMaxAI/MiniMax-M3 --total-gpus 128 --system gb300 --backend sglang --backend-version 0.5.12 --database-mode HYBRID --isl 256 --osl 256 --prefix 128 --ttft 2000000.0 --tpot 50000.0 --top-n 1 --no-color,xop
MiniMaxAI/MiniMax-M3,MiniMaxM3ForCausalLM,gb300,sglang,0.5.14,agg,HYBRID_PASS,,uv run aiconfigurator cli default --model-path MiniMaxAI/MiniMax-M3 --total-gpus 128 --system gb300 --backend sglang --backend-version 0.5.14 --database-mode HYBRID --isl 256 --osl 256 --prefix 128 --ttft 2000000.0 --tpot 50000.0 --top-n 1 --no-color,xop
MiniMaxAI/MiniMax-M3,MiniMaxM3ForCausalLM,gb300,sglang,0.5.14,disagg,HYBRID_PASS,,uv run aiconfigurator cli default --model-path MiniMaxAI/MiniMax-M3 --total-gpus 128 --system gb300 --backend sglang --backend-version 0.5.14 --database-mode HYBRID --isl 256 --osl 256 --prefix 128 --ttft 2000000.0 --tpot 50000.0 --top-n 1 --no-color,xop
MiniMaxAI/MiniMax-M3,MiniMaxM3ForCausalLM,gb300,sglang,0.5.9,agg,FAIL,"Traceback (most recent call last):\n  File ""src/aiconfigurator/sdk/sweep.py"", line 485, in sweep_agg\n    point_df, point_saw_model_fit, point_saw_memory_fit = _sweep_one_parallel_agg(\n                                                          ^^^^^^^^^^^^^^^^^^^^^^^^\n  File ""src/aiconfigurator/sdk/sweep.py"", line 335, in _sweep_one_parallel_agg\n    summary = predict_agg_worker(\n              ^^^^^^^^^^^^^^^^^^^\n  File ""src/aiconfigurator/sdk/predict.py"", line 143, in predict_agg_worker\n    summary = (predictor or DEFAULT_PREDICTOR).predict_agg_worker(\n              ^^^^^^^^^^^^^^^^^^^^^^^^^^^^^^^^^^^^^^^^^^^^^^^^^^^^\n  File ""src/aiconfigurator/sdk/predictor.py"", line 118, in predict_agg_worker\n    return backend.run_agg(\n           ^^^^^^^^^^^^^^^^\n  File ""aic-core/src/aiconfigurator_core/sdk/backends/base_backend.py"", line 1466, in run_agg\n    mix_step_estimate = self.run_mixed(\n                        ^^^^^^^^^^^^^^^\n  File ""aic-core/src/aiconfigurator_core/sdk/backends/base_backend.py"", line 1147, in run_mixed\n    summary = self.run_static(\n              ^^^^^^^^^^^^^^^^\n  File ""aic-core/src/aiconfigurator_core/sdk/backends/base_backend.py"", line 685, in run_static\n    ) = self._run_static_breakdown(\n        ^^^^^^^^^^^^^^^^^^^^^^^^^^^\n  File ""aic-core/src/aiconfigurator_core/sdk/backends/base_backend.py"", line 503, in _run_static_breakdown\n    context_latency_dict, context_energy_wms_dict, context_source_dict = self._run_context_phase(\n                                                                         ^^^^^^^^^^^^^^^^^^^^^^^^\n  File ""aic-core/src/aiconfigurator_core/sdk/backends/base_backend.py"", line 338, in _run_context_phase\n    result = op.query(\n             ^^^^^^^^^\n  File ""aic-core/src/aiconfigurator_core/sdk/operations/msa.py"", line 272, in query\n    raise PerfDataNotAvailableError(""MSA has no silicon data; use HYBRID or EMPIRICAL."")\naiconfigurator_core.sdk.errors.PerfDataNotAvailableError: MSA has no silicon data; use HYBRID or EMPIRICAL.\n\nThe above exception was the direct cause of the following exception:\n\nTraceback (most recent call last):\n  File ""tools/support_matrix/support_matrix.py"", line 925, in _attempt\n    python_pareto_df = SupportMatrix._run_mode(\n                       ^^^^^^^^^^^^^^^^^^^^^^^^\n  File ""tools/support_matrix/support_matrix.py"", line 814, in _run_mode\n    pareto_df = task.run()\n                ^^^^^^^^^^\n  File ""src/aiconfigurator/sdk/task_v2.py"", line 1595, in run\n    return sweep_agg(\n           ^^^^^^^^^^\n  File ""src/aiconfigurator/sdk/sweep.py"", line 526, in sweep_agg\n    raise RuntimeError(\nRuntimeError: sweep_agg: no results for any parallel configuration. Last exception: MSA has no silicon data; use HYBRID or EMPIRICAL.\n",uv run aiconfigurator cli default --model-path MiniMaxAI/MiniMax-M3 --total-gpus 128 --system gb300 --backend sglang --backend-version 0.5.9 --database-mode SILICON --isl 256 --osl 256 --prefix 128 --ttft 2000000.0 --tpot 50000.0 --top-n 1 --no-color,
MiniMaxAI/MiniMax-M3,MiniMaxM3ForCausalLM,gb300,sglang,0.5.9,disagg,FAIL,"Traceback (most recent call last):\n  File ""src/aiconfigurator/sdk/sweep.py"", line 603, in _get_disagg_worker_candidates\n    summary = predict_disagg_worker(\n              ^^^^^^^^^^^^^^^^^^^^^^\n  File ""src/aiconfigurator/sdk/predict.py"", line 91, in predict_disagg_worker\n    summary = (predictor or DEFAULT_PREDICTOR).predict_disagg_worker(\n              ^^^^^^^^^^^^^^^^^^^^^^^^^^^^^^^^^^^^^^^^^^^^^^^^^^^^^^^\n  File ""src/aiconfigurator/sdk/predictor.py"", line 139, in predict_disagg_worker\n    return backend.run_static(\n           ^^^^^^^^^^^^^^^^^^^\n  File ""aic-core/src/aiconfigurator_core/sdk/backends/base_backend.py"", line 685, in run_static\n    ) = self._run_static_breakdown(\n        ^^^^^^^^^^^^^^^^^^^^^^^^^^^\n  File ""aic-core/src/aiconfigurator_core/sdk/backends/base_backend.py"", line 503, in _run_static_breakdown\n    context_latency_dict, context_energy_wms_dict, context_source_dict = self._run_context_phase(\n                                                                         ^^^^^^^^^^^^^^^^^^^^^^^^\n  File ""aic-core/src/aiconfigurator_core/sdk/backends/base_backend.py"", line 338, in _run_context_phase\n    result = op.query(\n             ^^^^^^^^^\n  File ""aic-core/src/aiconfigurator_core/sdk/operations/msa.py"", line 272, in query\n    raise PerfDataNotAvailableError(""MSA has no silicon data; use HYBRID or EMPIRICAL."")\naiconfigurator_core.sdk.errors.PerfDataNotAvailableError: MSA has no silicon data; use HYBRID or EMPIRICAL.\n\nThe above exception was the direct cause of the following exception:\n\nTraceback (most recent call last):\n  File ""tools/support_matrix/support_matrix.py"", line 925, in _attempt\n    python_pareto_df = SupportMatrix._run_mode(\n                       ^^^^^^^^^^^^^^^^^^^^^^^^\n  File ""tools/support_matrix/support_matrix.py"", line 814, in _run_mode\n    pareto_df = task.run()\n                ^^^^^^^^^^\n  File ""src/aiconfigurator/sdk/task_v2.py"", line 1607, in run\n    return sweep_disagg(\n           ^^^^^^^^^^^^^\n  File ""src/aiconfigurator/sdk/sweep.py"", line 850, in sweep_disagg\n    prefill_summary_df = _get_disagg_worker_candidates(\n                         ^^^^^^^^^^^^^^^^^^^^^^^^^^^^^^\n  File ""src/aiconfigurator/sdk/sweep.py"", line 642, in _get_disagg_worker_candidates\n    raise RuntimeError(\nRuntimeError: sweep_disagg/prefill: no results for any parallel config. Last exception: MSA has no silicon data; use HYBRID or EMPIRICAL.\n",uv run aiconfigurator cli default --model-path MiniMaxAI/MiniMax-M3 --total-gpus 128 --system gb300 --backend sglang --backend-version 0.5.9 --database-mode SILICON --isl 256 --osl 256 --prefix 128 --ttft 2000000.0 --tpot 50000.0 --top-n 1 --no-color,
MiniMaxAI/MiniMax-M3,MiniMaxM3ForCausalLM,gb300,trtllm,1.3.0rc10,agg,HYBRID_PASS,,uv run aiconfigurator cli default --model-path MiniMaxAI/MiniMax-M3 --total-gpus 128 --system gb300 --backend trtllm --backend-version 1.3.0rc10 --database-mode HYBRID --isl 256 --osl 256 --prefix 128 --ttft 2000000.0 --tpot 50000.0 --top-n 1 --no-color,xop
MiniMaxAI/MiniMax-M3,MiniMaxM3ForCausalLM,gb300,trtllm,1.3.0rc10,disagg,HYBRID_PASS,,uv run aiconfigurator cli default --model-path MiniMaxAI/MiniMax-M3 --total-gpus 128 --system gb300 --backend trtllm --backend-version 1.3.0rc10 --database-mode HYBRID --isl 256 --osl 256 --prefix 128 --ttft 2000000.0 --tpot 50000.0 --top-n 1 --no-color,xop
MiniMaxAI/MiniMax-M3,MiniMaxM3ForCausalLM,gb300,trtllm,1.3.0rc15,agg,HYBRID_PASS,,uv run aiconfigurator cli default --model-path MiniMaxAI/MiniMax-M3 --total-gpus 128 --system gb300 --backend trtllm --backend-version 1.3.0rc15 --database-mode HYBRID --isl 256 --osl 256 --prefix 128 --ttft 2000000.0 --tpot 50000.0 --top-n 1 --no-color,xop
MiniMaxAI/MiniMax-M3,MiniMaxM3ForCausalLM,gb300,trtllm,1.3.0rc15,disagg,HYBRID_PASS,,uv run aiconfigurator cli default --model-path MiniMaxAI/MiniMax-M3 --total-gpus 128 --system gb300 --backend trtllm --backend-version 1.3.0rc15 --database-mode HYBRID --isl 256 --osl 256 --prefix 128 --ttft 2000000.0 --tpot 50000.0 --top-n 1 --no-color,xop
MiniMaxAI/MiniMax-M3,MiniMaxM3ForCausalLM,gb300,trtllm,1.3.0rc20,agg,HYBRID_PASS,,uv run aiconfigurator cli default --model-path MiniMaxAI/MiniMax-M3 --total-gpus 128 --system gb300 --backend trtllm --backend-version 1.3.0rc20 --database-mode HYBRID --isl 256 --osl 256 --prefix 128 --ttft 2000000.0 --tpot 50000.0 --top-n 1 --no-color,xop
MiniMaxAI/MiniMax-M3,MiniMaxM3ForCausalLM,gb300,trtllm,1.3.0rc20,disagg,HYBRID_PASS,,uv run aiconfigurator cli default --model-path MiniMaxAI/MiniMax-M3 --total-gpus 128 --system gb300 --backend trtllm --backend-version 1.3.0rc20 --database-mode HYBRID --isl 256 --osl 256 --prefix 128 --ttft 2000000.0 --tpot 50000.0 --top-n 1 --no-color,xop
MiniMaxAI/MiniMax-M3,MiniMaxM3ForCausalLM,gb300,vllm,0.19.0,agg,HYBRID_PASS,,uv run aiconfigurator cli default --model-path MiniMaxAI/MiniMax-M3 --total-gpus 128 --system gb300 --backend vllm --backend-version 0.19.0 --database-mode HYBRID --isl 256 --osl 256 --prefix 128 --ttft 2000000.0 --tpot 50000.0 --top-n 1 --no-color,xop
MiniMaxAI/MiniMax-M3,MiniMaxM3ForCausalLM,gb300,vllm,0.19.0,disagg,HYBRID_PASS,,uv run aiconfigurator cli default --model-path MiniMaxAI/MiniMax-M3 --total-gpus 128 --system gb300 --backend vllm --backend-version 0.19.0 --database-mode HYBRID --isl 256 --osl 256 --prefix 128 --ttft 2000000.0 --tpot 50000.0 --top-n 1 --no-color,xop
MiniMaxAI/MiniMax-M3,MiniMaxM3ForCausalLM,gb300,vllm,0.22.0,agg,HYBRID_PASS,,uv run aiconfigurator cli default --model-path MiniMaxAI/MiniMax-M3 --total-gpus 128 --system gb300 --backend vllm --backend-version 0.22.0 --database-mode HYBRID --isl 256 --osl 256 --prefix 128 --ttft 2000000.0 --tpot 50000.0 --top-n 1 --no-color,xop
MiniMaxAI/MiniMax-M3,MiniMaxM3ForCausalLM,gb300,vllm,0.22.0,disagg,HYBRID_PASS,,uv run aiconfigurator cli default --model-path MiniMaxAI/MiniMax-M3 --total-gpus 128 --system gb300 --backend vllm --backend-version 0.22.0 --database-mode HYBRID --isl 256 --osl 256 --prefix 128 --ttft 2000000.0 --tpot 50000.0 --top-n 1 --no-color,xop
MiniMaxAI/MiniMax-M3,MiniMaxM3ForCausalLM,gb300,vllm,0.24.0,agg,HYBRID_PASS,,uv run aiconfigurator cli default --model-path MiniMaxAI/MiniMax-M3 --total-gpus 128 --system gb300 --backend vllm --backend-version 0.24.0 --database-mode HYBRID --isl 256 --osl 256 --prefix 128 --ttft 2000000.0 --tpot 50000.0 --top-n 1 --no-color,xop
MiniMaxAI/MiniMax-M3,MiniMaxM3ForCausalLM,gb300,vllm,0.24.0,disagg,HYBRID_PASS,,uv run aiconfigurator cli default --model-path MiniMaxAI/MiniMax-M3 --total-gpus 128 --system gb300 --backend vllm --backend-version 0.24.0 --database-mode HYBRID --isl 256 --osl 256 --prefix 128 --ttft 2000000.0 --tpot 50000.0 --top-n 1 --no-color,xop
Qwen/Qwen3-0.6B,Qwen3ForCausalLM,gb300,sglang,0.5.10,agg,PASS,,uv run aiconfigurator cli default --model-path Qwen/Qwen3-0.6B --total-gpus 4 --system gb300 --backend sglang --backend-version 0.5.10 --database-mode SILICON --isl 256 --osl 256 --prefix 128 --ttft 1500.0 --tpot 50.0 --top-n 1 --no-color,silicon
Qwen/Qwen3-0.6B,Qwen3ForCausalLM,gb300,sglang,0.5.10,disagg,PASS,,uv run aiconfigurator cli default --model-path Qwen/Qwen3-0.6B --total-gpus 4 --system gb300 --backend sglang --backend-version 0.5.10 --database-mode SILICON --isl 256 --osl 256 --prefix 128 --ttft 1500.0 --tpot 50.0 --top-n 1 --no-color,silicon
Qwen/Qwen3-0.6B,Qwen3ForCausalLM,gb300,sglang,0.5.12,agg,PASS,,uv run aiconfigurator cli default --model-path Qwen/Qwen3-0.6B --total-gpus 4 --system gb300 --backend sglang --backend-version 0.5.12 --database-mode SILICON --isl 256 --osl 256 --prefix 128 --ttft 1500.0 --tpot 50.0 --top-n 1 --no-color,silicon
Qwen/Qwen3-0.6B,Qwen3ForCausalLM,gb300,sglang,0.5.12,disagg,PASS,,uv run aiconfigurator cli default --model-path Qwen/Qwen3-0.6B --total-gpus 4 --system gb300 --backend sglang --backend-version 0.5.12 --database-mode SILICON --isl 256 --osl 256 --prefix 128 --ttft 1500.0 --tpot 50.0 --top-n 1 --no-color,silicon
Qwen/Qwen3-0.6B,Qwen3ForCausalLM,gb300,sglang,0.5.14,agg,PASS,,uv run aiconfigurator cli default --model-path Qwen/Qwen3-0.6B --total-gpus 4 --system gb300 --backend sglang --backend-version 0.5.14 --database-mode SILICON --isl 256 --osl 256 --prefix 128 --ttft 1500.0 --tpot 50.0 --top-n 1 --no-color,silicon
Qwen/Qwen3-0.6B,Qwen3ForCausalLM,gb300,sglang,0.5.14,disagg,PASS,,uv run aiconfigurator cli default --model-path Qwen/Qwen3-0.6B --total-gpus 4 --system gb300 --backend sglang --backend-version 0.5.14 --database-mode SILICON --isl 256 --osl 256 --prefix 128 --ttft 1500.0 --tpot 50.0 --top-n 1 --no-color,silicon
Qwen/Qwen3-0.6B,Qwen3ForCausalLM,gb300,sglang,0.5.9,agg,PASS,,uv run aiconfigurator cli default --model-path Qwen/Qwen3-0.6B --total-gpus 4 --system gb300 --backend sglang --backend-version 0.5.9 --database-mode SILICON --isl 256 --osl 256 --prefix 128 --ttft 1500.0 --tpot 50.0 --top-n 1 --no-color,silicon
Qwen/Qwen3-0.6B,Qwen3ForCausalLM,gb300,sglang,0.5.9,disagg,PASS,,uv run aiconfigurator cli default --model-path Qwen/Qwen3-0.6B --total-gpus 4 --system gb300 --backend sglang --backend-version 0.5.9 --database-mode SILICON --isl 256 --osl 256 --prefix 128 --ttft 1500.0 --tpot 50.0 --top-n 1 --no-color,silicon
Qwen/Qwen3-0.6B,Qwen3ForCausalLM,gb300,trtllm,1.3.0rc10,agg,PASS,,uv run aiconfigurator cli default --model-path Qwen/Qwen3-0.6B --total-gpus 4 --system gb300 --backend trtllm --backend-version 1.3.0rc10 --database-mode SILICON --isl 256 --osl 256 --prefix 128 --ttft 1500.0 --tpot 50.0 --top-n 1 --no-color,silicon
Qwen/Qwen3-0.6B,Qwen3ForCausalLM,gb300,trtllm,1.3.0rc10,disagg,PASS,,uv run aiconfigurator cli default --model-path Qwen/Qwen3-0.6B --total-gpus 4 --system gb300 --backend trtllm --backend-version 1.3.0rc10 --database-mode SILICON --isl 256 --osl 256 --prefix 128 --ttft 1500.0 --tpot 50.0 --top-n 1 --no-color,silicon
Qwen/Qwen3-0.6B,Qwen3ForCausalLM,gb300,trtllm,1.3.0rc15,agg,PASS,,uv run aiconfigurator cli default --model-path Qwen/Qwen3-0.6B --total-gpus 4 --system gb300 --backend trtllm --backend-version 1.3.0rc15 --database-mode SILICON --isl 256 --osl 256 --prefix 128 --ttft 1500.0 --tpot 50.0 --top-n 1 --no-color,silicon
Qwen/Qwen3-0.6B,Qwen3ForCausalLM,gb300,trtllm,1.3.0rc15,disagg,PASS,,uv run aiconfigurator cli default --model-path Qwen/Qwen3-0.6B --total-gpus 4 --system gb300 --backend trtllm --backend-version 1.3.0rc15 --database-mode SILICON --isl 256 --osl 256 --prefix 128 --ttft 1500.0 --tpot 50.0 --top-n 1 --no-color,silicon
Qwen/Qwen3-0.6B,Qwen3ForCausalLM,gb300,trtllm,1.3.0rc20,agg,PASS,,uv run aiconfigurator cli default --model-path Qwen/Qwen3-0.6B --total-gpus 4 --system gb300 --backend trtllm --backend-version 1.3.0rc20 --database-mode SILICON --isl 256 --osl 256 --prefix 128 --ttft 1500.0 --tpot 50.0 --top-n 1 --no-color,silicon
Qwen/Qwen3-0.6B,Qwen3ForCausalLM,gb300,trtllm,1.3.0rc20,disagg,PASS,,uv run aiconfigurator cli default --model-path Qwen/Qwen3-0.6B --total-gpus 4 --system gb300 --backend trtllm --backend-version 1.3.0rc20 --database-mode SILICON --isl 256 --osl 256 --prefix 128 --ttft 1500.0 --tpot 50.0 --top-n 1 --no-color,silicon
Qwen/Qwen3-0.6B,Qwen3ForCausalLM,gb300,vllm,0.19.0,agg,PASS,,uv run aiconfigurator cli default --model-path Qwen/Qwen3-0.6B --total-gpus 4 --system gb300 --backend vllm --backend-version 0.19.0 --database-mode SILICON --isl 256 --osl 256 --prefix 128 --ttft 1500.0 --tpot 50.0 --top-n 1 --no-color,silicon
Qwen/Qwen3-0.6B,Qwen3ForCausalLM,gb300,vllm,0.19.0,disagg,PASS,,uv run aiconfigurator cli default --model-path Qwen/Qwen3-0.6B --total-gpus 4 --system gb300 --backend vllm --backend-version 0.19.0 --database-mode SILICON --isl 256 --osl 256 --prefix 128 --ttft 1500.0 --tpot 50.0 --top-n 1 --no-color,silicon
Qwen/Qwen3-0.6B,Qwen3ForCausalLM,gb300,vllm,0.22.0,agg,PASS,,uv run aiconfigurator cli default --model-path Qwen/Qwen3-0.6B --total-gpus 4 --system gb300 --backend vllm --backend-version 0.22.0 --database-mode SILICON --isl 256 --osl 256 --prefix 128 --ttft 1500.0 --tpot 50.0 --top-n 1 --no-color,silicon
Qwen/Qwen3-0.6B,Qwen3ForCausalLM,gb300,vllm,0.22.0,disagg,PASS,,uv run aiconfigurator cli default --model-path Qwen/Qwen3-0.6B --total-gpus 4 --system gb300 --backend vllm --backend-version 0.22.0 --database-mode SILICON --isl 256 --osl 256 --prefix 128 --ttft 1500.0 --tpot 50.0 --top-n 1 --no-color,silicon
Qwen/Qwen3-0.6B,Qwen3ForCausalLM,gb300,vllm,0.24.0,agg,PASS,,uv run aiconfigurator cli default --model-path Qwen/Qwen3-0.6B --total-gpus 4 --system gb300 --backend vllm --backend-version 0.24.0 --database-mode SILICON --isl 256 --osl 256 --prefix 128 --ttft 1500.0 --tpot 50.0 --top-n 1 --no-color,silicon
Qwen/Qwen3-0.6B,Qwen3ForCausalLM,gb300,vllm,0.24.0,disagg,PASS,,uv run aiconfigurator cli default --model-path Qwen/Qwen3-0.6B --total-gpus 4 --system gb300 --backend vllm --backend-version 0.24.0 --database-mode SILICON --isl 256 --osl 256 --prefix 128 --ttft 1500.0 --tpot 50.0 --top-n 1 --no-color,silicon
Qwen/Qwen3-1.7B,Qwen3ForCausalLM,gb300,sglang,0.5.10,agg,PASS,,uv run aiconfigurator cli default --model-path Qwen/Qwen3-1.7B --total-gpus 4 --system gb300 --backend sglang --backend-version 0.5.10 --database-mode SILICON --isl 256 --osl 256 --prefix 128 --ttft 1500.0 --tpot 50.0 --top-n 1 --no-color,silicon
Qwen/Qwen3-1.7B,Qwen3ForCausalLM,gb300,sglang,0.5.10,disagg,PASS,,uv run aiconfigurator cli default --model-path Qwen/Qwen3-1.7B --total-gpus 4 --system gb300 --backend sglang --backend-version 0.5.10 --database-mode SILICON --isl 256 --osl 256 --prefix 128 --ttft 1500.0 --tpot 50.0 --top-n 1 --no-color,silicon
Qwen/Qwen3-1.7B,Qwen3ForCausalLM,gb300,sglang,0.5.12,agg,PASS,,uv run aiconfigurator cli default --model-path Qwen/Qwen3-1.7B --total-gpus 4 --system gb300 --backend sglang --backend-version 0.5.12 --database-mode SILICON --isl 256 --osl 256 --prefix 128 --ttft 1500.0 --tpot 50.0 --top-n 1 --no-color,silicon
Qwen/Qwen3-1.7B,Qwen3ForCausalLM,gb300,sglang,0.5.12,disagg,PASS,,uv run aiconfigurator cli default --model-path Qwen/Qwen3-1.7B --total-gpus 4 --system gb300 --backend sglang --backend-version 0.5.12 --database-mode SILICON --isl 256 --osl 256 --prefix 128 --ttft 1500.0 --tpot 50.0 --top-n 1 --no-color,silicon
Qwen/Qwen3-1.7B,Qwen3ForCausalLM,gb300,sglang,0.5.14,agg,PASS,,uv run aiconfigurator cli default --model-path Qwen/Qwen3-1.7B --total-gpus 4 --system gb300 --backend sglang --backend-version 0.5.14 --database-mode SILICON --isl 256 --osl 256 --prefix 128 --ttft 1500.0 --tpot 50.0 --top-n 1 --no-color,silicon
Qwen/Qwen3-1.7B,Qwen3ForCausalLM,gb300,sglang,0.5.14,disagg,PASS,,uv run aiconfigurator cli default --model-path Qwen/Qwen3-1.7B --total-gpus 4 --system gb300 --backend sglang --backend-version 0.5.14 --database-mode SILICON --isl 256 --osl 256 --prefix 128 --ttft 1500.0 --tpot 50.0 --top-n 1 --no-color,silicon
Qwen/Qwen3-1.7B,Qwen3ForCausalLM,gb300,sglang,0.5.9,agg,PASS,,uv run aiconfigurator cli default --model-path Qwen/Qwen3-1.7B --total-gpus 4 --system gb300 --backend sglang --backend-version 0.5.9 --database-mode SILICON --isl 256 --osl 256 --prefix 128 --ttft 1500.0 --tpot 50.0 --top-n 1 --no-color,silicon
Qwen/Qwen3-1.7B,Qwen3ForCausalLM,gb300,sglang,0.5.9,disagg,PASS,,uv run aiconfigurator cli default --model-path Qwen/Qwen3-1.7B --total-gpus 4 --system gb300 --backend sglang --backend-version 0.5.9 --database-mode SILICON --isl 256 --osl 256 --prefix 128 --ttft 1500.0 --tpot 50.0 --top-n 1 --no-color,silicon
Qwen/Qwen3-1.7B,Qwen3ForCausalLM,gb300,trtllm,1.3.0rc10,agg,PASS,,uv run aiconfigurator cli default --model-path Qwen/Qwen3-1.7B --total-gpus 4 --system gb300 --backend trtllm --backend-version 1.3.0rc10 --database-mode SILICON --isl 256 --osl 256 --prefix 128 --ttft 1500.0 --tpot 50.0 --top-n 1 --no-color,silicon
Qwen/Qwen3-1.7B,Qwen3ForCausalLM,gb300,trtllm,1.3.0rc10,disagg,PASS,,uv run aiconfigurator cli default --model-path Qwen/Qwen3-1.7B --total-gpus 4 --system gb300 --backend trtllm --backend-version 1.3.0rc10 --database-mode SILICON --isl 256 --osl 256 --prefix 128 --ttft 1500.0 --tpot 50.0 --top-n 1 --no-color,silicon
Qwen/Qwen3-1.7B,Qwen3ForCausalLM,gb300,trtllm,1.3.0rc15,agg,PASS,,uv run aiconfigurator cli default --model-path Qwen/Qwen3-1.7B --total-gpus 4 --system gb300 --backend trtllm --backend-version 1.3.0rc15 --database-mode SILICON --isl 256 --osl 256 --prefix 128 --ttft 1500.0 --tpot 50.0 --top-n 1 --no-color,silicon
Qwen/Qwen3-1.7B,Qwen3ForCausalLM,gb300,trtllm,1.3.0rc15,disagg,PASS,,uv run aiconfigurator cli default --model-path Qwen/Qwen3-1.7B --total-gpus 4 --system gb300 --backend trtllm --backend-version 1.3.0rc15 --database-mode SILICON --isl 256 --osl 256 --prefix 128 --ttft 1500.0 --tpot 50.0 --top-n 1 --no-color,silicon
Qwen/Qwen3-1.7B,Qwen3ForCausalLM,gb300,trtllm,1.3.0rc20,agg,PASS,,uv run aiconfigurator cli default --model-path Qwen/Qwen3-1.7B --total-gpus 4 --system gb300 --backend trtllm --backend-version 1.3.0rc20 --database-mode SILICON --isl 256 --osl 256 --prefix 128 --ttft 1500.0 --tpot 50.0 --top-n 1 --no-color,silicon
Qwen/Qwen3-1.7B,Qwen3ForCausalLM,gb300,trtllm,1.3.0rc20,disagg,PASS,,uv run aiconfigurator cli default --model-path Qwen/Qwen3-1.7B --total-gpus 4 --system gb300 --backend trtllm --backend-version 1.3.0rc20 --database-mode SILICON --isl 256 --osl 256 --prefix 128 --ttft 1500.0 --tpot 50.0 --top-n 1 --no-color,silicon
Qwen/Qwen3-1.7B,Qwen3ForCausalLM,gb300,vllm,0.19.0,agg,PASS,,uv run aiconfigurator cli default --model-path Qwen/Qwen3-1.7B --total-gpus 4 --system gb300 --backend vllm --backend-version 0.19.0 --database-mode SILICON --isl 256 --osl 256 --prefix 128 --ttft 1500.0 --tpot 50.0 --top-n 1 --no-color,silicon
Qwen/Qwen3-1.7B,Qwen3ForCausalLM,gb300,vllm,0.19.0,disagg,PASS,,uv run aiconfigurator cli default --model-path Qwen/Qwen3-1.7B --total-gpus 4 --system gb300 --backend vllm --backend-version 0.19.0 --database-mode SILICON --isl 256 --osl 256 --prefix 128 --ttft 1500.0 --tpot 50.0 --top-n 1 --no-color,silicon
Qwen/Qwen3-1.7B,Qwen3ForCausalLM,gb300,vllm,0.22.0,agg,PASS,,uv run aiconfigurator cli default --model-path Qwen/Qwen3-1.7B --total-gpus 4 --system gb300 --backend vllm --backend-version 0.22.0 --database-mode SILICON --isl 256 --osl 256 --prefix 128 --ttft 1500.0 --tpot 50.0 --top-n 1 --no-color,silicon
Qwen/Qwen3-1.7B,Qwen3ForCausalLM,gb300,vllm,0.22.0,disagg,PASS,,uv run aiconfigurator cli default --model-path Qwen/Qwen3-1.7B --total-gpus 4 --system gb300 --backend vllm --backend-version 0.22.0 --database-mode SILICON --isl 256 --osl 256 --prefix 128 --ttft 1500.0 --tpot 50.0 --top-n 1 --no-color,silicon
Qwen/Qwen3-1.7B,Qwen3ForCausalLM,gb300,vllm,0.24.0,agg,PASS,,uv run aiconfigurator cli default --model-path Qwen/Qwen3-1.7B --total-gpus 4 --system gb300 --backend vllm --backend-version 0.24.0 --database-mode SILICON --isl 256 --osl 256 --prefix 128 --ttft 1500.0 --tpot 50.0 --top-n 1 --no-color,silicon
Qwen/Qwen3-1.7B,Qwen3ForCausalLM,gb300,vllm,0.24.0,disagg,PASS,,uv run aiconfigurator cli default --model-path Qwen/Qwen3-1.7B --total-gpus 4 --system gb300 --backend vllm --backend-version 0.24.0 --database-mode SILICON --isl 256 --osl 256 --prefix 128 --ttft 1500.0 --tpot 50.0 --top-n 1 --no-color,silicon
Qwen/Qwen3-235B-A22B,Qwen3MoeForCausalLM,gb300,sglang,0.5.10,agg,PASS,,uv run aiconfigurator cli default --model-path Qwen/Qwen3-235B-A22B --total-gpus 128 --system gb300 --backend sglang --backend-version 0.5.10 --database-mode SILICON --isl 256 --osl 256 --prefix 128 --ttft 2000000.0 --tpot 50000.0 --top-n 1 --no-color,silicon
Qwen/Qwen3-235B-A22B,Qwen3MoeForCausalLM,gb300,sglang,0.5.10,disagg,PASS,,uv run aiconfigurator cli default --model-path Qwen/Qwen3-235B-A22B --total-gpus 128 --system gb300 --backend sglang --backend-version 0.5.10 --database-mode SILICON --isl 256 --osl 256 --prefix 128 --ttft 2000000.0 --tpot 50000.0 --top-n 1 --no-color,silicon
Qwen/Qwen3-235B-A22B,Qwen3MoeForCausalLM,gb300,sglang,0.5.12,agg,PASS,,uv run aiconfigurator cli default --model-path Qwen/Qwen3-235B-A22B --total-gpus 128 --system gb300 --backend sglang --backend-version 0.5.12 --database-mode SILICON --isl 256 --osl 256 --prefix 128 --ttft 2000000.0 --tpot 50000.0 --top-n 1 --no-color,silicon
Qwen/Qwen3-235B-A22B,Qwen3MoeForCausalLM,gb300,sglang,0.5.12,disagg,PASS,,uv run aiconfigurator cli default --model-path Qwen/Qwen3-235B-A22B --total-gpus 128 --system gb300 --backend sglang --backend-version 0.5.12 --database-mode SILICON --isl 256 --osl 256 --prefix 128 --ttft 2000000.0 --tpot 50000.0 --top-n 1 --no-color,silicon
Qwen/Qwen3-235B-A22B,Qwen3MoeForCausalLM,gb300,sglang,0.5.14,agg,PASS,,uv run aiconfigurator cli default --model-path Qwen/Qwen3-235B-A22B --total-gpus 128 --system gb300 --backend sglang --backend-version 0.5.14 --database-mode SILICON --isl 256 --osl 256 --prefix 128 --ttft 2000000.0 --tpot 50000.0 --top-n 1 --no-color,silicon
Qwen/Qwen3-235B-A22B,Qwen3MoeForCausalLM,gb300,sglang,0.5.14,disagg,PASS,,uv run aiconfigurator cli default --model-path Qwen/Qwen3-235B-A22B --total-gpus 128 --system gb300 --backend sglang --backend-version 0.5.14 --database-mode SILICON --isl 256 --osl 256 --prefix 128 --ttft 2000000.0 --tpot 50000.0 --top-n 1 --no-color,silicon
Qwen/Qwen3-235B-A22B,Qwen3MoeForCausalLM,gb300,sglang,0.5.9,agg,PASS,,uv run aiconfigurator cli default --model-path Qwen/Qwen3-235B-A22B --total-gpus 128 --system gb300 --backend sglang --backend-version 0.5.9 --database-mode SILICON --isl 256 --osl 256 --prefix 128 --ttft 2000000.0 --tpot 50000.0 --top-n 1 --no-color,silicon
Qwen/Qwen3-235B-A22B,Qwen3MoeForCausalLM,gb300,sglang,0.5.9,disagg,PASS,,uv run aiconfigurator cli default --model-path Qwen/Qwen3-235B-A22B --total-gpus 128 --system gb300 --backend sglang --backend-version 0.5.9 --database-mode SILICON --isl 256 --osl 256 --prefix 128 --ttft 2000000.0 --tpot 50000.0 --top-n 1 --no-color,silicon
Qwen/Qwen3-235B-A22B,Qwen3MoeForCausalLM,gb300,trtllm,1.3.0rc10,agg,PASS,,uv run aiconfigurator cli default --model-path Qwen/Qwen3-235B-A22B --total-gpus 128 --system gb300 --backend trtllm --backend-version 1.3.0rc10 --database-mode SILICON --isl 256 --osl 256 --prefix 128 --ttft 2000000.0 --tpot 50000.0 --top-n 1 --no-color,silicon
Qwen/Qwen3-235B-A22B,Qwen3MoeForCausalLM,gb300,trtllm,1.3.0rc10,disagg,PASS,,uv run aiconfigurator cli default --model-path Qwen/Qwen3-235B-A22B --total-gpus 128 --system gb300 --backend trtllm --backend-version 1.3.0rc10 --database-mode SILICON --isl 256 --osl 256 --prefix 128 --ttft 2000000.0 --tpot 50000.0 --top-n 1 --no-color,silicon
Qwen/Qwen3-235B-A22B,Qwen3MoeForCausalLM,gb300,trtllm,1.3.0rc15,agg,PASS,,uv run aiconfigurator cli default --model-path Qwen/Qwen3-235B-A22B --total-gpus 128 --system gb300 --backend trtllm --backend-version 1.3.0rc15 --database-mode SILICON --isl 256 --osl 256 --prefix 128 --ttft 2000000.0 --tpot 50000.0 --top-n 1 --no-color,silicon
Qwen/Qwen3-235B-A22B,Qwen3MoeForCausalLM,gb300,trtllm,1.3.0rc15,disagg,PASS,,uv run aiconfigurator cli default --model-path Qwen/Qwen3-235B-A22B --total-gpus 128 --system gb300 --backend trtllm --backend-version 1.3.0rc15 --database-mode SILICON --isl 256 --osl 256 --prefix 128 --ttft 2000000.0 --tpot 50000.0 --top-n 1 --no-color,silicon
Qwen/Qwen3-235B-A22B,Qwen3MoeForCausalLM,gb300,trtllm,1.3.0rc20,agg,PASS,,uv run aiconfigurator cli default --model-path Qwen/Qwen3-235B-A22B --total-gpus 128 --system gb300 --backend trtllm --backend-version 1.3.0rc20 --database-mode SILICON --isl 256 --osl 256 --prefix 128 --ttft 2000000.0 --tpot 50000.0 --top-n 1 --no-color,silicon
Qwen/Qwen3-235B-A22B,Qwen3MoeForCausalLM,gb300,trtllm,1.3.0rc20,disagg,PASS,,uv run aiconfigurator cli default --model-path Qwen/Qwen3-235B-A22B --total-gpus 128 --system gb300 --backend trtllm --backend-version 1.3.0rc20 --database-mode SILICON --isl 256 --osl 256 --prefix 128 --ttft 2000000.0 --tpot 50000.0 --top-n 1 --no-color,silicon
Qwen/Qwen3-235B-A22B,Qwen3MoeForCausalLM,gb300,vllm,0.19.0,agg,PASS,,uv run aiconfigurator cli default --model-path Qwen/Qwen3-235B-A22B --total-gpus 128 --system gb300 --backend vllm --backend-version 0.19.0 --database-mode SILICON --isl 256 --osl 256 --prefix 128 --ttft 2000000.0 --tpot 50000.0 --top-n 1 --no-color,silicon
Qwen/Qwen3-235B-A22B,Qwen3MoeForCausalLM,gb300,vllm,0.19.0,disagg,PASS,,uv run aiconfigurator cli default --model-path Qwen/Qwen3-235B-A22B --total-gpus 128 --system gb300 --backend vllm --backend-version 0.19.0 --database-mode SILICON --isl 256 --osl 256 --prefix 128 --ttft 2000000.0 --tpot 50000.0 --top-n 1 --no-color,silicon
Qwen/Qwen3-235B-A22B,Qwen3MoeForCausalLM,gb300,vllm,0.22.0,agg,PASS,,uv run aiconfigurator cli default --model-path Qwen/Qwen3-235B-A22B --total-gpus 128 --system gb300 --backend vllm --backend-version 0.22.0 --database-mode SILICON --isl 256 --osl 256 --prefix 128 --ttft 2000000.0 --tpot 50000.0 --top-n 1 --no-color,silicon
Qwen/Qwen3-235B-A22B,Qwen3MoeForCausalLM,gb300,vllm,0.22.0,disagg,PASS,,uv run aiconfigurator cli default --model-path Qwen/Qwen3-235B-A22B --total-gpus 128 --system gb300 --backend vllm --backend-version 0.22.0 --database-mode SILICON --isl 256 --osl 256 --prefix 128 --ttft 2000000.0 --tpot 50000.0 --top-n 1 --no-color,silicon
Qwen/Qwen3-235B-A22B,Qwen3MoeForCausalLM,gb300,vllm,0.24.0,agg,PASS,,uv run aiconfigurator cli default --model-path Qwen/Qwen3-235B-A22B --total-gpus 128 --system gb300 --backend vllm --backend-version 0.24.0 --database-mode SILICON --isl 256 --osl 256 --prefix 128 --ttft 2000000.0 --tpot 50000.0 --top-n 1 --no-color,silicon
Qwen/Qwen3-235B-A22B,Qwen3MoeForCausalLM,gb300,vllm,0.24.0,disagg,PASS,,uv run aiconfigurator cli default --model-path Qwen/Qwen3-235B-A22B --total-gpus 128 --system gb300 --backend vllm --backend-version 0.24.0 --database-mode SILICON --isl 256 --osl 256 --prefix 128 --ttft 2000000.0 --tpot 50000.0 --top-n 1 --no-color,silicon
Qwen/Qwen3-235B-A22B-FP8,Qwen3MoeForCausalLM,gb300,sglang,0.5.10,agg,PASS,,uv run aiconfigurator cli default --model-path Qwen/Qwen3-235B-A22B-FP8 --total-gpus 128 --system gb300 --backend sglang --backend-version 0.5.10 --database-mode SILICON --isl 256 --osl 256 --prefix 128 --ttft 2000000.0 --tpot 50000.0 --top-n 1 --no-color,silicon
Qwen/Qwen3-235B-A22B-FP8,Qwen3MoeForCausalLM,gb300,sglang,0.5.10,disagg,PASS,,uv run aiconfigurator cli default --model-path Qwen/Qwen3-235B-A22B-FP8 --total-gpus 128 --system gb300 --backend sglang --backend-version 0.5.10 --database-mode SILICON --isl 256 --osl 256 --prefix 128 --ttft 2000000.0 --tpot 50000.0 --top-n 1 --no-color,silicon
Qwen/Qwen3-235B-A22B-FP8,Qwen3MoeForCausalLM,gb300,sglang,0.5.12,agg,PASS,,uv run aiconfigurator cli default --model-path Qwen/Qwen3-235B-A22B-FP8 --total-gpus 128 --system gb300 --backend sglang --backend-version 0.5.12 --database-mode SILICON --isl 256 --osl 256 --prefix 128 --ttft 2000000.0 --tpot 50000.0 --top-n 1 --no-color,silicon
Qwen/Qwen3-235B-A22B-FP8,Qwen3MoeForCausalLM,gb300,sglang,0.5.12,disagg,PASS,,uv run aiconfigurator cli default --model-path Qwen/Qwen3-235B-A22B-FP8 --total-gpus 128 --system gb300 --backend sglang --backend-version 0.5.12 --database-mode SILICON --isl 256 --osl 256 --prefix 128 --ttft 2000000.0 --tpot 50000.0 --top-n 1 --no-color,silicon
Qwen/Qwen3-235B-A22B-FP8,Qwen3MoeForCausalLM,gb300,sglang,0.5.14,agg,PASS,,uv run aiconfigurator cli default --model-path Qwen/Qwen3-235B-A22B-FP8 --total-gpus 128 --system gb300 --backend sglang --backend-version 0.5.14 --database-mode SILICON --isl 256 --osl 256 --prefix 128 --ttft 2000000.0 --tpot 50000.0 --top-n 1 --no-color,silicon
Qwen/Qwen3-235B-A22B-FP8,Qwen3MoeForCausalLM,gb300,sglang,0.5.14,disagg,PASS,,uv run aiconfigurator cli default --model-path Qwen/Qwen3-235B-A22B-FP8 --total-gpus 128 --system gb300 --backend sglang --backend-version 0.5.14 --database-mode SILICON --isl 256 --osl 256 --prefix 128 --ttft 2000000.0 --tpot 50000.0 --top-n 1 --no-color,silicon
Qwen/Qwen3-235B-A22B-FP8,Qwen3MoeForCausalLM,gb300,sglang,0.5.9,agg,PASS,,uv run aiconfigurator cli default --model-path Qwen/Qwen3-235B-A22B-FP8 --total-gpus 128 --system gb300 --backend sglang --backend-version 0.5.9 --database-mode SILICON --isl 256 --osl 256 --prefix 128 --ttft 2000000.0 --tpot 50000.0 --top-n 1 --no-color,silicon
Qwen/Qwen3-235B-A22B-FP8,Qwen3MoeForCausalLM,gb300,sglang,0.5.9,disagg,PASS,,uv run aiconfigurator cli default --model-path Qwen/Qwen3-235B-A22B-FP8 --total-gpus 128 --system gb300 --backend sglang --backend-version 0.5.9 --database-mode SILICON --isl 256 --osl 256 --prefix 128 --ttft 2000000.0 --tpot 50000.0 --top-n 1 --no-color,silicon
Qwen/Qwen3-235B-A22B-FP8,Qwen3MoeForCausalLM,gb300,trtllm,1.3.0rc10,agg,FAIL,"Traceback (most recent call last):\n  File ""tools/support_matrix/support_matrix.py"", line 925, in _attempt\n    python_pareto_df = SupportMatrix._run_mode(\n                       ^^^^^^^^^^^^^^^^^^^^^^^^\n  File ""tools/support_matrix/support_matrix.py"", line 814, in _run_mode\n    pareto_df = task.run()\n                ^^^^^^^^^^\n  File ""src/aiconfigurator/sdk/task_v2.py"", line 1588, in run\n    self.validate()\n  File ""src/aiconfigurator/sdk/task_v2.py"", line 1237, in validate\n    self._validate_database_quant_modes()\n  File ""src/aiconfigurator/sdk/task_v2.py"", line 1286, in _validate_database_quant_modes\n    self._check_role_against_db(""agg"", validate_context=True, validate_generation=True)\n  File ""src/aiconfigurator/sdk/task_v2.py"", line 1398, in _check_role_against_db\n    _check(""moe"", moe_mode, profile_transfer=True)\n  File ""src/aiconfigurator/sdk/task_v2.py"", line 1379, in _check\n    raise exc_type(\nValueError: Unsupported moe quant mode 'fp8_block' for system='gb300', backend='trtllm', version='1.3.0rc10'. Supported moe modes: ['bfloat16', 'fp8', 'nvfp4', 'w4a16_mxfp4', 'w4a8_mxfp4_mxfp8']\n",uv run aiconfigurator cli default --model-path Qwen/Qwen3-235B-A22B-FP8 --total-gpus 128 --system gb300 --backend trtllm --backend-version 1.3.0rc10 --database-mode SILICON --isl 256 --osl 256 --prefix 128 --ttft 2000000.0 --tpot 50000.0 --top-n 1 --no-color,
Qwen/Qwen3-235B-A22B-FP8,Qwen3MoeForCausalLM,gb300,trtllm,1.3.0rc10,disagg,FAIL,"Traceback (most recent call last):\n  File ""tools/support_matrix/support_matrix.py"", line 925, in _attempt\n    python_pareto_df = SupportMatrix._run_mode(\n                       ^^^^^^^^^^^^^^^^^^^^^^^^\n  File ""tools/support_matrix/support_matrix.py"", line 814, in _run_mode\n    pareto_df = task.run()\n                ^^^^^^^^^^\n  File ""src/aiconfigurator/sdk/task_v2.py"", line 1588, in run\n    self.validate()\n  File ""src/aiconfigurator/sdk/task_v2.py"", line 1237, in validate\n    self._validate_database_quant_modes()\n  File ""src/aiconfigurator/sdk/task_v2.py"", line 1288, in _validate_database_quant_modes\n    self._check_role_against_db(""prefill"", validate_context=True, validate_generation=False)\n  File ""src/aiconfigurator/sdk/task_v2.py"", line 1398, in _check_role_against_db\n    _check(""moe"", moe_mode, profile_transfer=True)\n  File ""src/aiconfigurator/sdk/task_v2.py"", line 1379, in _check\n    raise exc_type(\nValueError: Unsupported moe quant mode 'fp8_block' for system='gb300', backend='trtllm', version='1.3.0rc10'. Supported moe modes: ['bfloat16', 'fp8', 'nvfp4', 'w4a16_mxfp4', 'w4a8_mxfp4_mxfp8']\n",uv run aiconfigurator cli default --model-path Qwen/Qwen3-235B-A22B-FP8 --total-gpus 128 --system gb300 --backend trtllm --backend-version 1.3.0rc10 --database-mode SILICON --isl 256 --osl 256 --prefix 128 --ttft 2000000.0 --tpot 50000.0 --top-n 1 --no-color,
Qwen/Qwen3-235B-A22B-FP8,Qwen3MoeForCausalLM,gb300,trtllm,1.3.0rc15,agg,FAIL,"Traceback (most recent call last):\n  File ""tools/support_matrix/support_matrix.py"", line 925, in _attempt\n    python_pareto_df = SupportMatrix._run_mode(\n                       ^^^^^^^^^^^^^^^^^^^^^^^^\n  File ""tools/support_matrix/support_matrix.py"", line 814, in _run_mode\n    pareto_df = task.run()\n                ^^^^^^^^^^\n  File ""src/aiconfigurator/sdk/task_v2.py"", line 1588, in run\n    self.validate()\n  File ""src/aiconfigurator/sdk/task_v2.py"", line 1237, in validate\n    self._validate_database_quant_modes()\n  File ""src/aiconfigurator/sdk/task_v2.py"", line 1286, in _validate_database_quant_modes\n    self._check_role_against_db(""agg"", validate_context=True, validate_generation=True)\n  File ""src/aiconfigurator/sdk/task_v2.py"", line 1398, in _check_role_against_db\n    _check(""moe"", moe_mode, profile_transfer=True)\n  File ""src/aiconfigurator/sdk/task_v2.py"", line 1379, in _check\n    raise exc_type(\nValueError: Unsupported moe quant mode 'fp8_block' for system='gb300', backend='trtllm', version='1.3.0rc15'. Supported moe modes: ['bfloat16', 'fp8', 'nvfp4', 'w4a16_mxfp4', 'w4a8_mxfp4_mxfp8']\n",uv run aiconfigurator cli default --model-path Qwen/Qwen3-235B-A22B-FP8 --total-gpus 128 --system gb300 --backend trtllm --backend-version 1.3.0rc15 --database-mode SILICON --isl 256 --osl 256 --prefix 128 --ttft 2000000.0 --tpot 50000.0 --top-n 1 --no-color,
Qwen/Qwen3-235B-A22B-FP8,Qwen3MoeForCausalLM,gb300,trtllm,1.3.0rc15,disagg,FAIL,"Traceback (most recent call last):\n  File ""tools/support_matrix/support_matrix.py"", line 925, in _attempt\n    python_pareto_df = SupportMatrix._run_mode(\n                       ^^^^^^^^^^^^^^^^^^^^^^^^\n  File ""tools/support_matrix/support_matrix.py"", line 814, in _run_mode\n    pareto_df = task.run()\n                ^^^^^^^^^^\n  File ""src/aiconfigurator/sdk/task_v2.py"", line 1588, in run\n    self.validate()\n  File ""src/aiconfigurator/sdk/task_v2.py"", line 1237, in validate\n    self._validate_database_quant_modes()\n  File ""src/aiconfigurator/sdk/task_v2.py"", line 1288, in _validate_database_quant_modes\n    self._check_role_against_db(""prefill"", validate_context=True, validate_generation=False)\n  File ""src/aiconfigurator/sdk/task_v2.py"", line 1398, in _check_role_against_db\n    _check(""moe"", moe_mode, profile_transfer=True)\n  File ""src/aiconfigurator/sdk/task_v2.py"", line 1379, in _check\n    raise exc_type(\nValueError: Unsupported moe quant mode 'fp8_block' for system='gb300', backend='trtllm', version='1.3.0rc15'. Supported moe modes: ['bfloat16', 'fp8', 'nvfp4', 'w4a16_mxfp4', 'w4a8_mxfp4_mxfp8']\n",uv run aiconfigurator cli default --model-path Qwen/Qwen3-235B-A22B-FP8 --total-gpus 128 --system gb300 --backend trtllm --backend-version 1.3.0rc15 --database-mode SILICON --isl 256 --osl 256 --prefix 128 --ttft 2000000.0 --tpot 50000.0 --top-n 1 --no-color,
Qwen/Qwen3-235B-A22B-FP8,Qwen3MoeForCausalLM,gb300,trtllm,1.3.0rc20,agg,PASS,,uv run aiconfigurator cli default --model-path Qwen/Qwen3-235B-A22B-FP8 --total-gpus 128 --system gb300 --backend trtllm --backend-version 1.3.0rc20 --database-mode SILICON --isl 256 --osl 256 --prefix 128 --ttft 2000000.0 --tpot 50000.0 --top-n 1 --no-color,silicon
Qwen/Qwen3-235B-A22B-FP8,Qwen3MoeForCausalLM,gb300,trtllm,1.3.0rc20,disagg,PASS,,uv run aiconfigurator cli default --model-path Qwen/Qwen3-235B-A22B-FP8 --total-gpus 128 --system gb300 --backend trtllm --backend-version 1.3.0rc20 --database-mode SILICON --isl 256 --osl 256 --prefix 128 --ttft 2000000.0 --tpot 50000.0 --top-n 1 --no-color,silicon
Qwen/Qwen3-235B-A22B-FP8,Qwen3MoeForCausalLM,gb300,vllm,0.19.0,agg,PASS,,uv run aiconfigurator cli default --model-path Qwen/Qwen3-235B-A22B-FP8 --total-gpus 128 --system gb300 --backend vllm --backend-version 0.19.0 --database-mode SILICON --isl 256 --osl 256 --prefix 128 --ttft 2000000.0 --tpot 50000.0 --top-n 1 --no-color,silicon
Qwen/Qwen3-235B-A22B-FP8,Qwen3MoeForCausalLM,gb300,vllm,0.19.0,disagg,PASS,,uv run aiconfigurator cli default --model-path Qwen/Qwen3-235B-A22B-FP8 --total-gpus 128 --system gb300 --backend vllm --backend-version 0.19.0 --database-mode SILICON --isl 256 --osl 256 --prefix 128 --ttft 2000000.0 --tpot 50000.0 --top-n 1 --no-color,silicon
Qwen/Qwen3-235B-A22B-FP8,Qwen3MoeForCausalLM,gb300,vllm,0.22.0,agg,PASS,,uv run aiconfigurator cli default --model-path Qwen/Qwen3-235B-A22B-FP8 --total-gpus 128 --system gb300 --backend vllm --backend-version 0.22.0 --database-mode SILICON --isl 256 --osl 256 --prefix 128 --ttft 2000000.0 --tpot 50000.0 --top-n 1 --no-color,silicon
Qwen/Qwen3-235B-A22B-FP8,Qwen3MoeForCausalLM,gb300,vllm,0.22.0,disagg,PASS,,uv run aiconfigurator cli default --model-path Qwen/Qwen3-235B-A22B-FP8 --total-gpus 128 --system gb300 --backend vllm --backend-version 0.22.0 --database-mode SILICON --isl 256 --osl 256 --prefix 128 --ttft 2000000.0 --tpot 50000.0 --top-n 1 --no-color,silicon
Qwen/Qwen3-235B-A22B-FP8,Qwen3MoeForCausalLM,gb300,vllm,0.24.0,agg,PASS,,uv run aiconfigurator cli default --model-path Qwen/Qwen3-235B-A22B-FP8 --total-gpus 128 --system gb300 --backend vllm --backend-version 0.24.0 --database-mode SILICON --isl 256 --osl 256 --prefix 128 --ttft 2000000.0 --tpot 50000.0 --top-n 1 --no-color,silicon
Qwen/Qwen3-235B-A22B-FP8,Qwen3MoeForCausalLM,gb300,vllm,0.24.0,disagg,PASS,,uv run aiconfigurator cli default --model-path Qwen/Qwen3-235B-A22B-FP8 --total-gpus 128 --system gb300 --backend vllm --backend-version 0.24.0 --database-mode SILICON --isl 256 --osl 256 --prefix 128 --ttft 2000000.0 --tpot 50000.0 --top-n 1 --no-color,silicon
Qwen/Qwen3-30B-A3B,Qwen3MoeForCausalLM,gb300,sglang,0.5.10,agg,PASS,,uv run aiconfigurator cli default --model-path Qwen/Qwen3-30B-A3B --total-gpus 32 --system gb300 --backend sglang --backend-version 0.5.10 --database-mode SILICON --isl 256 --osl 256 --prefix 128 --ttft 2000.0 --tpot 50.0 --top-n 1 --no-color,silicon
Qwen/Qwen3-30B-A3B,Qwen3MoeForCausalLM,gb300,sglang,0.5.10,disagg,PASS,,uv run aiconfigurator cli default --model-path Qwen/Qwen3-30B-A3B --total-gpus 32 --system gb300 --backend sglang --backend-version 0.5.10 --database-mode SILICON --isl 256 --osl 256 --prefix 128 --ttft 2000.0 --tpot 50.0 --top-n 1 --no-color,silicon
Qwen/Qwen3-30B-A3B,Qwen3MoeForCausalLM,gb300,sglang,0.5.12,agg,PASS,,uv run aiconfigurator cli default --model-path Qwen/Qwen3-30B-A3B --total-gpus 32 --system gb300 --backend sglang --backend-version 0.5.12 --database-mode SILICON --isl 256 --osl 256 --prefix 128 --ttft 2000.0 --tpot 50.0 --top-n 1 --no-color,silicon
Qwen/Qwen3-30B-A3B,Qwen3MoeForCausalLM,gb300,sglang,0.5.12,disagg,PASS,,uv run aiconfigurator cli default --model-path Qwen/Qwen3-30B-A3B --total-gpus 32 --system gb300 --backend sglang --backend-version 0.5.12 --database-mode SILICON --isl 256 --osl 256 --prefix 128 --ttft 2000.0 --tpot 50.0 --top-n 1 --no-color,silicon
Qwen/Qwen3-30B-A3B,Qwen3MoeForCausalLM,gb300,sglang,0.5.14,agg,PASS,,uv run aiconfigurator cli default --model-path Qwen/Qwen3-30B-A3B --total-gpus 32 --system gb300 --backend sglang --backend-version 0.5.14 --database-mode SILICON --isl 256 --osl 256 --prefix 128 --ttft 2000.0 --tpot 50.0 --top-n 1 --no-color,silicon
Qwen/Qwen3-30B-A3B,Qwen3MoeForCausalLM,gb300,sglang,0.5.14,disagg,PASS,,uv run aiconfigurator cli default --model-path Qwen/Qwen3-30B-A3B --total-gpus 32 --system gb300 --backend sglang --backend-version 0.5.14 --database-mode SILICON --isl 256 --osl 256 --prefix 128 --ttft 2000.0 --tpot 50.0 --top-n 1 --no-color,silicon
Qwen/Qwen3-30B-A3B,Qwen3MoeForCausalLM,gb300,sglang,0.5.9,agg,PASS,,uv run aiconfigurator cli default --model-path Qwen/Qwen3-30B-A3B --total-gpus 32 --system gb300 --backend sglang --backend-version 0.5.9 --database-mode SILICON --isl 256 --osl 256 --prefix 128 --ttft 2000.0 --tpot 50.0 --top-n 1 --no-color,silicon
Qwen/Qwen3-30B-A3B,Qwen3MoeForCausalLM,gb300,sglang,0.5.9,disagg,PASS,,uv run aiconfigurator cli default --model-path Qwen/Qwen3-30B-A3B --total-gpus 32 --system gb300 --backend sglang --backend-version 0.5.9 --database-mode SILICON --isl 256 --osl 256 --prefix 128 --ttft 2000.0 --tpot 50.0 --top-n 1 --no-color,silicon
Qwen/Qwen3-30B-A3B,Qwen3MoeForCausalLM,gb300,trtllm,1.3.0rc10,agg,PASS,,uv run aiconfigurator cli default --model-path Qwen/Qwen3-30B-A3B --total-gpus 32 --system gb300 --backend trtllm --backend-version 1.3.0rc10 --database-mode SILICON --isl 256 --osl 256 --prefix 128 --ttft 2000.0 --tpot 50.0 --top-n 1 --no-color,silicon
Qwen/Qwen3-30B-A3B,Qwen3MoeForCausalLM,gb300,trtllm,1.3.0rc10,disagg,PASS,,uv run aiconfigurator cli default --model-path Qwen/Qwen3-30B-A3B --total-gpus 32 --system gb300 --backend trtllm --backend-version 1.3.0rc10 --database-mode SILICON --isl 256 --osl 256 --prefix 128 --ttft 2000.0 --tpot 50.0 --top-n 1 --no-color,silicon
Qwen/Qwen3-30B-A3B,Qwen3MoeForCausalLM,gb300,trtllm,1.3.0rc15,agg,PASS,,uv run aiconfigurator cli default --model-path Qwen/Qwen3-30B-A3B --total-gpus 32 --system gb300 --backend trtllm --backend-version 1.3.0rc15 --database-mode SILICON --isl 256 --osl 256 --prefix 128 --ttft 2000.0 --tpot 50.0 --top-n 1 --no-color,silicon
Qwen/Qwen3-30B-A3B,Qwen3MoeForCausalLM,gb300,trtllm,1.3.0rc15,disagg,PASS,,uv run aiconfigurator cli default --model-path Qwen/Qwen3-30B-A3B --total-gpus 32 --system gb300 --backend trtllm --backend-version 1.3.0rc15 --database-mode SILICON --isl 256 --osl 256 --prefix 128 --ttft 2000.0 --tpot 50.0 --top-n 1 --no-color,silicon
Qwen/Qwen3-30B-A3B,Qwen3MoeForCausalLM,gb300,trtllm,1.3.0rc20,agg,PASS,,uv run aiconfigurator cli default --model-path Qwen/Qwen3-30B-A3B --total-gpus 32 --system gb300 --backend trtllm --backend-version 1.3.0rc20 --database-mode SILICON --isl 256 --osl 256 --prefix 128 --ttft 2000.0 --tpot 50.0 --top-n 1 --no-color,silicon
Qwen/Qwen3-30B-A3B,Qwen3MoeForCausalLM,gb300,trtllm,1.3.0rc20,disagg,PASS,,uv run aiconfigurator cli default --model-path Qwen/Qwen3-30B-A3B --total-gpus 32 --system gb300 --backend trtllm --backend-version 1.3.0rc20 --database-mode SILICON --isl 256 --osl 256 --prefix 128 --ttft 2000.0 --tpot 50.0 --top-n 1 --no-color,silicon
Qwen/Qwen3-30B-A3B,Qwen3MoeForCausalLM,gb300,vllm,0.19.0,agg,PASS,,uv run aiconfigurator cli default --model-path Qwen/Qwen3-30B-A3B --total-gpus 32 --system gb300 --backend vllm --backend-version 0.19.0 --database-mode SILICON --isl 256 --osl 256 --prefix 128 --ttft 2000.0 --tpot 50.0 --top-n 1 --no-color,silicon
Qwen/Qwen3-30B-A3B,Qwen3MoeForCausalLM,gb300,vllm,0.19.0,disagg,PASS,,uv run aiconfigurator cli default --model-path Qwen/Qwen3-30B-A3B --total-gpus 32 --system gb300 --backend vllm --backend-version 0.19.0 --database-mode SILICON --isl 256 --osl 256 --prefix 128 --ttft 2000.0 --tpot 50.0 --top-n 1 --no-color,silicon
Qwen/Qwen3-30B-A3B,Qwen3MoeForCausalLM,gb300,vllm,0.22.0,agg,PASS,,uv run aiconfigurator cli default --model-path Qwen/Qwen3-30B-A3B --total-gpus 32 --system gb300 --backend vllm --backend-version 0.22.0 --database-mode SILICON --isl 256 --osl 256 --prefix 128 --ttft 2000.0 --tpot 50.0 --top-n 1 --no-color,silicon
Qwen/Qwen3-30B-A3B,Qwen3MoeForCausalLM,gb300,vllm,0.22.0,disagg,PASS,,uv run aiconfigurator cli default --model-path Qwen/Qwen3-30B-A3B --total-gpus 32 --system gb300 --backend vllm --backend-version 0.22.0 --database-mode SILICON --isl 256 --osl 256 --prefix 128 --ttft 2000.0 --tpot 50.0 --top-n 1 --no-color,silicon
Qwen/Qwen3-30B-A3B,Qwen3MoeForCausalLM,gb300,vllm,0.24.0,agg,PASS,,uv run aiconfigurator cli default --model-path Qwen/Qwen3-30B-A3B --total-gpus 32 --system gb300 --backend vllm --backend-version 0.24.0 --database-mode SILICON --isl 256 --osl 256 --prefix 128 --ttft 2000.0 --tpot 50.0 --top-n 1 --no-color,silicon
Qwen/Qwen3-30B-A3B,Qwen3MoeForCausalLM,gb300,vllm,0.24.0,disagg,PASS,,uv run aiconfigurator cli default --model-path Qwen/Qwen3-30B-A3B --total-gpus 32 --system gb300 --backend vllm --backend-version 0.24.0 --database-mode SILICON --isl 256 --osl 256 --prefix 128 --ttft 2000.0 --tpot 50.0 --top-n 1 --no-color,silicon
Qwen/Qwen3-30B-A3B-FP8,Qwen3MoeForCausalLM,gb300,sglang,0.5.10,agg,PASS,,uv run aiconfigurator cli default --model-path Qwen/Qwen3-30B-A3B-FP8 --total-gpus 32 --system gb300 --backend sglang --backend-version 0.5.10 --database-mode SILICON --isl 256 --osl 256 --prefix 128 --ttft 2000.0 --tpot 50.0 --top-n 1 --no-color,silicon
Qwen/Qwen3-30B-A3B-FP8,Qwen3MoeForCausalLM,gb300,sglang,0.5.10,disagg,PASS,,uv run aiconfigurator cli default --model-path Qwen/Qwen3-30B-A3B-FP8 --total-gpus 32 --system gb300 --backend sglang --backend-version 0.5.10 --database-mode SILICON --isl 256 --osl 256 --prefix 128 --ttft 2000.0 --tpot 50.0 --top-n 1 --no-color,silicon
Qwen/Qwen3-30B-A3B-FP8,Qwen3MoeForCausalLM,gb300,sglang,0.5.12,agg,PASS,,uv run aiconfigurator cli default --model-path Qwen/Qwen3-30B-A3B-FP8 --total-gpus 32 --system gb300 --backend sglang --backend-version 0.5.12 --database-mode SILICON --isl 256 --osl 256 --prefix 128 --ttft 2000.0 --tpot 50.0 --top-n 1 --no-color,silicon
Qwen/Qwen3-30B-A3B-FP8,Qwen3MoeForCausalLM,gb300,sglang,0.5.12,disagg,PASS,,uv run aiconfigurator cli default --model-path Qwen/Qwen3-30B-A3B-FP8 --total-gpus 32 --system gb300 --backend sglang --backend-version 0.5.12 --database-mode SILICON --isl 256 --osl 256 --prefix 128 --ttft 2000.0 --tpot 50.0 --top-n 1 --no-color,silicon
Qwen/Qwen3-30B-A3B-FP8,Qwen3MoeForCausalLM,gb300,sglang,0.5.14,agg,PASS,,uv run aiconfigurator cli default --model-path Qwen/Qwen3-30B-A3B-FP8 --total-gpus 32 --system gb300 --backend sglang --backend-version 0.5.14 --database-mode SILICON --isl 256 --osl 256 --prefix 128 --ttft 2000.0 --tpot 50.0 --top-n 1 --no-color,silicon
Qwen/Qwen3-30B-A3B-FP8,Qwen3MoeForCausalLM,gb300,sglang,0.5.14,disagg,PASS,,uv run aiconfigurator cli default --model-path Qwen/Qwen3-30B-A3B-FP8 --total-gpus 32 --system gb300 --backend sglang --backend-version 0.5.14 --database-mode SILICON --isl 256 --osl 256 --prefix 128 --ttft 2000.0 --tpot 50.0 --top-n 1 --no-color,silicon
Qwen/Qwen3-30B-A3B-FP8,Qwen3MoeForCausalLM,gb300,sglang,0.5.9,agg,PASS,,uv run aiconfigurator cli default --model-path Qwen/Qwen3-30B-A3B-FP8 --total-gpus 32 --system gb300 --backend sglang --backend-version 0.5.9 --database-mode SILICON --isl 256 --osl 256 --prefix 128 --ttft 2000.0 --tpot 50.0 --top-n 1 --no-color,silicon
Qwen/Qwen3-30B-A3B-FP8,Qwen3MoeForCausalLM,gb300,sglang,0.5.9,disagg,PASS,,uv run aiconfigurator cli default --model-path Qwen/Qwen3-30B-A3B-FP8 --total-gpus 32 --system gb300 --backend sglang --backend-version 0.5.9 --database-mode SILICON --isl 256 --osl 256 --prefix 128 --ttft 2000.0 --tpot 50.0 --top-n 1 --no-color,silicon
Qwen/Qwen3-30B-A3B-FP8,Qwen3MoeForCausalLM,gb300,trtllm,1.3.0rc10,agg,FAIL,"Traceback (most recent call last):\n  File ""tools/support_matrix/support_matrix.py"", line 925, in _attempt\n    python_pareto_df = SupportMatrix._run_mode(\n                       ^^^^^^^^^^^^^^^^^^^^^^^^\n  File ""tools/support_matrix/support_matrix.py"", line 814, in _run_mode\n    pareto_df = task.run()\n                ^^^^^^^^^^\n  File ""src/aiconfigurator/sdk/task_v2.py"", line 1588, in run\n    self.validate()\n  File ""src/aiconfigurator/sdk/task_v2.py"", line 1237, in validate\n    self._validate_database_quant_modes()\n  File ""src/aiconfigurator/sdk/task_v2.py"", line 1286, in _validate_database_quant_modes\n    self._check_role_against_db(""agg"", validate_context=True, validate_generation=True)\n  File ""src/aiconfigurator/sdk/task_v2.py"", line 1398, in _check_role_against_db\n    _check(""moe"", moe_mode, profile_transfer=True)\n  File ""src/aiconfigurator/sdk/task_v2.py"", line 1379, in _check\n    raise exc_type(\nValueError: Unsupported moe quant mode 'fp8_block' for system='gb300', backend='trtllm', version='1.3.0rc10'. Supported moe modes: ['bfloat16', 'fp8', 'nvfp4', 'w4a16_mxfp4', 'w4a8_mxfp4_mxfp8']\n",uv run aiconfigurator cli default --model-path Qwen/Qwen3-30B-A3B-FP8 --total-gpus 32 --system gb300 --backend trtllm --backend-version 1.3.0rc10 --database-mode SILICON --isl 256 --osl 256 --prefix 128 --ttft 2000.0 --tpot 50.0 --top-n 1 --no-color,
Qwen/Qwen3-30B-A3B-FP8,Qwen3MoeForCausalLM,gb300,trtllm,1.3.0rc10,disagg,FAIL,"Traceback (most recent call last):\n  File ""tools/support_matrix/support_matrix.py"", line 925, in _attempt\n    python_pareto_df = SupportMatrix._run_mode(\n                       ^^^^^^^^^^^^^^^^^^^^^^^^\n  File ""tools/support_matrix/support_matrix.py"", line 814, in _run_mode\n    pareto_df = task.run()\n                ^^^^^^^^^^\n  File ""src/aiconfigurator/sdk/task_v2.py"", line 1588, in run\n    self.validate()\n  File ""src/aiconfigurator/sdk/task_v2.py"", line 1237, in validate\n    self._validate_database_quant_modes()\n  File ""src/aiconfigurator/sdk/task_v2.py"", line 1288, in _validate_database_quant_modes\n    self._check_role_against_db(""prefill"", validate_context=True, validate_generation=False)\n  File ""src/aiconfigurator/sdk/task_v2.py"", line 1398, in _check_role_against_db\n    _check(""moe"", moe_mode, profile_transfer=True)\n  File ""src/aiconfigurator/sdk/task_v2.py"", line 1379, in _check\n    raise exc_type(\nValueError: Unsupported moe quant mode 'fp8_block' for system='gb300', backend='trtllm', version='1.3.0rc10'. Supported moe modes: ['bfloat16', 'fp8', 'nvfp4', 'w4a16_mxfp4', 'w4a8_mxfp4_mxfp8']\n",uv run aiconfigurator cli default --model-path Qwen/Qwen3-30B-A3B-FP8 --total-gpus 32 --system gb300 --backend trtllm --backend-version 1.3.0rc10 --database-mode SILICON --isl 256 --osl 256 --prefix 128 --ttft 2000.0 --tpot 50.0 --top-n 1 --no-color,
Qwen/Qwen3-30B-A3B-FP8,Qwen3MoeForCausalLM,gb300,trtllm,1.3.0rc15,agg,FAIL,"Traceback (most recent call last):\n  File ""tools/support_matrix/support_matrix.py"", line 925, in _attempt\n    python_pareto_df = SupportMatrix._run_mode(\n                       ^^^^^^^^^^^^^^^^^^^^^^^^\n  File ""tools/support_matrix/support_matrix.py"", line 814, in _run_mode\n    pareto_df = task.run()\n                ^^^^^^^^^^\n  File ""src/aiconfigurator/sdk/task_v2.py"", line 1588, in run\n    self.validate()\n  File ""src/aiconfigurator/sdk/task_v2.py"", line 1237, in validate\n    self._validate_database_quant_modes()\n  File ""src/aiconfigurator/sdk/task_v2.py"", line 1286, in _validate_database_quant_modes\n    self._check_role_against_db(""agg"", validate_context=True, validate_generation=True)\n  File ""src/aiconfigurator/sdk/task_v2.py"", line 1398, in _check_role_against_db\n    _check(""moe"", moe_mode, profile_transfer=True)\n  File ""src/aiconfigurator/sdk/task_v2.py"", line 1379, in _check\n    raise exc_type(\nValueError: Unsupported moe quant mode 'fp8_block' for system='gb300', backend='trtllm', version='1.3.0rc15'. Supported moe modes: ['bfloat16', 'fp8', 'nvfp4', 'w4a16_mxfp4', 'w4a8_mxfp4_mxfp8']\n",uv run aiconfigurator cli default --model-path Qwen/Qwen3-30B-A3B-FP8 --total-gpus 32 --system gb300 --backend trtllm --backend-version 1.3.0rc15 --database-mode SILICON --isl 256 --osl 256 --prefix 128 --ttft 2000.0 --tpot 50.0 --top-n 1 --no-color,
Qwen/Qwen3-30B-A3B-FP8,Qwen3MoeForCausalLM,gb300,trtllm,1.3.0rc15,disagg,FAIL,"Traceback (most recent call last):\n  File ""tools/support_matrix/support_matrix.py"", line 925, in _attempt\n    python_pareto_df = SupportMatrix._run_mode(\n                       ^^^^^^^^^^^^^^^^^^^^^^^^\n  File ""tools/support_matrix/support_matrix.py"", line 814, in _run_mode\n    pareto_df = task.run()\n                ^^^^^^^^^^\n  File ""src/aiconfigurator/sdk/task_v2.py"", line 1588, in run\n    self.validate()\n  File ""src/aiconfigurator/sdk/task_v2.py"", line 1237, in validate\n    self._validate_database_quant_modes()\n  File ""src/aiconfigurator/sdk/task_v2.py"", line 1288, in _validate_database_quant_modes\n    self._check_role_against_db(""prefill"", validate_context=True, validate_generation=False)\n  File ""src/aiconfigurator/sdk/task_v2.py"", line 1398, in _check_role_against_db\n    _check(""moe"", moe_mode, profile_transfer=True)\n  File ""src/aiconfigurator/sdk/task_v2.py"", line 1379, in _check\n    raise exc_type(\nValueError: Unsupported moe quant mode 'fp8_block' for system='gb300', backend='trtllm', version='1.3.0rc15'. Supported moe modes: ['bfloat16', 'fp8', 'nvfp4', 'w4a16_mxfp4', 'w4a8_mxfp4_mxfp8']\n",uv run aiconfigurator cli default --model-path Qwen/Qwen3-30B-A3B-FP8 --total-gpus 32 --system gb300 --backend trtllm --backend-version 1.3.0rc15 --database-mode SILICON --isl 256 --osl 256 --prefix 128 --ttft 2000.0 --tpot 50.0 --top-n 1 --no-color,
Qwen/Qwen3-30B-A3B-FP8,Qwen3MoeForCausalLM,gb300,trtllm,1.3.0rc20,agg,PASS,,uv run aiconfigurator cli default --model-path Qwen/Qwen3-30B-A3B-FP8 --total-gpus 32 --system gb300 --backend trtllm --backend-version 1.3.0rc20 --database-mode SILICON --isl 256 --osl 256 --prefix 128 --ttft 2000.0 --tpot 50.0 --top-n 1 --no-color,silicon
Qwen/Qwen3-30B-A3B-FP8,Qwen3MoeForCausalLM,gb300,trtllm,1.3.0rc20,disagg,PASS,,uv run aiconfigurator cli default --model-path Qwen/Qwen3-30B-A3B-FP8 --total-gpus 32 --system gb300 --backend trtllm --backend-version 1.3.0rc20 --database-mode SILICON --isl 256 --osl 256 --prefix 128 --ttft 2000.0 --tpot 50.0 --top-n 1 --no-color,silicon
Qwen/Qwen3-30B-A3B-FP8,Qwen3MoeForCausalLM,gb300,vllm,0.19.0,agg,PASS,,uv run aiconfigurator cli default --model-path Qwen/Qwen3-30B-A3B-FP8 --total-gpus 32 --system gb300 --backend vllm --backend-version 0.19.0 --database-mode SILICON --isl 256 --osl 256 --prefix 128 --ttft 2000.0 --tpot 50.0 --top-n 1 --no-color,silicon
Qwen/Qwen3-30B-A3B-FP8,Qwen3MoeForCausalLM,gb300,vllm,0.19.0,disagg,PASS,,uv run aiconfigurator cli default --model-path Qwen/Qwen3-30B-A3B-FP8 --total-gpus 32 --system gb300 --backend vllm --backend-version 0.19.0 --database-mode SILICON --isl 256 --osl 256 --prefix 128 --ttft 2000.0 --tpot 50.0 --top-n 1 --no-color,silicon
Qwen/Qwen3-30B-A3B-FP8,Qwen3MoeForCausalLM,gb300,vllm,0.22.0,agg,PASS,,uv run aiconfigurator cli default --model-path Qwen/Qwen3-30B-A3B-FP8 --total-gpus 32 --system gb300 --backend vllm --backend-version 0.22.0 --database-mode SILICON --isl 256 --osl 256 --prefix 128 --ttft 2000.0 --tpot 50.0 --top-n 1 --no-color,silicon
Qwen/Qwen3-30B-A3B-FP8,Qwen3MoeForCausalLM,gb300,vllm,0.22.0,disagg,PASS,,uv run aiconfigurator cli default --model-path Qwen/Qwen3-30B-A3B-FP8 --total-gpus 32 --system gb300 --backend vllm --backend-version 0.22.0 --database-mode SILICON --isl 256 --osl 256 --prefix 128 --ttft 2000.0 --tpot 50.0 --top-n 1 --no-color,silicon
Qwen/Qwen3-30B-A3B-FP8,Qwen3MoeForCausalLM,gb300,vllm,0.24.0,agg,PASS,,uv run aiconfigurator cli default --model-path Qwen/Qwen3-30B-A3B-FP8 --total-gpus 32 --system gb300 --backend vllm --backend-version 0.24.0 --database-mode SILICON --isl 256 --osl 256 --prefix 128 --ttft 2000.0 --tpot 50.0 --top-n 1 --no-color,silicon
Qwen/Qwen3-30B-A3B-FP8,Qwen3MoeForCausalLM,gb300,vllm,0.24.0,disagg,PASS,,uv run aiconfigurator cli default --model-path Qwen/Qwen3-30B-A3B-FP8 --total-gpus 32 --system gb300 --backend vllm --backend-version 0.24.0 --database-mode SILICON --isl 256 --osl 256 --prefix 128 --ttft 2000.0 --tpot 50.0 --top-n 1 --no-color,silicon
Qwen/Qwen3-32B,Qwen3ForCausalLM,gb300,sglang,0.5.10,agg,PASS,,uv run aiconfigurator cli default --model-path Qwen/Qwen3-32B --total-gpus 32 --system gb300 --backend sglang --backend-version 0.5.10 --database-mode SILICON --isl 256 --osl 256 --prefix 128 --ttft 2000.0 --tpot 50.0 --top-n 1 --no-color,silicon
Qwen/Qwen3-32B,Qwen3ForCausalLM,gb300,sglang,0.5.10,disagg,PASS,,uv run aiconfigurator cli default --model-path Qwen/Qwen3-32B --total-gpus 32 --system gb300 --backend sglang --backend-version 0.5.10 --database-mode SILICON --isl 256 --osl 256 --prefix 128 --ttft 2000.0 --tpot 50.0 --top-n 1 --no-color,silicon
Qwen/Qwen3-32B,Qwen3ForCausalLM,gb300,sglang,0.5.12,agg,PASS,,uv run aiconfigurator cli default --model-path Qwen/Qwen3-32B --total-gpus 32 --system gb300 --backend sglang --backend-version 0.5.12 --database-mode SILICON --isl 256 --osl 256 --prefix 128 --ttft 2000.0 --tpot 50.0 --top-n 1 --no-color,silicon
Qwen/Qwen3-32B,Qwen3ForCausalLM,gb300,sglang,0.5.12,disagg,PASS,,uv run aiconfigurator cli default --model-path Qwen/Qwen3-32B --total-gpus 32 --system gb300 --backend sglang --backend-version 0.5.12 --database-mode SILICON --isl 256 --osl 256 --prefix 128 --ttft 2000.0 --tpot 50.0 --top-n 1 --no-color,silicon
Qwen/Qwen3-32B,Qwen3ForCausalLM,gb300,sglang,0.5.14,agg,PASS,,uv run aiconfigurator cli default --model-path Qwen/Qwen3-32B --total-gpus 32 --system gb300 --backend sglang --backend-version 0.5.14 --database-mode SILICON --isl 256 --osl 256 --prefix 128 --ttft 2000.0 --tpot 50.0 --top-n 1 --no-color,silicon
Qwen/Qwen3-32B,Qwen3ForCausalLM,gb300,sglang,0.5.14,disagg,PASS,,uv run aiconfigurator cli default --model-path Qwen/Qwen3-32B --total-gpus 32 --system gb300 --backend sglang --backend-version 0.5.14 --database-mode SILICON --isl 256 --osl 256 --prefix 128 --ttft 2000.0 --tpot 50.0 --top-n 1 --no-color,silicon
Qwen/Qwen3-32B,Qwen3ForCausalLM,gb300,sglang,0.5.9,agg,PASS,,uv run aiconfigurator cli default --model-path Qwen/Qwen3-32B --total-gpus 32 --system gb300 --backend sglang --backend-version 0.5.9 --database-mode SILICON --isl 256 --osl 256 --prefix 128 --ttft 2000.0 --tpot 50.0 --top-n 1 --no-color,silicon
Qwen/Qwen3-32B,Qwen3ForCausalLM,gb300,sglang,0.5.9,disagg,PASS,,uv run aiconfigurator cli default --model-path Qwen/Qwen3-32B --total-gpus 32 --system gb300 --backend sglang --backend-version 0.5.9 --database-mode SILICON --isl 256 --osl 256 --prefix 128 --ttft 2000.0 --tpot 50.0 --top-n 1 --no-color,silicon
Qwen/Qwen3-32B,Qwen3ForCausalLM,gb300,trtllm,1.3.0rc10,agg,PASS,,uv run aiconfigurator cli default --model-path Qwen/Qwen3-32B --total-gpus 32 --system gb300 --backend trtllm --backend-version 1.3.0rc10 --database-mode SILICON --isl 256 --osl 256 --prefix 128 --ttft 2000.0 --tpot 50.0 --top-n 1 --no-color,silicon
Qwen/Qwen3-32B,Qwen3ForCausalLM,gb300,trtllm,1.3.0rc10,disagg,PASS,,uv run aiconfigurator cli default --model-path Qwen/Qwen3-32B --total-gpus 32 --system gb300 --backend trtllm --backend-version 1.3.0rc10 --database-mode SILICON --isl 256 --osl 256 --prefix 128 --ttft 2000.0 --tpot 50.0 --top-n 1 --no-color,silicon
Qwen/Qwen3-32B,Qwen3ForCausalLM,gb300,trtllm,1.3.0rc15,agg,PASS,,uv run aiconfigurator cli default --model-path Qwen/Qwen3-32B --total-gpus 32 --system gb300 --backend trtllm --backend-version 1.3.0rc15 --database-mode SILICON --isl 256 --osl 256 --prefix 128 --ttft 2000.0 --tpot 50.0 --top-n 1 --no-color,silicon
Qwen/Qwen3-32B,Qwen3ForCausalLM,gb300,trtllm,1.3.0rc15,disagg,PASS,,uv run aiconfigurator cli default --model-path Qwen/Qwen3-32B --total-gpus 32 --system gb300 --backend trtllm --backend-version 1.3.0rc15 --database-mode SILICON --isl 256 --osl 256 --prefix 128 --ttft 2000.0 --tpot 50.0 --top-n 1 --no-color,silicon
Qwen/Qwen3-32B,Qwen3ForCausalLM,gb300,trtllm,1.3.0rc20,agg,PASS,,uv run aiconfigurator cli default --model-path Qwen/Qwen3-32B --total-gpus 32 --system gb300 --backend trtllm --backend-version 1.3.0rc20 --database-mode SILICON --isl 256 --osl 256 --prefix 128 --ttft 2000.0 --tpot 50.0 --top-n 1 --no-color,silicon
Qwen/Qwen3-32B,Qwen3ForCausalLM,gb300,trtllm,1.3.0rc20,disagg,PASS,,uv run aiconfigurator cli default --model-path Qwen/Qwen3-32B --total-gpus 32 --system gb300 --backend trtllm --backend-version 1.3.0rc20 --database-mode SILICON --isl 256 --osl 256 --prefix 128 --ttft 2000.0 --tpot 50.0 --top-n 1 --no-color,silicon
Qwen/Qwen3-32B,Qwen3ForCausalLM,gb300,vllm,0.19.0,agg,PASS,,uv run aiconfigurator cli default --model-path Qwen/Qwen3-32B --total-gpus 32 --system gb300 --backend vllm --backend-version 0.19.0 --database-mode SILICON --isl 256 --osl 256 --prefix 128 --ttft 2000.0 --tpot 50.0 --top-n 1 --no-color,silicon
Qwen/Qwen3-32B,Qwen3ForCausalLM,gb300,vllm,0.19.0,disagg,PASS,,uv run aiconfigurator cli default --model-path Qwen/Qwen3-32B --total-gpus 32 --system gb300 --backend vllm --backend-version 0.19.0 --database-mode SILICON --isl 256 --osl 256 --prefix 128 --ttft 2000.0 --tpot 50.0 --top-n 1 --no-color,silicon
Qwen/Qwen3-32B,Qwen3ForCausalLM,gb300,vllm,0.22.0,agg,PASS,,uv run aiconfigurator cli default --model-path Qwen/Qwen3-32B --total-gpus 32 --system gb300 --backend vllm --backend-version 0.22.0 --database-mode SILICON --isl 256 --osl 256 --prefix 128 --ttft 2000.0 --tpot 50.0 --top-n 1 --no-color,silicon
Qwen/Qwen3-32B,Qwen3ForCausalLM,gb300,vllm,0.22.0,disagg,PASS,,uv run aiconfigurator cli default --model-path Qwen/Qwen3-32B --total-gpus 32 --system gb300 --backend vllm --backend-version 0.22.0 --database-mode SILICON --isl 256 --osl 256 --prefix 128 --ttft 2000.0 --tpot 50.0 --top-n 1 --no-color,silicon
Qwen/Qwen3-32B,Qwen3ForCausalLM,gb300,vllm,0.24.0,agg,PASS,,uv run aiconfigurator cli default --model-path Qwen/Qwen3-32B --total-gpus 32 --system gb300 --backend vllm --backend-version 0.24.0 --database-mode SILICON --isl 256 --osl 256 --prefix 128 --ttft 2000.0 --tpot 50.0 --top-n 1 --no-color,silicon
Qwen/Qwen3-32B,Qwen3ForCausalLM,gb300,vllm,0.24.0,disagg,PASS,,uv run aiconfigurator cli default --model-path Qwen/Qwen3-32B --total-gpus 32 --system gb300 --backend vllm --backend-version 0.24.0 --database-mode SILICON --isl 256 --osl 256 --prefix 128 --ttft 2000.0 --tpot 50.0 --top-n 1 --no-color,silicon
Qwen/Qwen3-32B-FP8,Qwen3ForCausalLM,gb300,sglang,0.5.10,agg,PASS,,uv run aiconfigurator cli default --model-path Qwen/Qwen3-32B-FP8 --total-gpus 32 --system gb300 --backend sglang --backend-version 0.5.10 --database-mode SILICON --isl 256 --osl 256 --prefix 128 --ttft 2000.0 --tpot 50.0 --top-n 1 --no-color,silicon
Qwen/Qwen3-32B-FP8,Qwen3ForCausalLM,gb300,sglang,0.5.10,disagg,PASS,,uv run aiconfigurator cli default --model-path Qwen/Qwen3-32B-FP8 --total-gpus 32 --system gb300 --backend sglang --backend-version 0.5.10 --database-mode SILICON --isl 256 --osl 256 --prefix 128 --ttft 2000.0 --tpot 50.0 --top-n 1 --no-color,silicon
Qwen/Qwen3-32B-FP8,Qwen3ForCausalLM,gb300,sglang,0.5.12,agg,PASS,,uv run aiconfigurator cli default --model-path Qwen/Qwen3-32B-FP8 --total-gpus 32 --system gb300 --backend sglang --backend-version 0.5.12 --database-mode SILICON --isl 256 --osl 256 --prefix 128 --ttft 2000.0 --tpot 50.0 --top-n 1 --no-color,silicon
Qwen/Qwen3-32B-FP8,Qwen3ForCausalLM,gb300,sglang,0.5.12,disagg,PASS,,uv run aiconfigurator cli default --model-path Qwen/Qwen3-32B-FP8 --total-gpus 32 --system gb300 --backend sglang --backend-version 0.5.12 --database-mode SILICON --isl 256 --osl 256 --prefix 128 --ttft 2000.0 --tpot 50.0 --top-n 1 --no-color,silicon
Qwen/Qwen3-32B-FP8,Qwen3ForCausalLM,gb300,sglang,0.5.14,agg,PASS,,uv run aiconfigurator cli default --model-path Qwen/Qwen3-32B-FP8 --total-gpus 32 --system gb300 --backend sglang --backend-version 0.5.14 --database-mode SILICON --isl 256 --osl 256 --prefix 128 --ttft 2000.0 --tpot 50.0 --top-n 1 --no-color,silicon
Qwen/Qwen3-32B-FP8,Qwen3ForCausalLM,gb300,sglang,0.5.14,disagg,PASS,,uv run aiconfigurator cli default --model-path Qwen/Qwen3-32B-FP8 --total-gpus 32 --system gb300 --backend sglang --backend-version 0.5.14 --database-mode SILICON --isl 256 --osl 256 --prefix 128 --ttft 2000.0 --tpot 50.0 --top-n 1 --no-color,silicon
Qwen/Qwen3-32B-FP8,Qwen3ForCausalLM,gb300,sglang,0.5.9,agg,PASS,,uv run aiconfigurator cli default --model-path Qwen/Qwen3-32B-FP8 --total-gpus 32 --system gb300 --backend sglang --backend-version 0.5.9 --database-mode SILICON --isl 256 --osl 256 --prefix 128 --ttft 2000.0 --tpot 50.0 --top-n 1 --no-color,silicon
Qwen/Qwen3-32B-FP8,Qwen3ForCausalLM,gb300,sglang,0.5.9,disagg,PASS,,uv run aiconfigurator cli default --model-path Qwen/Qwen3-32B-FP8 --total-gpus 32 --system gb300 --backend sglang --backend-version 0.5.9 --database-mode SILICON --isl 256 --osl 256 --prefix 128 --ttft 2000.0 --tpot 50.0 --top-n 1 --no-color,silicon
Qwen/Qwen3-32B-FP8,Qwen3ForCausalLM,gb300,trtllm,1.3.0rc10,agg,PASS,,uv run aiconfigurator cli default --model-path Qwen/Qwen3-32B-FP8 --total-gpus 32 --system gb300 --backend trtllm --backend-version 1.3.0rc10 --database-mode SILICON --isl 256 --osl 256 --prefix 128 --ttft 2000.0 --tpot 50.0 --top-n 1 --no-color,silicon
Qwen/Qwen3-32B-FP8,Qwen3ForCausalLM,gb300,trtllm,1.3.0rc10,disagg,PASS,,uv run aiconfigurator cli default --model-path Qwen/Qwen3-32B-FP8 --total-gpus 32 --system gb300 --backend trtllm --backend-version 1.3.0rc10 --database-mode SILICON --isl 256 --osl 256 --prefix 128 --ttft 2000.0 --tpot 50.0 --top-n 1 --no-color,silicon
Qwen/Qwen3-32B-FP8,Qwen3ForCausalLM,gb300,trtllm,1.3.0rc15,agg,PASS,,uv run aiconfigurator cli default --model-path Qwen/Qwen3-32B-FP8 --total-gpus 32 --system gb300 --backend trtllm --backend-version 1.3.0rc15 --database-mode SILICON --isl 256 --osl 256 --prefix 128 --ttft 2000.0 --tpot 50.0 --top-n 1 --no-color,silicon
Qwen/Qwen3-32B-FP8,Qwen3ForCausalLM,gb300,trtllm,1.3.0rc15,disagg,PASS,,uv run aiconfigurator cli default --model-path Qwen/Qwen3-32B-FP8 --total-gpus 32 --system gb300 --backend trtllm --backend-version 1.3.0rc15 --database-mode SILICON --isl 256 --osl 256 --prefix 128 --ttft 2000.0 --tpot 50.0 --top-n 1 --no-color,silicon
Qwen/Qwen3-32B-FP8,Qwen3ForCausalLM,gb300,trtllm,1.3.0rc20,agg,PASS,,uv run aiconfigurator cli default --model-path Qwen/Qwen3-32B-FP8 --total-gpus 32 --system gb300 --backend trtllm --backend-version 1.3.0rc20 --database-mode SILICON --isl 256 --osl 256 --prefix 128 --ttft 2000.0 --tpot 50.0 --top-n 1 --no-color,silicon
Qwen/Qwen3-32B-FP8,Qwen3ForCausalLM,gb300,trtllm,1.3.0rc20,disagg,PASS,,uv run aiconfigurator cli default --model-path Qwen/Qwen3-32B-FP8 --total-gpus 32 --system gb300 --backend trtllm --backend-version 1.3.0rc20 --database-mode SILICON --isl 256 --osl 256 --prefix 128 --ttft 2000.0 --tpot 50.0 --top-n 1 --no-color,silicon
Qwen/Qwen3-32B-FP8,Qwen3ForCausalLM,gb300,vllm,0.19.0,agg,PASS,,uv run aiconfigurator cli default --model-path Qwen/Qwen3-32B-FP8 --total-gpus 32 --system gb300 --backend vllm --backend-version 0.19.0 --database-mode SILICON --isl 256 --osl 256 --prefix 128 --ttft 2000.0 --tpot 50.0 --top-n 1 --no-color,silicon
Qwen/Qwen3-32B-FP8,Qwen3ForCausalLM,gb300,vllm,0.19.0,disagg,PASS,,uv run aiconfigurator cli default --model-path Qwen/Qwen3-32B-FP8 --total-gpus 32 --system gb300 --backend vllm --backend-version 0.19.0 --database-mode SILICON --isl 256 --osl 256 --prefix 128 --ttft 2000.0 --tpot 50.0 --top-n 1 --no-color,silicon
Qwen/Qwen3-32B-FP8,Qwen3ForCausalLM,gb300,vllm,0.22.0,agg,PASS,,uv run aiconfigurator cli default --model-path Qwen/Qwen3-32B-FP8 --total-gpus 32 --system gb300 --backend vllm --backend-version 0.22.0 --database-mode SILICON --isl 256 --osl 256 --prefix 128 --ttft 2000.0 --tpot 50.0 --top-n 1 --no-color,silicon
Qwen/Qwen3-32B-FP8,Qwen3ForCausalLM,gb300,vllm,0.22.0,disagg,PASS,,uv run aiconfigurator cli default --model-path Qwen/Qwen3-32B-FP8 --total-gpus 32 --system gb300 --backend vllm --backend-version 0.22.0 --database-mode SILICON --isl 256 --osl 256 --prefix 128 --ttft 2000.0 --tpot 50.0 --top-n 1 --no-color,silicon
Qwen/Qwen3-32B-FP8,Qwen3ForCausalLM,gb300,vllm,0.24.0,agg,PASS,,uv run aiconfigurator cli default --model-path Qwen/Qwen3-32B-FP8 --total-gpus 32 --system gb300 --backend vllm --backend-version 0.24.0 --database-mode SILICON --isl 256 --osl 256 --prefix 128 --ttft 2000.0 --tpot 50.0 --top-n 1 --no-color,silicon
Qwen/Qwen3-32B-FP8,Qwen3ForCausalLM,gb300,vllm,0.24.0,disagg,PASS,,uv run aiconfigurator cli default --model-path Qwen/Qwen3-32B-FP8 --total-gpus 32 --system gb300 --backend vllm --backend-version 0.24.0 --database-mode SILICON --isl 256 --osl 256 --prefix 128 --ttft 2000.0 --tpot 50.0 --top-n 1 --no-color,silicon
Qwen/Qwen3-32B-FP8-Static-PerTensor,Qwen3ForCausalLM,gb300,sglang,0.5.10,agg,FRAMEWORK_INCOMPATIBLE,"Traceback (most recent call last):\n  File ""tools/support_matrix/support_matrix.py"", line 925, in _attempt\n    python_pareto_df = SupportMatrix._run_mode(\n                       ^^^^^^^^^^^^^^^^^^^^^^^^\n  File ""tools/support_matrix/support_matrix.py"", line 814, in _run_mode\n    pareto_df = task.run()\n                ^^^^^^^^^^\n  File ""src/aiconfigurator/sdk/task_v2.py"", line 1588, in run\n    self.validate()\n  File ""src/aiconfigurator/sdk/task_v2.py"", line 1237, in validate\n    self._validate_database_quant_modes()\n  File ""src/aiconfigurator/sdk/task_v2.py"", line 1286, in _validate_database_quant_modes\n    self._check_role_against_db(""agg"", validate_context=True, validate_generation=True)\n  File ""src/aiconfigurator/sdk/task_v2.py"", line 1386, in _check_role_against_db\n    _check(""gemm"", self._role_attr(role, ""gemm_quant_mode""))\n  File ""src/aiconfigurator/sdk/task_v2.py"", line 1379, in _check\n    raise exc_type(\nValueError: Unsupported gemm quant mode 'fp8_static' for system='gb300', backend='sglang', version='0.5.10'. Supported gemm modes: ['bfloat16', 'fp8', 'fp8_block', 'nvfp4']\n",uv run aiconfigurator cli default --model-path Qwen/Qwen3-32B-FP8-Static-PerTensor --total-gpus 32 --system gb300 --backend sglang --backend-version 0.5.10 --database-mode SILICON --isl 256 --osl 256 --prefix 128 --ttft 2000.0 --tpot 50.0 --top-n 1 --no-color,
Qwen/Qwen3-32B-FP8-Static-PerTensor,Qwen3ForCausalLM,gb300,sglang,0.5.10,disagg,FRAMEWORK_INCOMPATIBLE,"Traceback (most recent call last):\n  File ""tools/support_matrix/support_matrix.py"", line 925, in _attempt\n    python_pareto_df = SupportMatrix._run_mode(\n                       ^^^^^^^^^^^^^^^^^^^^^^^^\n  File ""tools/support_matrix/support_matrix.py"", line 814, in _run_mode\n    pareto_df = task.run()\n                ^^^^^^^^^^\n  File ""src/aiconfigurator/sdk/task_v2.py"", line 1588, in run\n    self.validate()\n  File ""src/aiconfigurator/sdk/task_v2.py"", line 1237, in validate\n    self._validate_database_quant_modes()\n  File ""src/aiconfigurator/sdk/task_v2.py"", line 1288, in _validate_database_quant_modes\n    self._check_role_against_db(""prefill"", validate_context=True, validate_generation=False)\n  File ""src/aiconfigurator/sdk/task_v2.py"", line 1386, in _check_role_against_db\n    _check(""gemm"", self._role_attr(role, ""gemm_quant_mode""))\n  File ""src/aiconfigurator/sdk/task_v2.py"", line 1379, in _check\n    raise exc_type(\nValueError: Unsupported gemm quant mode 'fp8_static' for system='gb300', backend='sglang', version='0.5.10'. Supported gemm modes: ['bfloat16', 'fp8', 'fp8_block', 'nvfp4']\n",uv run aiconfigurator cli default --model-path Qwen/Qwen3-32B-FP8-Static-PerTensor --total-gpus 32 --system gb300 --backend sglang --backend-version 0.5.10 --database-mode SILICON --isl 256 --osl 256 --prefix 128 --ttft 2000.0 --tpot 50.0 --top-n 1 --no-color,
Qwen/Qwen3-32B-FP8-Static-PerTensor,Qwen3ForCausalLM,gb300,sglang,0.5.12,agg,PASS,,uv run aiconfigurator cli default --model-path Qwen/Qwen3-32B-FP8-Static-PerTensor --total-gpus 32 --system gb300 --backend sglang --backend-version 0.5.12 --database-mode SILICON --isl 256 --osl 256 --prefix 128 --ttft 2000.0 --tpot 50.0 --top-n 1 --no-color,silicon
Qwen/Qwen3-32B-FP8-Static-PerTensor,Qwen3ForCausalLM,gb300,sglang,0.5.12,disagg,PASS,,uv run aiconfigurator cli default --model-path Qwen/Qwen3-32B-FP8-Static-PerTensor --total-gpus 32 --system gb300 --backend sglang --backend-version 0.5.12 --database-mode SILICON --isl 256 --osl 256 --prefix 128 --ttft 2000.0 --tpot 50.0 --top-n 1 --no-color,silicon
Qwen/Qwen3-32B-FP8-Static-PerTensor,Qwen3ForCausalLM,gb300,sglang,0.5.14,agg,PASS,,uv run aiconfigurator cli default --model-path Qwen/Qwen3-32B-FP8-Static-PerTensor --total-gpus 32 --system gb300 --backend sglang --backend-version 0.5.14 --database-mode SILICON --isl 256 --osl 256 --prefix 128 --ttft 2000.0 --tpot 50.0 --top-n 1 --no-color,silicon
Qwen/Qwen3-32B-FP8-Static-PerTensor,Qwen3ForCausalLM,gb300,sglang,0.5.14,disagg,PASS,,uv run aiconfigurator cli default --model-path Qwen/Qwen3-32B-FP8-Static-PerTensor --total-gpus 32 --system gb300 --backend sglang --backend-version 0.5.14 --database-mode SILICON --isl 256 --osl 256 --prefix 128 --ttft 2000.0 --tpot 50.0 --top-n 1 --no-color,silicon
Qwen/Qwen3-32B-FP8-Static-PerTensor,Qwen3ForCausalLM,gb300,sglang,0.5.9,agg,FRAMEWORK_INCOMPATIBLE,"Traceback (most recent call last):\n  File ""tools/support_matrix/support_matrix.py"", line 925, in _attempt\n    python_pareto_df = SupportMatrix._run_mode(\n                       ^^^^^^^^^^^^^^^^^^^^^^^^\n  File ""tools/support_matrix/support_matrix.py"", line 814, in _run_mode\n    pareto_df = task.run()\n                ^^^^^^^^^^\n  File ""src/aiconfigurator/sdk/task_v2.py"", line 1588, in run\n    self.validate()\n  File ""src/aiconfigurator/sdk/task_v2.py"", line 1237, in validate\n    self._validate_database_quant_modes()\n  File ""src/aiconfigurator/sdk/task_v2.py"", line 1286, in _validate_database_quant_modes\n    self._check_role_against_db(""agg"", validate_context=True, validate_generation=True)\n  File ""src/aiconfigurator/sdk/task_v2.py"", line 1386, in _check_role_against_db\n    _check(""gemm"", self._role_attr(role, ""gemm_quant_mode""))\n  File ""src/aiconfigurator/sdk/task_v2.py"", line 1379, in _check\n    raise exc_type(\nValueError: Unsupported gemm quant mode 'fp8_static' for system='gb300', backend='sglang', version='0.5.9'. Supported gemm modes: ['bfloat16', 'fp8', 'fp8_block', 'nvfp4']\n",uv run aiconfigurator cli default --model-path Qwen/Qwen3-32B-FP8-Static-PerTensor --total-gpus 32 --system gb300 --backend sglang --backend-version 0.5.9 --database-mode SILICON --isl 256 --osl 256 --prefix 128 --ttft 2000.0 --tpot 50.0 --top-n 1 --no-color,
Qwen/Qwen3-32B-FP8-Static-PerTensor,Qwen3ForCausalLM,gb300,sglang,0.5.9,disagg,FRAMEWORK_INCOMPATIBLE,"Traceback (most recent call last):\n  File ""tools/support_matrix/support_matrix.py"", line 925, in _attempt\n    python_pareto_df = SupportMatrix._run_mode(\n                       ^^^^^^^^^^^^^^^^^^^^^^^^\n  File ""tools/support_matrix/support_matrix.py"", line 814, in _run_mode\n    pareto_df = task.run()\n                ^^^^^^^^^^\n  File ""src/aiconfigurator/sdk/task_v2.py"", line 1588, in run\n    self.validate()\n  File ""src/aiconfigurator/sdk/task_v2.py"", line 1237, in validate\n    self._validate_database_quant_modes()\n  File ""src/aiconfigurator/sdk/task_v2.py"", line 1288, in _validate_database_quant_modes\n    self._check_role_against_db(""prefill"", validate_context=True, validate_generation=False)\n  File ""src/aiconfigurator/sdk/task_v2.py"", line 1386, in _check_role_against_db\n    _check(""gemm"", self._role_attr(role, ""gemm_quant_mode""))\n  File ""src/aiconfigurator/sdk/task_v2.py"", line 1379, in _check\n    raise exc_type(\nValueError: Unsupported gemm quant mode 'fp8_static' for system='gb300', backend='sglang', version='0.5.9'. Supported gemm modes: ['bfloat16', 'fp8', 'fp8_block', 'nvfp4']\n",uv run aiconfigurator cli default --model-path Qwen/Qwen3-32B-FP8-Static-PerTensor --total-gpus 32 --system gb300 --backend sglang --backend-version 0.5.9 --database-mode SILICON --isl 256 --osl 256 --prefix 128 --ttft 2000.0 --tpot 50.0 --top-n 1 --no-color,
Qwen/Qwen3-32B-FP8-Static-PerTensor,Qwen3ForCausalLM,gb300,trtllm,1.3.0rc10,agg,PASS,,uv run aiconfigurator cli default --model-path Qwen/Qwen3-32B-FP8-Static-PerTensor --total-gpus 32 --system gb300 --backend trtllm --backend-version 1.3.0rc10 --database-mode SILICON --isl 256 --osl 256 --prefix 128 --ttft 2000.0 --tpot 50.0 --top-n 1 --no-color,silicon
Qwen/Qwen3-32B-FP8-Static-PerTensor,Qwen3ForCausalLM,gb300,trtllm,1.3.0rc10,disagg,PASS,,uv run aiconfigurator cli default --model-path Qwen/Qwen3-32B-FP8-Static-PerTensor --total-gpus 32 --system gb300 --backend trtllm --backend-version 1.3.0rc10 --database-mode SILICON --isl 256 --osl 256 --prefix 128 --ttft 2000.0 --tpot 50.0 --top-n 1 --no-color,silicon
Qwen/Qwen3-32B-FP8-Static-PerTensor,Qwen3ForCausalLM,gb300,trtllm,1.3.0rc15,agg,PASS,,uv run aiconfigurator cli default --model-path Qwen/Qwen3-32B-FP8-Static-PerTensor --total-gpus 32 --system gb300 --backend trtllm --backend-version 1.3.0rc15 --database-mode SILICON --isl 256 --osl 256 --prefix 128 --ttft 2000.0 --tpot 50.0 --top-n 1 --no-color,silicon
Qwen/Qwen3-32B-FP8-Static-PerTensor,Qwen3ForCausalLM,gb300,trtllm,1.3.0rc15,disagg,PASS,,uv run aiconfigurator cli default --model-path Qwen/Qwen3-32B-FP8-Static-PerTensor --total-gpus 32 --system gb300 --backend trtllm --backend-version 1.3.0rc15 --database-mode SILICON --isl 256 --osl 256 --prefix 128 --ttft 2000.0 --tpot 50.0 --top-n 1 --no-color,silicon
Qwen/Qwen3-32B-FP8-Static-PerTensor,Qwen3ForCausalLM,gb300,trtllm,1.3.0rc20,agg,PASS,,uv run aiconfigurator cli default --model-path Qwen/Qwen3-32B-FP8-Static-PerTensor --total-gpus 32 --system gb300 --backend trtllm --backend-version 1.3.0rc20 --database-mode SILICON --isl 256 --osl 256 --prefix 128 --ttft 2000.0 --tpot 50.0 --top-n 1 --no-color,silicon
Qwen/Qwen3-32B-FP8-Static-PerTensor,Qwen3ForCausalLM,gb300,trtllm,1.3.0rc20,disagg,PASS,,uv run aiconfigurator cli default --model-path Qwen/Qwen3-32B-FP8-Static-PerTensor --total-gpus 32 --system gb300 --backend trtllm --backend-version 1.3.0rc20 --database-mode SILICON --isl 256 --osl 256 --prefix 128 --ttft 2000.0 --tpot 50.0 --top-n 1 --no-color,silicon
Qwen/Qwen3-32B-FP8-Static-PerTensor,Qwen3ForCausalLM,gb300,vllm,0.19.0,agg,FRAMEWORK_INCOMPATIBLE,"Traceback (most recent call last):\n  File ""tools/support_matrix/support_matrix.py"", line 925, in _attempt\n    python_pareto_df = SupportMatrix._run_mode(\n                       ^^^^^^^^^^^^^^^^^^^^^^^^\n  File ""tools/support_matrix/support_matrix.py"", line 814, in _run_mode\n    pareto_df = task.run()\n                ^^^^^^^^^^\n  File ""src/aiconfigurator/sdk/task_v2.py"", line 1588, in run\n    self.validate()\n  File ""src/aiconfigurator/sdk/task_v2.py"", line 1237, in validate\n    self._validate_database_quant_modes()\n  File ""src/aiconfigurator/sdk/task_v2.py"", line 1286, in _validate_database_quant_modes\n    self._check_role_against_db(""agg"", validate_context=True, validate_generation=True)\n  File ""src/aiconfigurator/sdk/task_v2.py"", line 1386, in _check_role_against_db\n    _check(""gemm"", self._role_attr(role, ""gemm_quant_mode""))\n  File ""src/aiconfigurator/sdk/task_v2.py"", line 1379, in _check\n    raise exc_type(\nValueError: Unsupported gemm quant mode 'fp8_static' for system='gb300', backend='vllm', version='0.19.0'. Supported gemm modes: ['bfloat16', 'fp8', 'fp8_block', 'nvfp4']\n",uv run aiconfigurator cli default --model-path Qwen/Qwen3-32B-FP8-Static-PerTensor --total-gpus 32 --system gb300 --backend vllm --backend-version 0.19.0 --database-mode SILICON --isl 256 --osl 256 --prefix 128 --ttft 2000.0 --tpot 50.0 --top-n 1 --no-color,
Qwen/Qwen3-32B-FP8-Static-PerTensor,Qwen3ForCausalLM,gb300,vllm,0.19.0,disagg,FRAMEWORK_INCOMPATIBLE,"Traceback (most recent call last):\n  File ""tools/support_matrix/support_matrix.py"", line 925, in _attempt\n    python_pareto_df = SupportMatrix._run_mode(\n                       ^^^^^^^^^^^^^^^^^^^^^^^^\n  File ""tools/support_matrix/support_matrix.py"", line 814, in _run_mode\n    pareto_df = task.run()\n                ^^^^^^^^^^\n  File ""src/aiconfigurator/sdk/task_v2.py"", line 1588, in run\n    self.validate()\n  File ""src/aiconfigurator/sdk/task_v2.py"", line 1237, in validate\n    self._validate_database_quant_modes()\n  File ""src/aiconfigurator/sdk/task_v2.py"", line 1288, in _validate_database_quant_modes\n    self._check_role_against_db(""prefill"", validate_context=True, validate_generation=False)\n  File ""src/aiconfigurator/sdk/task_v2.py"", line 1386, in _check_role_against_db\n    _check(""gemm"", self._role_attr(role, ""gemm_quant_mode""))\n  File ""src/aiconfigurator/sdk/task_v2.py"", line 1379, in _check\n    raise exc_type(\nValueError: Unsupported gemm quant mode 'fp8_static' for system='gb300', backend='vllm', version='0.19.0'. Supported gemm modes: ['bfloat16', 'fp8', 'fp8_block', 'nvfp4']\n",uv run aiconfigurator cli default --model-path Qwen/Qwen3-32B-FP8-Static-PerTensor --total-gpus 32 --system gb300 --backend vllm --backend-version 0.19.0 --database-mode SILICON --isl 256 --osl 256 --prefix 128 --ttft 2000.0 --tpot 50.0 --top-n 1 --no-color,
Qwen/Qwen3-32B-FP8-Static-PerTensor,Qwen3ForCausalLM,gb300,vllm,0.22.0,agg,PASS,,uv run aiconfigurator cli default --model-path Qwen/Qwen3-32B-FP8-Static-PerTensor --total-gpus 32 --system gb300 --backend vllm --backend-version 0.22.0 --database-mode SILICON --isl 256 --osl 256 --prefix 128 --ttft 2000.0 --tpot 50.0 --top-n 1 --no-color,silicon
Qwen/Qwen3-32B-FP8-Static-PerTensor,Qwen3ForCausalLM,gb300,vllm,0.22.0,disagg,PASS,,uv run aiconfigurator cli default --model-path Qwen/Qwen3-32B-FP8-Static-PerTensor --total-gpus 32 --system gb300 --backend vllm --backend-version 0.22.0 --database-mode SILICON --isl 256 --osl 256 --prefix 128 --ttft 2000.0 --tpot 50.0 --top-n 1 --no-color,silicon
Qwen/Qwen3-32B-FP8-Static-PerTensor,Qwen3ForCausalLM,gb300,vllm,0.24.0,agg,PASS,,uv run aiconfigurator cli default --model-path Qwen/Qwen3-32B-FP8-Static-PerTensor --total-gpus 32 --system gb300 --backend vllm --backend-version 0.24.0 --database-mode SILICON --isl 256 --osl 256 --prefix 128 --ttft 2000.0 --tpot 50.0 --top-n 1 --no-color,silicon
Qwen/Qwen3-32B-FP8-Static-PerTensor,Qwen3ForCausalLM,gb300,vllm,0.24.0,disagg,PASS,,uv run aiconfigurator cli default --model-path Qwen/Qwen3-32B-FP8-Static-PerTensor --total-gpus 32 --system gb300 --backend vllm --backend-version 0.24.0 --database-mode SILICON --isl 256 --osl 256 --prefix 128 --ttft 2000.0 --tpot 50.0 --top-n 1 --no-color,silicon
Qwen/Qwen3-8B,Qwen3ForCausalLM,gb300,sglang,0.5.10,agg,PASS,,uv run aiconfigurator cli default --model-path Qwen/Qwen3-8B --total-gpus 4 --system gb300 --backend sglang --backend-version 0.5.10 --database-mode SILICON --isl 256 --osl 256 --prefix 128 --ttft 1500.0 --tpot 50.0 --top-n 1 --no-color,silicon
Qwen/Qwen3-8B,Qwen3ForCausalLM,gb300,sglang,0.5.10,disagg,PASS,,uv run aiconfigurator cli default --model-path Qwen/Qwen3-8B --total-gpus 4 --system gb300 --backend sglang --backend-version 0.5.10 --database-mode SILICON --isl 256 --osl 256 --prefix 128 --ttft 1500.0 --tpot 50.0 --top-n 1 --no-color,silicon
Qwen/Qwen3-8B,Qwen3ForCausalLM,gb300,sglang,0.5.12,agg,PASS,,uv run aiconfigurator cli default --model-path Qwen/Qwen3-8B --total-gpus 4 --system gb300 --backend sglang --backend-version 0.5.12 --database-mode SILICON --isl 256 --osl 256 --prefix 128 --ttft 1500.0 --tpot 50.0 --top-n 1 --no-color,silicon
Qwen/Qwen3-8B,Qwen3ForCausalLM,gb300,sglang,0.5.12,disagg,PASS,,uv run aiconfigurator cli default --model-path Qwen/Qwen3-8B --total-gpus 4 --system gb300 --backend sglang --backend-version 0.5.12 --database-mode SILICON --isl 256 --osl 256 --prefix 128 --ttft 1500.0 --tpot 50.0 --top-n 1 --no-color,silicon
Qwen/Qwen3-8B,Qwen3ForCausalLM,gb300,sglang,0.5.14,agg,PASS,,uv run aiconfigurator cli default --model-path Qwen/Qwen3-8B --total-gpus 4 --system gb300 --backend sglang --backend-version 0.5.14 --database-mode SILICON --isl 256 --osl 256 --prefix 128 --ttft 1500.0 --tpot 50.0 --top-n 1 --no-color,silicon
Qwen/Qwen3-8B,Qwen3ForCausalLM,gb300,sglang,0.5.14,disagg,PASS,,uv run aiconfigurator cli default --model-path Qwen/Qwen3-8B --total-gpus 4 --system gb300 --backend sglang --backend-version 0.5.14 --database-mode SILICON --isl 256 --osl 256 --prefix 128 --ttft 1500.0 --tpot 50.0 --top-n 1 --no-color,silicon
Qwen/Qwen3-8B,Qwen3ForCausalLM,gb300,sglang,0.5.9,agg,PASS,,uv run aiconfigurator cli default --model-path Qwen/Qwen3-8B --total-gpus 4 --system gb300 --backend sglang --backend-version 0.5.9 --database-mode SILICON --isl 256 --osl 256 --prefix 128 --ttft 1500.0 --tpot 50.0 --top-n 1 --no-color,silicon
Qwen/Qwen3-8B,Qwen3ForCausalLM,gb300,sglang,0.5.9,disagg,PASS,,uv run aiconfigurator cli default --model-path Qwen/Qwen3-8B --total-gpus 4 --system gb300 --backend sglang --backend-version 0.5.9 --database-mode SILICON --isl 256 --osl 256 --prefix 128 --ttft 1500.0 --tpot 50.0 --top-n 1 --no-color,silicon
Qwen/Qwen3-8B,Qwen3ForCausalLM,gb300,trtllm,1.3.0rc10,agg,PASS,,uv run aiconfigurator cli default --model-path Qwen/Qwen3-8B --total-gpus 4 --system gb300 --backend trtllm --backend-version 1.3.0rc10 --database-mode SILICON --isl 256 --osl 256 --prefix 128 --ttft 1500.0 --tpot 50.0 --top-n 1 --no-color,silicon
Qwen/Qwen3-8B,Qwen3ForCausalLM,gb300,trtllm,1.3.0rc10,disagg,PASS,,uv run aiconfigurator cli default --model-path Qwen/Qwen3-8B --total-gpus 4 --system gb300 --backend trtllm --backend-version 1.3.0rc10 --database-mode SILICON --isl 256 --osl 256 --prefix 128 --ttft 1500.0 --tpot 50.0 --top-n 1 --no-color,silicon
Qwen/Qwen3-8B,Qwen3ForCausalLM,gb300,trtllm,1.3.0rc15,agg,PASS,,uv run aiconfigurator cli default --model-path Qwen/Qwen3-8B --total-gpus 4 --system gb300 --backend trtllm --backend-version 1.3.0rc15 --database-mode SILICON --isl 256 --osl 256 --prefix 128 --ttft 1500.0 --tpot 50.0 --top-n 1 --no-color,silicon
Qwen/Qwen3-8B,Qwen3ForCausalLM,gb300,trtllm,1.3.0rc15,disagg,PASS,,uv run aiconfigurator cli default --model-path Qwen/Qwen3-8B --total-gpus 4 --system gb300 --backend trtllm --backend-version 1.3.0rc15 --database-mode SILICON --isl 256 --osl 256 --prefix 128 --ttft 1500.0 --tpot 50.0 --top-n 1 --no-color,silicon
Qwen/Qwen3-8B,Qwen3ForCausalLM,gb300,trtllm,1.3.0rc20,agg,PASS,,uv run aiconfigurator cli default --model-path Qwen/Qwen3-8B --total-gpus 4 --system gb300 --backend trtllm --backend-version 1.3.0rc20 --database-mode SILICON --isl 256 --osl 256 --prefix 128 --ttft 1500.0 --tpot 50.0 --top-n 1 --no-color,silicon
Qwen/Qwen3-8B,Qwen3ForCausalLM,gb300,trtllm,1.3.0rc20,disagg,PASS,,uv run aiconfigurator cli default --model-path Qwen/Qwen3-8B --total-gpus 4 --system gb300 --backend trtllm --backend-version 1.3.0rc20 --database-mode SILICON --isl 256 --osl 256 --prefix 128 --ttft 1500.0 --tpot 50.0 --top-n 1 --no-color,silicon
Qwen/Qwen3-8B,Qwen3ForCausalLM,gb300,vllm,0.19.0,agg,PASS,,uv run aiconfigurator cli default --model-path Qwen/Qwen3-8B --total-gpus 4 --system gb300 --backend vllm --backend-version 0.19.0 --database-mode SILICON --isl 256 --osl 256 --prefix 128 --ttft 1500.0 --tpot 50.0 --top-n 1 --no-color,silicon
Qwen/Qwen3-8B,Qwen3ForCausalLM,gb300,vllm,0.19.0,disagg,PASS,,uv run aiconfigurator cli default --model-path Qwen/Qwen3-8B --total-gpus 4 --system gb300 --backend vllm --backend-version 0.19.0 --database-mode SILICON --isl 256 --osl 256 --prefix 128 --ttft 1500.0 --tpot 50.0 --top-n 1 --no-color,silicon
Qwen/Qwen3-8B,Qwen3ForCausalLM,gb300,vllm,0.22.0,agg,PASS,,uv run aiconfigurator cli default --model-path Qwen/Qwen3-8B --total-gpus 4 --system gb300 --backend vllm --backend-version 0.22.0 --database-mode SILICON --isl 256 --osl 256 --prefix 128 --ttft 1500.0 --tpot 50.0 --top-n 1 --no-color,silicon
Qwen/Qwen3-8B,Qwen3ForCausalLM,gb300,vllm,0.22.0,disagg,PASS,,uv run aiconfigurator cli default --model-path Qwen/Qwen3-8B --total-gpus 4 --system gb300 --backend vllm --backend-version 0.22.0 --database-mode SILICON --isl 256 --osl 256 --prefix 128 --ttft 1500.0 --tpot 50.0 --top-n 1 --no-color,silicon
Qwen/Qwen3-8B,Qwen3ForCausalLM,gb300,vllm,0.24.0,agg,PASS,,uv run aiconfigurator cli default --model-path Qwen/Qwen3-8B --total-gpus 4 --system gb300 --backend vllm --backend-version 0.24.0 --database-mode SILICON --isl 256 --osl 256 --prefix 128 --ttft 1500.0 --tpot 50.0 --top-n 1 --no-color,silicon
Qwen/Qwen3-8B,Qwen3ForCausalLM,gb300,vllm,0.24.0,disagg,PASS,,uv run aiconfigurator cli default --model-path Qwen/Qwen3-8B --total-gpus 4 --system gb300 --backend vllm --backend-version 0.24.0 --database-mode SILICON --isl 256 --osl 256 --prefix 128 --ttft 1500.0 --tpot 50.0 --top-n 1 --no-color,silicon
Qwen/Qwen3-Coder-480B-A35B-Instruct,Qwen3MoeForCausalLM,gb300,sglang,0.5.10,agg,PASS,,uv run aiconfigurator cli default --model-path Qwen/Qwen3-Coder-480B-A35B-Instruct --total-gpus 128 --system gb300 --backend sglang --backend-version 0.5.10 --database-mode SILICON --isl 256 --osl 256 --prefix 128 --ttft 2000000.0 --tpot 50000.0 --top-n 1 --no-color,silicon
Qwen/Qwen3-Coder-480B-A35B-Instruct,Qwen3MoeForCausalLM,gb300,sglang,0.5.10,disagg,PASS,,uv run aiconfigurator cli default --model-path Qwen/Qwen3-Coder-480B-A35B-Instruct --total-gpus 128 --system gb300 --backend sglang --backend-version 0.5.10 --database-mode SILICON --isl 256 --osl 256 --prefix 128 --ttft 2000000.0 --tpot 50000.0 --top-n 1 --no-color,silicon
Qwen/Qwen3-Coder-480B-A35B-Instruct,Qwen3MoeForCausalLM,gb300,sglang,0.5.12,agg,PASS,,uv run aiconfigurator cli default --model-path Qwen/Qwen3-Coder-480B-A35B-Instruct --total-gpus 128 --system gb300 --backend sglang --backend-version 0.5.12 --database-mode SILICON --isl 256 --osl 256 --prefix 128 --ttft 2000000.0 --tpot 50000.0 --top-n 1 --no-color,silicon
Qwen/Qwen3-Coder-480B-A35B-Instruct,Qwen3MoeForCausalLM,gb300,sglang,0.5.12,disagg,PASS,,uv run aiconfigurator cli default --model-path Qwen/Qwen3-Coder-480B-A35B-Instruct --total-gpus 128 --system gb300 --backend sglang --backend-version 0.5.12 --database-mode SILICON --isl 256 --osl 256 --prefix 128 --ttft 2000000.0 --tpot 50000.0 --top-n 1 --no-color,silicon
Qwen/Qwen3-Coder-480B-A35B-Instruct,Qwen3MoeForCausalLM,gb300,sglang,0.5.14,agg,PASS,,uv run aiconfigurator cli default --model-path Qwen/Qwen3-Coder-480B-A35B-Instruct --total-gpus 128 --system gb300 --backend sglang --backend-version 0.5.14 --database-mode SILICON --isl 256 --osl 256 --prefix 128 --ttft 2000000.0 --tpot 50000.0 --top-n 1 --no-color,silicon
Qwen/Qwen3-Coder-480B-A35B-Instruct,Qwen3MoeForCausalLM,gb300,sglang,0.5.14,disagg,PASS,,uv run aiconfigurator cli default --model-path Qwen/Qwen3-Coder-480B-A35B-Instruct --total-gpus 128 --system gb300 --backend sglang --backend-version 0.5.14 --database-mode SILICON --isl 256 --osl 256 --prefix 128 --ttft 2000000.0 --tpot 50000.0 --top-n 1 --no-color,silicon
Qwen/Qwen3-Coder-480B-A35B-Instruct,Qwen3MoeForCausalLM,gb300,sglang,0.5.9,agg,PASS,,uv run aiconfigurator cli default --model-path Qwen/Qwen3-Coder-480B-A35B-Instruct --total-gpus 128 --system gb300 --backend sglang --backend-version 0.5.9 --database-mode SILICON --isl 256 --osl 256 --prefix 128 --ttft 2000000.0 --tpot 50000.0 --top-n 1 --no-color,silicon
Qwen/Qwen3-Coder-480B-A35B-Instruct,Qwen3MoeForCausalLM,gb300,sglang,0.5.9,disagg,PASS,,uv run aiconfigurator cli default --model-path Qwen/Qwen3-Coder-480B-A35B-Instruct --total-gpus 128 --system gb300 --backend sglang --backend-version 0.5.9 --database-mode SILICON --isl 256 --osl 256 --prefix 128 --ttft 2000000.0 --tpot 50000.0 --top-n 1 --no-color,silicon
Qwen/Qwen3-Coder-480B-A35B-Instruct,Qwen3MoeForCausalLM,gb300,trtllm,1.3.0rc10,agg,PASS,,uv run aiconfigurator cli default --model-path Qwen/Qwen3-Coder-480B-A35B-Instruct --total-gpus 128 --system gb300 --backend trtllm --backend-version 1.3.0rc10 --database-mode SILICON --isl 256 --osl 256 --prefix 128 --ttft 2000000.0 --tpot 50000.0 --top-n 1 --no-color,silicon
Qwen/Qwen3-Coder-480B-A35B-Instruct,Qwen3MoeForCausalLM,gb300,trtllm,1.3.0rc10,disagg,PASS,,uv run aiconfigurator cli default --model-path Qwen/Qwen3-Coder-480B-A35B-Instruct --total-gpus 128 --system gb300 --backend trtllm --backend-version 1.3.0rc10 --database-mode SILICON --isl 256 --osl 256 --prefix 128 --ttft 2000000.0 --tpot 50000.0 --top-n 1 --no-color,silicon
Qwen/Qwen3-Coder-480B-A35B-Instruct,Qwen3MoeForCausalLM,gb300,trtllm,1.3.0rc15,agg,PASS,,uv run aiconfigurator cli default --model-path Qwen/Qwen3-Coder-480B-A35B-Instruct --total-gpus 128 --system gb300 --backend trtllm --backend-version 1.3.0rc15 --database-mode SILICON --isl 256 --osl 256 --prefix 128 --ttft 2000000.0 --tpot 50000.0 --top-n 1 --no-color,silicon
Qwen/Qwen3-Coder-480B-A35B-Instruct,Qwen3MoeForCausalLM,gb300,trtllm,1.3.0rc15,disagg,PASS,,uv run aiconfigurator cli default --model-path Qwen/Qwen3-Coder-480B-A35B-Instruct --total-gpus 128 --system gb300 --backend trtllm --backend-version 1.3.0rc15 --database-mode SILICON --isl 256 --osl 256 --prefix 128 --ttft 2000000.0 --tpot 50000.0 --top-n 1 --no-color,silicon
Qwen/Qwen3-Coder-480B-A35B-Instruct,Qwen3MoeForCausalLM,gb300,trtllm,1.3.0rc20,agg,PASS,,uv run aiconfigurator cli default --model-path Qwen/Qwen3-Coder-480B-A35B-Instruct --total-gpus 128 --system gb300 --backend trtllm --backend-version 1.3.0rc20 --database-mode SILICON --isl 256 --osl 256 --prefix 128 --ttft 2000000.0 --tpot 50000.0 --top-n 1 --no-color,silicon
Qwen/Qwen3-Coder-480B-A35B-Instruct,Qwen3MoeForCausalLM,gb300,trtllm,1.3.0rc20,disagg,PASS,,uv run aiconfigurator cli default --model-path Qwen/Qwen3-Coder-480B-A35B-Instruct --total-gpus 128 --system gb300 --backend trtllm --backend-version 1.3.0rc20 --database-mode SILICON --isl 256 --osl 256 --prefix 128 --ttft 2000000.0 --tpot 50000.0 --top-n 1 --no-color,silicon
Qwen/Qwen3-Coder-480B-A35B-Instruct,Qwen3MoeForCausalLM,gb300,vllm,0.19.0,agg,PASS,,uv run aiconfigurator cli default --model-path Qwen/Qwen3-Coder-480B-A35B-Instruct --total-gpus 128 --system gb300 --backend vllm --backend-version 0.19.0 --database-mode SILICON --isl 256 --osl 256 --prefix 128 --ttft 2000000.0 --tpot 50000.0 --top-n 1 --no-color,silicon
Qwen/Qwen3-Coder-480B-A35B-Instruct,Qwen3MoeForCausalLM,gb300,vllm,0.19.0,disagg,PASS,,uv run aiconfigurator cli default --model-path Qwen/Qwen3-Coder-480B-A35B-Instruct --total-gpus 128 --system gb300 --backend vllm --backend-version 0.19.0 --database-mode SILICON --isl 256 --osl 256 --prefix 128 --ttft 2000000.0 --tpot 50000.0 --top-n 1 --no-color,silicon
Qwen/Qwen3-Coder-480B-A35B-Instruct,Qwen3MoeForCausalLM,gb300,vllm,0.22.0,agg,PASS,,uv run aiconfigurator cli default --model-path Qwen/Qwen3-Coder-480B-A35B-Instruct --total-gpus 128 --system gb300 --backend vllm --backend-version 0.22.0 --database-mode SILICON --isl 256 --osl 256 --prefix 128 --ttft 2000000.0 --tpot 50000.0 --top-n 1 --no-color,silicon
Qwen/Qwen3-Coder-480B-A35B-Instruct,Qwen3MoeForCausalLM,gb300,vllm,0.22.0,disagg,PASS,,uv run aiconfigurator cli default --model-path Qwen/Qwen3-Coder-480B-A35B-Instruct --total-gpus 128 --system gb300 --backend vllm --backend-version 0.22.0 --database-mode SILICON --isl 256 --osl 256 --prefix 128 --ttft 2000000.0 --tpot 50000.0 --top-n 1 --no-color,silicon
Qwen/Qwen3-Coder-480B-A35B-Instruct,Qwen3MoeForCausalLM,gb300,vllm,0.24.0,agg,PASS,,uv run aiconfigurator cli default --model-path Qwen/Qwen3-Coder-480B-A35B-Instruct --total-gpus 128 --system gb300 --backend vllm --backend-version 0.24.0 --database-mode SILICON --isl 256 --osl 256 --prefix 128 --ttft 2000000.0 --tpot 50000.0 --top-n 1 --no-color,silicon
Qwen/Qwen3-Coder-480B-A35B-Instruct,Qwen3MoeForCausalLM,gb300,vllm,0.24.0,disagg,PASS,,uv run aiconfigurator cli default --model-path Qwen/Qwen3-Coder-480B-A35B-Instruct --total-gpus 128 --system gb300 --backend vllm --backend-version 0.24.0 --database-mode SILICON --isl 256 --osl 256 --prefix 128 --ttft 2000000.0 --tpot 50000.0 --top-n 1 --no-color,silicon
Qwen/Qwen3-VL-235B-A22B-Instruct,Qwen3VLMoeForConditionalGeneration,gb300,sglang,0.5.10,agg,PASS,,uv run aiconfigurator cli default --model-path Qwen/Qwen3-VL-235B-A22B-Instruct --total-gpus 128 --system gb300 --backend sglang --backend-version 0.5.10 --database-mode SILICON --isl 256 --osl 256 --prefix 128 --ttft 2000000.0 --tpot 50000.0 --top-n 1 --no-color,silicon
Qwen/Qwen3-VL-235B-A22B-Instruct,Qwen3VLMoeForConditionalGeneration,gb300,sglang,0.5.10,disagg,PASS,,uv run aiconfigurator cli default --model-path Qwen/Qwen3-VL-235B-A22B-Instruct --total-gpus 128 --system gb300 --backend sglang --backend-version 0.5.10 --database-mode SILICON --isl 256 --osl 256 --prefix 128 --ttft 2000000.0 --tpot 50000.0 --top-n 1 --no-color,silicon
Qwen/Qwen3-VL-235B-A22B-Instruct,Qwen3VLMoeForConditionalGeneration,gb300,sglang,0.5.12,agg,PASS,,uv run aiconfigurator cli default --model-path Qwen/Qwen3-VL-235B-A22B-Instruct --total-gpus 128 --system gb300 --backend sglang --backend-version 0.5.12 --database-mode SILICON --isl 256 --osl 256 --prefix 128 --ttft 2000000.0 --tpot 50000.0 --top-n 1 --no-color,silicon
Qwen/Qwen3-VL-235B-A22B-Instruct,Qwen3VLMoeForConditionalGeneration,gb300,sglang,0.5.12,disagg,PASS,,uv run aiconfigurator cli default --model-path Qwen/Qwen3-VL-235B-A22B-Instruct --total-gpus 128 --system gb300 --backend sglang --backend-version 0.5.12 --database-mode SILICON --isl 256 --osl 256 --prefix 128 --ttft 2000000.0 --tpot 50000.0 --top-n 1 --no-color,silicon
Qwen/Qwen3-VL-235B-A22B-Instruct,Qwen3VLMoeForConditionalGeneration,gb300,sglang,0.5.14,agg,PASS,,uv run aiconfigurator cli default --model-path Qwen/Qwen3-VL-235B-A22B-Instruct --total-gpus 128 --system gb300 --backend sglang --backend-version 0.5.14 --database-mode SILICON --isl 256 --osl 256 --prefix 128 --ttft 2000000.0 --tpot 50000.0 --top-n 1 --no-color,silicon
Qwen/Qwen3-VL-235B-A22B-Instruct,Qwen3VLMoeForConditionalGeneration,gb300,sglang,0.5.14,disagg,PASS,,uv run aiconfigurator cli default --model-path Qwen/Qwen3-VL-235B-A22B-Instruct --total-gpus 128 --system gb300 --backend sglang --backend-version 0.5.14 --database-mode SILICON --isl 256 --osl 256 --prefix 128 --ttft 2000000.0 --tpot 50000.0 --top-n 1 --no-color,silicon
Qwen/Qwen3-VL-235B-A22B-Instruct,Qwen3VLMoeForConditionalGeneration,gb300,sglang,0.5.9,agg,PASS,,uv run aiconfigurator cli default --model-path Qwen/Qwen3-VL-235B-A22B-Instruct --total-gpus 128 --system gb300 --backend sglang --backend-version 0.5.9 --database-mode SILICON --isl 256 --osl 256 --prefix 128 --ttft 2000000.0 --tpot 50000.0 --top-n 1 --no-color,silicon
Qwen/Qwen3-VL-235B-A22B-Instruct,Qwen3VLMoeForConditionalGeneration,gb300,sglang,0.5.9,disagg,PASS,,uv run aiconfigurator cli default --model-path Qwen/Qwen3-VL-235B-A22B-Instruct --total-gpus 128 --system gb300 --backend sglang --backend-version 0.5.9 --database-mode SILICON --isl 256 --osl 256 --prefix 128 --ttft 2000000.0 --tpot 50000.0 --top-n 1 --no-color,silicon
Qwen/Qwen3-VL-235B-A22B-Instruct,Qwen3VLMoeForConditionalGeneration,gb300,trtllm,1.3.0rc10,agg,PASS,,uv run aiconfigurator cli default --model-path Qwen/Qwen3-VL-235B-A22B-Instruct --total-gpus 128 --system gb300 --backend trtllm --backend-version 1.3.0rc10 --database-mode SILICON --isl 256 --osl 256 --prefix 128 --ttft 2000000.0 --tpot 50000.0 --top-n 1 --no-color,silicon
Qwen/Qwen3-VL-235B-A22B-Instruct,Qwen3VLMoeForConditionalGeneration,gb300,trtllm,1.3.0rc10,disagg,PASS,,uv run aiconfigurator cli default --model-path Qwen/Qwen3-VL-235B-A22B-Instruct --total-gpus 128 --system gb300 --backend trtllm --backend-version 1.3.0rc10 --database-mode SILICON --isl 256 --osl 256 --prefix 128 --ttft 2000000.0 --tpot 50000.0 --top-n 1 --no-color,silicon
Qwen/Qwen3-VL-235B-A22B-Instruct,Qwen3VLMoeForConditionalGeneration,gb300,trtllm,1.3.0rc15,agg,PASS,,uv run aiconfigurator cli default --model-path Qwen/Qwen3-VL-235B-A22B-Instruct --total-gpus 128 --system gb300 --backend trtllm --backend-version 1.3.0rc15 --database-mode SILICON --isl 256 --osl 256 --prefix 128 --ttft 2000000.0 --tpot 50000.0 --top-n 1 --no-color,silicon
Qwen/Qwen3-VL-235B-A22B-Instruct,Qwen3VLMoeForConditionalGeneration,gb300,trtllm,1.3.0rc15,disagg,PASS,,uv run aiconfigurator cli default --model-path Qwen/Qwen3-VL-235B-A22B-Instruct --total-gpus 128 --system gb300 --backend trtllm --backend-version 1.3.0rc15 --database-mode SILICON --isl 256 --osl 256 --prefix 128 --ttft 2000000.0 --tpot 50000.0 --top-n 1 --no-color,silicon
Qwen/Qwen3-VL-235B-A22B-Instruct,Qwen3VLMoeForConditionalGeneration,gb300,trtllm,1.3.0rc20,agg,PASS,,uv run aiconfigurator cli default --model-path Qwen/Qwen3-VL-235B-A22B-Instruct --total-gpus 128 --system gb300 --backend trtllm --backend-version 1.3.0rc20 --database-mode SILICON --isl 256 --osl 256 --prefix 128 --ttft 2000000.0 --tpot 50000.0 --top-n 1 --no-color,silicon
Qwen/Qwen3-VL-235B-A22B-Instruct,Qwen3VLMoeForConditionalGeneration,gb300,trtllm,1.3.0rc20,disagg,PASS,,uv run aiconfigurator cli default --model-path Qwen/Qwen3-VL-235B-A22B-Instruct --total-gpus 128 --system gb300 --backend trtllm --backend-version 1.3.0rc20 --database-mode SILICON --isl 256 --osl 256 --prefix 128 --ttft 2000000.0 --tpot 50000.0 --top-n 1 --no-color,silicon
Qwen/Qwen3-VL-235B-A22B-Instruct,Qwen3VLMoeForConditionalGeneration,gb300,vllm,0.19.0,agg,PASS,,uv run aiconfigurator cli default --model-path Qwen/Qwen3-VL-235B-A22B-Instruct --total-gpus 128 --system gb300 --backend vllm --backend-version 0.19.0 --database-mode SILICON --isl 256 --osl 256 --prefix 128 --ttft 2000000.0 --tpot 50000.0 --top-n 1 --no-color,silicon
Qwen/Qwen3-VL-235B-A22B-Instruct,Qwen3VLMoeForConditionalGeneration,gb300,vllm,0.19.0,disagg,PASS,,uv run aiconfigurator cli default --model-path Qwen/Qwen3-VL-235B-A22B-Instruct --total-gpus 128 --system gb300 --backend vllm --backend-version 0.19.0 --database-mode SILICON --isl 256 --osl 256 --prefix 128 --ttft 2000000.0 --tpot 50000.0 --top-n 1 --no-color,silicon
Qwen/Qwen3-VL-235B-A22B-Instruct,Qwen3VLMoeForConditionalGeneration,gb300,vllm,0.22.0,agg,PASS,,uv run aiconfigurator cli default --model-path Qwen/Qwen3-VL-235B-A22B-Instruct --total-gpus 128 --system gb300 --backend vllm --backend-version 0.22.0 --database-mode SILICON --isl 256 --osl 256 --prefix 128 --ttft 2000000.0 --tpot 50000.0 --top-n 1 --no-color,silicon
Qwen/Qwen3-VL-235B-A22B-Instruct,Qwen3VLMoeForConditionalGeneration,gb300,vllm,0.22.0,disagg,PASS,,uv run aiconfigurator cli default --model-path Qwen/Qwen3-VL-235B-A22B-Instruct --total-gpus 128 --system gb300 --backend vllm --backend-version 0.22.0 --database-mode SILICON --isl 256 --osl 256 --prefix 128 --ttft 2000000.0 --tpot 50000.0 --top-n 1 --no-color,silicon
Qwen/Qwen3-VL-235B-A22B-Instruct,Qwen3VLMoeForConditionalGeneration,gb300,vllm,0.24.0,agg,PASS,,uv run aiconfigurator cli default --model-path Qwen/Qwen3-VL-235B-A22B-Instruct --total-gpus 128 --system gb300 --backend vllm --backend-version 0.24.0 --database-mode SILICON --isl 256 --osl 256 --prefix 128 --ttft 2000000.0 --tpot 50000.0 --top-n 1 --no-color,silicon
Qwen/Qwen3-VL-235B-A22B-Instruct,Qwen3VLMoeForConditionalGeneration,gb300,vllm,0.24.0,disagg,PASS,,uv run aiconfigurator cli default --model-path Qwen/Qwen3-VL-235B-A22B-Instruct --total-gpus 128 --system gb300 --backend vllm --backend-version 0.24.0 --database-mode SILICON --isl 256 --osl 256 --prefix 128 --ttft 2000000.0 --tpot 50000.0 --top-n 1 --no-color,silicon
Qwen/Qwen3-VL-2B-Instruct,Qwen3VLForConditionalGeneration,gb300,sglang,0.5.10,agg,PASS,,uv run aiconfigurator cli default --model-path Qwen/Qwen3-VL-2B-Instruct --total-gpus 4 --system gb300 --backend sglang --backend-version 0.5.10 --database-mode SILICON --isl 256 --osl 256 --prefix 128 --ttft 1500.0 --tpot 50.0 --top-n 1 --no-color,silicon
Qwen/Qwen3-VL-2B-Instruct,Qwen3VLForConditionalGeneration,gb300,sglang,0.5.10,disagg,PASS,,uv run aiconfigurator cli default --model-path Qwen/Qwen3-VL-2B-Instruct --total-gpus 4 --system gb300 --backend sglang --backend-version 0.5.10 --database-mode SILICON --isl 256 --osl 256 --prefix 128 --ttft 1500.0 --tpot 50.0 --top-n 1 --no-color,silicon
Qwen/Qwen3-VL-2B-Instruct,Qwen3VLForConditionalGeneration,gb300,sglang,0.5.12,agg,PASS,,uv run aiconfigurator cli default --model-path Qwen/Qwen3-VL-2B-Instruct --total-gpus 4 --system gb300 --backend sglang --backend-version 0.5.12 --database-mode SILICON --isl 256 --osl 256 --prefix 128 --ttft 1500.0 --tpot 50.0 --top-n 1 --no-color,silicon
Qwen/Qwen3-VL-2B-Instruct,Qwen3VLForConditionalGeneration,gb300,sglang,0.5.12,disagg,PASS,,uv run aiconfigurator cli default --model-path Qwen/Qwen3-VL-2B-Instruct --total-gpus 4 --system gb300 --backend sglang --backend-version 0.5.12 --database-mode SILICON --isl 256 --osl 256 --prefix 128 --ttft 1500.0 --tpot 50.0 --top-n 1 --no-color,silicon
Qwen/Qwen3-VL-2B-Instruct,Qwen3VLForConditionalGeneration,gb300,sglang,0.5.14,agg,PASS,,uv run aiconfigurator cli default --model-path Qwen/Qwen3-VL-2B-Instruct --total-gpus 4 --system gb300 --backend sglang --backend-version 0.5.14 --database-mode SILICON --isl 256 --osl 256 --prefix 128 --ttft 1500.0 --tpot 50.0 --top-n 1 --no-color,silicon
Qwen/Qwen3-VL-2B-Instruct,Qwen3VLForConditionalGeneration,gb300,sglang,0.5.14,disagg,PASS,,uv run aiconfigurator cli default --model-path Qwen/Qwen3-VL-2B-Instruct --total-gpus 4 --system gb300 --backend sglang --backend-version 0.5.14 --database-mode SILICON --isl 256 --osl 256 --prefix 128 --ttft 1500.0 --tpot 50.0 --top-n 1 --no-color,silicon
Qwen/Qwen3-VL-2B-Instruct,Qwen3VLForConditionalGeneration,gb300,sglang,0.5.9,agg,PASS,,uv run aiconfigurator cli default --model-path Qwen/Qwen3-VL-2B-Instruct --total-gpus 4 --system gb300 --backend sglang --backend-version 0.5.9 --database-mode SILICON --isl 256 --osl 256 --prefix 128 --ttft 1500.0 --tpot 50.0 --top-n 1 --no-color,silicon
Qwen/Qwen3-VL-2B-Instruct,Qwen3VLForConditionalGeneration,gb300,sglang,0.5.9,disagg,PASS,,uv run aiconfigurator cli default --model-path Qwen/Qwen3-VL-2B-Instruct --total-gpus 4 --system gb300 --backend sglang --backend-version 0.5.9 --database-mode SILICON --isl 256 --osl 256 --prefix 128 --ttft 1500.0 --tpot 50.0 --top-n 1 --no-color,silicon
Qwen/Qwen3-VL-2B-Instruct,Qwen3VLForConditionalGeneration,gb300,trtllm,1.3.0rc10,agg,PASS,,uv run aiconfigurator cli default --model-path Qwen/Qwen3-VL-2B-Instruct --total-gpus 4 --system gb300 --backend trtllm --backend-version 1.3.0rc10 --database-mode SILICON --isl 256 --osl 256 --prefix 128 --ttft 1500.0 --tpot 50.0 --top-n 1 --no-color,silicon
Qwen/Qwen3-VL-2B-Instruct,Qwen3VLForConditionalGeneration,gb300,trtllm,1.3.0rc10,disagg,PASS,,uv run aiconfigurator cli default --model-path Qwen/Qwen3-VL-2B-Instruct --total-gpus 4 --system gb300 --backend trtllm --backend-version 1.3.0rc10 --database-mode SILICON --isl 256 --osl 256 --prefix 128 --ttft 1500.0 --tpot 50.0 --top-n 1 --no-color,silicon
Qwen/Qwen3-VL-2B-Instruct,Qwen3VLForConditionalGeneration,gb300,trtllm,1.3.0rc15,agg,PASS,,uv run aiconfigurator cli default --model-path Qwen/Qwen3-VL-2B-Instruct --total-gpus 4 --system gb300 --backend trtllm --backend-version 1.3.0rc15 --database-mode SILICON --isl 256 --osl 256 --prefix 128 --ttft 1500.0 --tpot 50.0 --top-n 1 --no-color,silicon
Qwen/Qwen3-VL-2B-Instruct,Qwen3VLForConditionalGeneration,gb300,trtllm,1.3.0rc15,disagg,PASS,,uv run aiconfigurator cli default --model-path Qwen/Qwen3-VL-2B-Instruct --total-gpus 4 --system gb300 --backend trtllm --backend-version 1.3.0rc15 --database-mode SILICON --isl 256 --osl 256 --prefix 128 --ttft 1500.0 --tpot 50.0 --top-n 1 --no-color,silicon
Qwen/Qwen3-VL-2B-Instruct,Qwen3VLForConditionalGeneration,gb300,trtllm,1.3.0rc20,agg,PASS,,uv run aiconfigurator cli default --model-path Qwen/Qwen3-VL-2B-Instruct --total-gpus 4 --system gb300 --backend trtllm --backend-version 1.3.0rc20 --database-mode SILICON --isl 256 --osl 256 --prefix 128 --ttft 1500.0 --tpot 50.0 --top-n 1 --no-color,silicon
Qwen/Qwen3-VL-2B-Instruct,Qwen3VLForConditionalGeneration,gb300,trtllm,1.3.0rc20,disagg,PASS,,uv run aiconfigurator cli default --model-path Qwen/Qwen3-VL-2B-Instruct --total-gpus 4 --system gb300 --backend trtllm --backend-version 1.3.0rc20 --database-mode SILICON --isl 256 --osl 256 --prefix 128 --ttft 1500.0 --tpot 50.0 --top-n 1 --no-color,silicon
Qwen/Qwen3-VL-2B-Instruct,Qwen3VLForConditionalGeneration,gb300,vllm,0.19.0,agg,PASS,,uv run aiconfigurator cli default --model-path Qwen/Qwen3-VL-2B-Instruct --total-gpus 4 --system gb300 --backend vllm --backend-version 0.19.0 --database-mode SILICON --isl 256 --osl 256 --prefix 128 --ttft 1500.0 --tpot 50.0 --top-n 1 --no-color,silicon
Qwen/Qwen3-VL-2B-Instruct,Qwen3VLForConditionalGeneration,gb300,vllm,0.19.0,disagg,PASS,,uv run aiconfigurator cli default --model-path Qwen/Qwen3-VL-2B-Instruct --total-gpus 4 --system gb300 --backend vllm --backend-version 0.19.0 --database-mode SILICON --isl 256 --osl 256 --prefix 128 --ttft 1500.0 --tpot 50.0 --top-n 1 --no-color,silicon
Qwen/Qwen3-VL-2B-Instruct,Qwen3VLForConditionalGeneration,gb300,vllm,0.22.0,agg,PASS,,uv run aiconfigurator cli default --model-path Qwen/Qwen3-VL-2B-Instruct --total-gpus 4 --system gb300 --backend vllm --backend-version 0.22.0 --database-mode SILICON --isl 256 --osl 256 --prefix 128 --ttft 1500.0 --tpot 50.0 --top-n 1 --no-color,silicon
Qwen/Qwen3-VL-2B-Instruct,Qwen3VLForConditionalGeneration,gb300,vllm,0.22.0,disagg,PASS,,uv run aiconfigurator cli default --model-path Qwen/Qwen3-VL-2B-Instruct --total-gpus 4 --system gb300 --backend vllm --backend-version 0.22.0 --database-mode SILICON --isl 256 --osl 256 --prefix 128 --ttft 1500.0 --tpot 50.0 --top-n 1 --no-color,silicon
Qwen/Qwen3-VL-2B-Instruct,Qwen3VLForConditionalGeneration,gb300,vllm,0.24.0,agg,PASS,,uv run aiconfigurator cli default --model-path Qwen/Qwen3-VL-2B-Instruct --total-gpus 4 --system gb300 --backend vllm --backend-version 0.24.0 --database-mode SILICON --isl 256 --osl 256 --prefix 128 --ttft 1500.0 --tpot 50.0 --top-n 1 --no-color,silicon
Qwen/Qwen3-VL-2B-Instruct,Qwen3VLForConditionalGeneration,gb300,vllm,0.24.0,disagg,PASS,,uv run aiconfigurator cli default --model-path Qwen/Qwen3-VL-2B-Instruct --total-gpus 4 --system gb300 --backend vllm --backend-version 0.24.0 --database-mode SILICON --isl 256 --osl 256 --prefix 128 --ttft 1500.0 --tpot 50.0 --top-n 1 --no-color,silicon
Qwen/Qwen3-VL-30B-A3B-Instruct,Qwen3VLMoeForConditionalGeneration,gb300,sglang,0.5.10,agg,PASS,,uv run aiconfigurator cli default --model-path Qwen/Qwen3-VL-30B-A3B-Instruct --total-gpus 32 --system gb300 --backend sglang --backend-version 0.5.10 --database-mode SILICON --isl 256 --osl 256 --prefix 128 --ttft 2000.0 --tpot 50.0 --top-n 1 --no-color,silicon
Qwen/Qwen3-VL-30B-A3B-Instruct,Qwen3VLMoeForConditionalGeneration,gb300,sglang,0.5.10,disagg,PASS,,uv run aiconfigurator cli default --model-path Qwen/Qwen3-VL-30B-A3B-Instruct --total-gpus 32 --system gb300 --backend sglang --backend-version 0.5.10 --database-mode SILICON --isl 256 --osl 256 --prefix 128 --ttft 2000.0 --tpot 50.0 --top-n 1 --no-color,silicon
Qwen/Qwen3-VL-30B-A3B-Instruct,Qwen3VLMoeForConditionalGeneration,gb300,sglang,0.5.12,agg,PASS,,uv run aiconfigurator cli default --model-path Qwen/Qwen3-VL-30B-A3B-Instruct --total-gpus 32 --system gb300 --backend sglang --backend-version 0.5.12 --database-mode SILICON --isl 256 --osl 256 --prefix 128 --ttft 2000.0 --tpot 50.0 --top-n 1 --no-color,silicon
Qwen/Qwen3-VL-30B-A3B-Instruct,Qwen3VLMoeForConditionalGeneration,gb300,sglang,0.5.12,disagg,PASS,,uv run aiconfigurator cli default --model-path Qwen/Qwen3-VL-30B-A3B-Instruct --total-gpus 32 --system gb300 --backend sglang --backend-version 0.5.12 --database-mode SILICON --isl 256 --osl 256 --prefix 128 --ttft 2000.0 --tpot 50.0 --top-n 1 --no-color,silicon
Qwen/Qwen3-VL-30B-A3B-Instruct,Qwen3VLMoeForConditionalGeneration,gb300,sglang,0.5.14,agg,PASS,,uv run aiconfigurator cli default --model-path Qwen/Qwen3-VL-30B-A3B-Instruct --total-gpus 32 --system gb300 --backend sglang --backend-version 0.5.14 --database-mode SILICON --isl 256 --osl 256 --prefix 128 --ttft 2000.0 --tpot 50.0 --top-n 1 --no-color,silicon
Qwen/Qwen3-VL-30B-A3B-Instruct,Qwen3VLMoeForConditionalGeneration,gb300,sglang,0.5.14,disagg,PASS,,uv run aiconfigurator cli default --model-path Qwen/Qwen3-VL-30B-A3B-Instruct --total-gpus 32 --system gb300 --backend sglang --backend-version 0.5.14 --database-mode SILICON --isl 256 --osl 256 --prefix 128 --ttft 2000.0 --tpot 50.0 --top-n 1 --no-color,silicon
Qwen/Qwen3-VL-30B-A3B-Instruct,Qwen3VLMoeForConditionalGeneration,gb300,sglang,0.5.9,agg,PASS,,uv run aiconfigurator cli default --model-path Qwen/Qwen3-VL-30B-A3B-Instruct --total-gpus 32 --system gb300 --backend sglang --backend-version 0.5.9 --database-mode SILICON --isl 256 --osl 256 --prefix 128 --ttft 2000.0 --tpot 50.0 --top-n 1 --no-color,silicon
Qwen/Qwen3-VL-30B-A3B-Instruct,Qwen3VLMoeForConditionalGeneration,gb300,sglang,0.5.9,disagg,PASS,,uv run aiconfigurator cli default --model-path Qwen/Qwen3-VL-30B-A3B-Instruct --total-gpus 32 --system gb300 --backend sglang --backend-version 0.5.9 --database-mode SILICON --isl 256 --osl 256 --prefix 128 --ttft 2000.0 --tpot 50.0 --top-n 1 --no-color,silicon
Qwen/Qwen3-VL-30B-A3B-Instruct,Qwen3VLMoeForConditionalGeneration,gb300,trtllm,1.3.0rc10,agg,PASS,,uv run aiconfigurator cli default --model-path Qwen/Qwen3-VL-30B-A3B-Instruct --total-gpus 32 --system gb300 --backend trtllm --backend-version 1.3.0rc10 --database-mode SILICON --isl 256 --osl 256 --prefix 128 --ttft 2000.0 --tpot 50.0 --top-n 1 --no-color,silicon
Qwen/Qwen3-VL-30B-A3B-Instruct,Qwen3VLMoeForConditionalGeneration,gb300,trtllm,1.3.0rc10,disagg,PASS,,uv run aiconfigurator cli default --model-path Qwen/Qwen3-VL-30B-A3B-Instruct --total-gpus 32 --system gb300 --backend trtllm --backend-version 1.3.0rc10 --database-mode SILICON --isl 256 --osl 256 --prefix 128 --ttft 2000.0 --tpot 50.0 --top-n 1 --no-color,silicon
Qwen/Qwen3-VL-30B-A3B-Instruct,Qwen3VLMoeForConditionalGeneration,gb300,trtllm,1.3.0rc15,agg,PASS,,uv run aiconfigurator cli default --model-path Qwen/Qwen3-VL-30B-A3B-Instruct --total-gpus 32 --system gb300 --backend trtllm --backend-version 1.3.0rc15 --database-mode SILICON --isl 256 --osl 256 --prefix 128 --ttft 2000.0 --tpot 50.0 --top-n 1 --no-color,silicon
Qwen/Qwen3-VL-30B-A3B-Instruct,Qwen3VLMoeForConditionalGeneration,gb300,trtllm,1.3.0rc15,disagg,PASS,,uv run aiconfigurator cli default --model-path Qwen/Qwen3-VL-30B-A3B-Instruct --total-gpus 32 --system gb300 --backend trtllm --backend-version 1.3.0rc15 --database-mode SILICON --isl 256 --osl 256 --prefix 128 --ttft 2000.0 --tpot 50.0 --top-n 1 --no-color,silicon
Qwen/Qwen3-VL-30B-A3B-Instruct,Qwen3VLMoeForConditionalGeneration,gb300,trtllm,1.3.0rc20,agg,PASS,,uv run aiconfigurator cli default --model-path Qwen/Qwen3-VL-30B-A3B-Instruct --total-gpus 32 --system gb300 --backend trtllm --backend-version 1.3.0rc20 --database-mode SILICON --isl 256 --osl 256 --prefix 128 --ttft 2000.0 --tpot 50.0 --top-n 1 --no-color,silicon
Qwen/Qwen3-VL-30B-A3B-Instruct,Qwen3VLMoeForConditionalGeneration,gb300,trtllm,1.3.0rc20,disagg,PASS,,uv run aiconfigurator cli default --model-path Qwen/Qwen3-VL-30B-A3B-Instruct --total-gpus 32 --system gb300 --backend trtllm --backend-version 1.3.0rc20 --database-mode SILICON --isl 256 --osl 256 --prefix 128 --ttft 2000.0 --tpot 50.0 --top-n 1 --no-color,silicon
Qwen/Qwen3-VL-30B-A3B-Instruct,Qwen3VLMoeForConditionalGeneration,gb300,vllm,0.19.0,agg,PASS,,uv run aiconfigurator cli default --model-path Qwen/Qwen3-VL-30B-A3B-Instruct --total-gpus 32 --system gb300 --backend vllm --backend-version 0.19.0 --database-mode SILICON --isl 256 --osl 256 --prefix 128 --ttft 2000.0 --tpot 50.0 --top-n 1 --no-color,silicon
Qwen/Qwen3-VL-30B-A3B-Instruct,Qwen3VLMoeForConditionalGeneration,gb300,vllm,0.19.0,disagg,PASS,,uv run aiconfigurator cli default --model-path Qwen/Qwen3-VL-30B-A3B-Instruct --total-gpus 32 --system gb300 --backend vllm --backend-version 0.19.0 --database-mode SILICON --isl 256 --osl 256 --prefix 128 --ttft 2000.0 --tpot 50.0 --top-n 1 --no-color,silicon
Qwen/Qwen3-VL-30B-A3B-Instruct,Qwen3VLMoeForConditionalGeneration,gb300,vllm,0.22.0,agg,PASS,,uv run aiconfigurator cli default --model-path Qwen/Qwen3-VL-30B-A3B-Instruct --total-gpus 32 --system gb300 --backend vllm --backend-version 0.22.0 --database-mode SILICON --isl 256 --osl 256 --prefix 128 --ttft 2000.0 --tpot 50.0 --top-n 1 --no-color,silicon
Qwen/Qwen3-VL-30B-A3B-Instruct,Qwen3VLMoeForConditionalGeneration,gb300,vllm,0.22.0,disagg,PASS,,uv run aiconfigurator cli default --model-path Qwen/Qwen3-VL-30B-A3B-Instruct --total-gpus 32 --system gb300 --backend vllm --backend-version 0.22.0 --database-mode SILICON --isl 256 --osl 256 --prefix 128 --ttft 2000.0 --tpot 50.0 --top-n 1 --no-color,silicon
Qwen/Qwen3-VL-30B-A3B-Instruct,Qwen3VLMoeForConditionalGeneration,gb300,vllm,0.24.0,agg,PASS,,uv run aiconfigurator cli default --model-path Qwen/Qwen3-VL-30B-A3B-Instruct --total-gpus 32 --system gb300 --backend vllm --backend-version 0.24.0 --database-mode SILICON --isl 256 --osl 256 --prefix 128 --ttft 2000.0 --tpot 50.0 --top-n 1 --no-color,silicon
Qwen/Qwen3-VL-30B-A3B-Instruct,Qwen3VLMoeForConditionalGeneration,gb300,vllm,0.24.0,disagg,PASS,,uv run aiconfigurator cli default --model-path Qwen/Qwen3-VL-30B-A3B-Instruct --total-gpus 32 --system gb300 --backend vllm --backend-version 0.24.0 --database-mode SILICON --isl 256 --osl 256 --prefix 128 --ttft 2000.0 --tpot 50.0 --top-n 1 --no-color,silicon
Qwen/Qwen3-VL-32B-Instruct,Qwen3VLForConditionalGeneration,gb300,sglang,0.5.10,agg,PASS,,uv run aiconfigurator cli default --model-path Qwen/Qwen3-VL-32B-Instruct --total-gpus 32 --system gb300 --backend sglang --backend-version 0.5.10 --database-mode SILICON --isl 256 --osl 256 --prefix 128 --ttft 2000.0 --tpot 50.0 --top-n 1 --no-color,silicon
Qwen/Qwen3-VL-32B-Instruct,Qwen3VLForConditionalGeneration,gb300,sglang,0.5.10,disagg,PASS,,uv run aiconfigurator cli default --model-path Qwen/Qwen3-VL-32B-Instruct --total-gpus 32 --system gb300 --backend sglang --backend-version 0.5.10 --database-mode SILICON --isl 256 --osl 256 --prefix 128 --ttft 2000.0 --tpot 50.0 --top-n 1 --no-color,silicon
Qwen/Qwen3-VL-32B-Instruct,Qwen3VLForConditionalGeneration,gb300,sglang,0.5.12,agg,PASS,,uv run aiconfigurator cli default --model-path Qwen/Qwen3-VL-32B-Instruct --total-gpus 32 --system gb300 --backend sglang --backend-version 0.5.12 --database-mode SILICON --isl 256 --osl 256 --prefix 128 --ttft 2000.0 --tpot 50.0 --top-n 1 --no-color,silicon
Qwen/Qwen3-VL-32B-Instruct,Qwen3VLForConditionalGeneration,gb300,sglang,0.5.12,disagg,PASS,,uv run aiconfigurator cli default --model-path Qwen/Qwen3-VL-32B-Instruct --total-gpus 32 --system gb300 --backend sglang --backend-version 0.5.12 --database-mode SILICON --isl 256 --osl 256 --prefix 128 --ttft 2000.0 --tpot 50.0 --top-n 1 --no-color,silicon
Qwen/Qwen3-VL-32B-Instruct,Qwen3VLForConditionalGeneration,gb300,sglang,0.5.14,agg,PASS,,uv run aiconfigurator cli default --model-path Qwen/Qwen3-VL-32B-Instruct --total-gpus 32 --system gb300 --backend sglang --backend-version 0.5.14 --database-mode SILICON --isl 256 --osl 256 --prefix 128 --ttft 2000.0 --tpot 50.0 --top-n 1 --no-color,silicon
Qwen/Qwen3-VL-32B-Instruct,Qwen3VLForConditionalGeneration,gb300,sglang,0.5.14,disagg,PASS,,uv run aiconfigurator cli default --model-path Qwen/Qwen3-VL-32B-Instruct --total-gpus 32 --system gb300 --backend sglang --backend-version 0.5.14 --database-mode SILICON --isl 256 --osl 256 --prefix 128 --ttft 2000.0 --tpot 50.0 --top-n 1 --no-color,silicon
Qwen/Qwen3-VL-32B-Instruct,Qwen3VLForConditionalGeneration,gb300,sglang,0.5.9,agg,PASS,,uv run aiconfigurator cli default --model-path Qwen/Qwen3-VL-32B-Instruct --total-gpus 32 --system gb300 --backend sglang --backend-version 0.5.9 --database-mode SILICON --isl 256 --osl 256 --prefix 128 --ttft 2000.0 --tpot 50.0 --top-n 1 --no-color,silicon
Qwen/Qwen3-VL-32B-Instruct,Qwen3VLForConditionalGeneration,gb300,sglang,0.5.9,disagg,PASS,,uv run aiconfigurator cli default --model-path Qwen/Qwen3-VL-32B-Instruct --total-gpus 32 --system gb300 --backend sglang --backend-version 0.5.9 --database-mode SILICON --isl 256 --osl 256 --prefix 128 --ttft 2000.0 --tpot 50.0 --top-n 1 --no-color,silicon
Qwen/Qwen3-VL-32B-Instruct,Qwen3VLForConditionalGeneration,gb300,trtllm,1.3.0rc10,agg,PASS,,uv run aiconfigurator cli default --model-path Qwen/Qwen3-VL-32B-Instruct --total-gpus 32 --system gb300 --backend trtllm --backend-version 1.3.0rc10 --database-mode SILICON --isl 256 --osl 256 --prefix 128 --ttft 2000.0 --tpot 50.0 --top-n 1 --no-color,silicon
Qwen/Qwen3-VL-32B-Instruct,Qwen3VLForConditionalGeneration,gb300,trtllm,1.3.0rc10,disagg,PASS,,uv run aiconfigurator cli default --model-path Qwen/Qwen3-VL-32B-Instruct --total-gpus 32 --system gb300 --backend trtllm --backend-version 1.3.0rc10 --database-mode SILICON --isl 256 --osl 256 --prefix 128 --ttft 2000.0 --tpot 50.0 --top-n 1 --no-color,silicon
Qwen/Qwen3-VL-32B-Instruct,Qwen3VLForConditionalGeneration,gb300,trtllm,1.3.0rc15,agg,PASS,,uv run aiconfigurator cli default --model-path Qwen/Qwen3-VL-32B-Instruct --total-gpus 32 --system gb300 --backend trtllm --backend-version 1.3.0rc15 --database-mode SILICON --isl 256 --osl 256 --prefix 128 --ttft 2000.0 --tpot 50.0 --top-n 1 --no-color,silicon
Qwen/Qwen3-VL-32B-Instruct,Qwen3VLForConditionalGeneration,gb300,trtllm,1.3.0rc15,disagg,PASS,,uv run aiconfigurator cli default --model-path Qwen/Qwen3-VL-32B-Instruct --total-gpus 32 --system gb300 --backend trtllm --backend-version 1.3.0rc15 --database-mode SILICON --isl 256 --osl 256 --prefix 128 --ttft 2000.0 --tpot 50.0 --top-n 1 --no-color,silicon
Qwen/Qwen3-VL-32B-Instruct,Qwen3VLForConditionalGeneration,gb300,trtllm,1.3.0rc20,agg,PASS,,uv run aiconfigurator cli default --model-path Qwen/Qwen3-VL-32B-Instruct --total-gpus 32 --system gb300 --backend trtllm --backend-version 1.3.0rc20 --database-mode SILICON --isl 256 --osl 256 --prefix 128 --ttft 2000.0 --tpot 50.0 --top-n 1 --no-color,silicon
Qwen/Qwen3-VL-32B-Instruct,Qwen3VLForConditionalGeneration,gb300,trtllm,1.3.0rc20,disagg,PASS,,uv run aiconfigurator cli default --model-path Qwen/Qwen3-VL-32B-Instruct --total-gpus 32 --system gb300 --backend trtllm --backend-version 1.3.0rc20 --database-mode SILICON --isl 256 --osl 256 --prefix 128 --ttft 2000.0 --tpot 50.0 --top-n 1 --no-color,silicon
Qwen/Qwen3-VL-32B-Instruct,Qwen3VLForConditionalGeneration,gb300,vllm,0.19.0,agg,PASS,,uv run aiconfigurator cli default --model-path Qwen/Qwen3-VL-32B-Instruct --total-gpus 32 --system gb300 --backend vllm --backend-version 0.19.0 --database-mode SILICON --isl 256 --osl 256 --prefix 128 --ttft 2000.0 --tpot 50.0 --top-n 1 --no-color,silicon
Qwen/Qwen3-VL-32B-Instruct,Qwen3VLForConditionalGeneration,gb300,vllm,0.19.0,disagg,PASS,,uv run aiconfigurator cli default --model-path Qwen/Qwen3-VL-32B-Instruct --total-gpus 32 --system gb300 --backend vllm --backend-version 0.19.0 --database-mode SILICON --isl 256 --osl 256 --prefix 128 --ttft 2000.0 --tpot 50.0 --top-n 1 --no-color,silicon
Qwen/Qwen3-VL-32B-Instruct,Qwen3VLForConditionalGeneration,gb300,vllm,0.22.0,agg,PASS,,uv run aiconfigurator cli default --model-path Qwen/Qwen3-VL-32B-Instruct --total-gpus 32 --system gb300 --backend vllm --backend-version 0.22.0 --database-mode SILICON --isl 256 --osl 256 --prefix 128 --ttft 2000.0 --tpot 50.0 --top-n 1 --no-color,silicon
Qwen/Qwen3-VL-32B-Instruct,Qwen3VLForConditionalGeneration,gb300,vllm,0.22.0,disagg,PASS,,uv run aiconfigurator cli default --model-path Qwen/Qwen3-VL-32B-Instruct --total-gpus 32 --system gb300 --backend vllm --backend-version 0.22.0 --database-mode SILICON --isl 256 --osl 256 --prefix 128 --ttft 2000.0 --tpot 50.0 --top-n 1 --no-color,silicon
Qwen/Qwen3-VL-32B-Instruct,Qwen3VLForConditionalGeneration,gb300,vllm,0.24.0,agg,PASS,,uv run aiconfigurator cli default --model-path Qwen/Qwen3-VL-32B-Instruct --total-gpus 32 --system gb300 --backend vllm --backend-version 0.24.0 --database-mode SILICON --isl 256 --osl 256 --prefix 128 --ttft 2000.0 --tpot 50.0 --top-n 1 --no-color,silicon
Qwen/Qwen3-VL-32B-Instruct,Qwen3VLForConditionalGeneration,gb300,vllm,0.24.0,disagg,PASS,,uv run aiconfigurator cli default --model-path Qwen/Qwen3-VL-32B-Instruct --total-gpus 32 --system gb300 --backend vllm --backend-version 0.24.0 --database-mode SILICON --isl 256 --osl 256 --prefix 128 --ttft 2000.0 --tpot 50.0 --top-n 1 --no-color,silicon
Qwen/Qwen3-VL-32B-Thinking,Qwen3VLForConditionalGeneration,gb300,sglang,0.5.10,agg,PASS,,uv run aiconfigurator cli default --model-path Qwen/Qwen3-VL-32B-Thinking --total-gpus 32 --system gb300 --backend sglang --backend-version 0.5.10 --database-mode SILICON --isl 256 --osl 256 --prefix 128 --ttft 2000.0 --tpot 50.0 --top-n 1 --no-color,silicon
Qwen/Qwen3-VL-32B-Thinking,Qwen3VLForConditionalGeneration,gb300,sglang,0.5.10,disagg,PASS,,uv run aiconfigurator cli default --model-path Qwen/Qwen3-VL-32B-Thinking --total-gpus 32 --system gb300 --backend sglang --backend-version 0.5.10 --database-mode SILICON --isl 256 --osl 256 --prefix 128 --ttft 2000.0 --tpot 50.0 --top-n 1 --no-color,silicon
Qwen/Qwen3-VL-32B-Thinking,Qwen3VLForConditionalGeneration,gb300,sglang,0.5.12,agg,PASS,,uv run aiconfigurator cli default --model-path Qwen/Qwen3-VL-32B-Thinking --total-gpus 32 --system gb300 --backend sglang --backend-version 0.5.12 --database-mode SILICON --isl 256 --osl 256 --prefix 128 --ttft 2000.0 --tpot 50.0 --top-n 1 --no-color,silicon
Qwen/Qwen3-VL-32B-Thinking,Qwen3VLForConditionalGeneration,gb300,sglang,0.5.12,disagg,PASS,,uv run aiconfigurator cli default --model-path Qwen/Qwen3-VL-32B-Thinking --total-gpus 32 --system gb300 --backend sglang --backend-version 0.5.12 --database-mode SILICON --isl 256 --osl 256 --prefix 128 --ttft 2000.0 --tpot 50.0 --top-n 1 --no-color,silicon
Qwen/Qwen3-VL-32B-Thinking,Qwen3VLForConditionalGeneration,gb300,sglang,0.5.14,agg,PASS,,uv run aiconfigurator cli default --model-path Qwen/Qwen3-VL-32B-Thinking --total-gpus 32 --system gb300 --backend sglang --backend-version 0.5.14 --database-mode SILICON --isl 256 --osl 256 --prefix 128 --ttft 2000.0 --tpot 50.0 --top-n 1 --no-color,silicon
Qwen/Qwen3-VL-32B-Thinking,Qwen3VLForConditionalGeneration,gb300,sglang,0.5.14,disagg,PASS,,uv run aiconfigurator cli default --model-path Qwen/Qwen3-VL-32B-Thinking --total-gpus 32 --system gb300 --backend sglang --backend-version 0.5.14 --database-mode SILICON --isl 256 --osl 256 --prefix 128 --ttft 2000.0 --tpot 50.0 --top-n 1 --no-color,silicon
Qwen/Qwen3-VL-32B-Thinking,Qwen3VLForConditionalGeneration,gb300,sglang,0.5.9,agg,PASS,,uv run aiconfigurator cli default --model-path Qwen/Qwen3-VL-32B-Thinking --total-gpus 32 --system gb300 --backend sglang --backend-version 0.5.9 --database-mode SILICON --isl 256 --osl 256 --prefix 128 --ttft 2000.0 --tpot 50.0 --top-n 1 --no-color,silicon
Qwen/Qwen3-VL-32B-Thinking,Qwen3VLForConditionalGeneration,gb300,sglang,0.5.9,disagg,PASS,,uv run aiconfigurator cli default --model-path Qwen/Qwen3-VL-32B-Thinking --total-gpus 32 --system gb300 --backend sglang --backend-version 0.5.9 --database-mode SILICON --isl 256 --osl 256 --prefix 128 --ttft 2000.0 --tpot 50.0 --top-n 1 --no-color,silicon
Qwen/Qwen3-VL-32B-Thinking,Qwen3VLForConditionalGeneration,gb300,trtllm,1.3.0rc10,agg,PASS,,uv run aiconfigurator cli default --model-path Qwen/Qwen3-VL-32B-Thinking --total-gpus 32 --system gb300 --backend trtllm --backend-version 1.3.0rc10 --database-mode SILICON --isl 256 --osl 256 --prefix 128 --ttft 2000.0 --tpot 50.0 --top-n 1 --no-color,silicon
Qwen/Qwen3-VL-32B-Thinking,Qwen3VLForConditionalGeneration,gb300,trtllm,1.3.0rc10,disagg,PASS,,uv run aiconfigurator cli default --model-path Qwen/Qwen3-VL-32B-Thinking --total-gpus 32 --system gb300 --backend trtllm --backend-version 1.3.0rc10 --database-mode SILICON --isl 256 --osl 256 --prefix 128 --ttft 2000.0 --tpot 50.0 --top-n 1 --no-color,silicon
Qwen/Qwen3-VL-32B-Thinking,Qwen3VLForConditionalGeneration,gb300,trtllm,1.3.0rc15,agg,PASS,,uv run aiconfigurator cli default --model-path Qwen/Qwen3-VL-32B-Thinking --total-gpus 32 --system gb300 --backend trtllm --backend-version 1.3.0rc15 --database-mode SILICON --isl 256 --osl 256 --prefix 128 --ttft 2000.0 --tpot 50.0 --top-n 1 --no-color,silicon
Qwen/Qwen3-VL-32B-Thinking,Qwen3VLForConditionalGeneration,gb300,trtllm,1.3.0rc15,disagg,PASS,,uv run aiconfigurator cli default --model-path Qwen/Qwen3-VL-32B-Thinking --total-gpus 32 --system gb300 --backend trtllm --backend-version 1.3.0rc15 --database-mode SILICON --isl 256 --osl 256 --prefix 128 --ttft 2000.0 --tpot 50.0 --top-n 1 --no-color,silicon
Qwen/Qwen3-VL-32B-Thinking,Qwen3VLForConditionalGeneration,gb300,trtllm,1.3.0rc20,agg,PASS,,uv run aiconfigurator cli default --model-path Qwen/Qwen3-VL-32B-Thinking --total-gpus 32 --system gb300 --backend trtllm --backend-version 1.3.0rc20 --database-mode SILICON --isl 256 --osl 256 --prefix 128 --ttft 2000.0 --tpot 50.0 --top-n 1 --no-color,silicon
Qwen/Qwen3-VL-32B-Thinking,Qwen3VLForConditionalGeneration,gb300,trtllm,1.3.0rc20,disagg,PASS,,uv run aiconfigurator cli default --model-path Qwen/Qwen3-VL-32B-Thinking --total-gpus 32 --system gb300 --backend trtllm --backend-version 1.3.0rc20 --database-mode SILICON --isl 256 --osl 256 --prefix 128 --ttft 2000.0 --tpot 50.0 --top-n 1 --no-color,silicon
Qwen/Qwen3-VL-32B-Thinking,Qwen3VLForConditionalGeneration,gb300,vllm,0.19.0,agg,PASS,,uv run aiconfigurator cli default --model-path Qwen/Qwen3-VL-32B-Thinking --total-gpus 32 --system gb300 --backend vllm --backend-version 0.19.0 --database-mode SILICON --isl 256 --osl 256 --prefix 128 --ttft 2000.0 --tpot 50.0 --top-n 1 --no-color,silicon
Qwen/Qwen3-VL-32B-Thinking,Qwen3VLForConditionalGeneration,gb300,vllm,0.19.0,disagg,PASS,,uv run aiconfigurator cli default --model-path Qwen/Qwen3-VL-32B-Thinking --total-gpus 32 --system gb300 --backend vllm --backend-version 0.19.0 --database-mode SILICON --isl 256 --osl 256 --prefix 128 --ttft 2000.0 --tpot 50.0 --top-n 1 --no-color,silicon
Qwen/Qwen3-VL-32B-Thinking,Qwen3VLForConditionalGeneration,gb300,vllm,0.22.0,agg,PASS,,uv run aiconfigurator cli default --model-path Qwen/Qwen3-VL-32B-Thinking --total-gpus 32 --system gb300 --backend vllm --backend-version 0.22.0 --database-mode SILICON --isl 256 --osl 256 --prefix 128 --ttft 2000.0 --tpot 50.0 --top-n 1 --no-color,silicon
Qwen/Qwen3-VL-32B-Thinking,Qwen3VLForConditionalGeneration,gb300,vllm,0.22.0,disagg,PASS,,uv run aiconfigurator cli default --model-path Qwen/Qwen3-VL-32B-Thinking --total-gpus 32 --system gb300 --backend vllm --backend-version 0.22.0 --database-mode SILICON --isl 256 --osl 256 --prefix 128 --ttft 2000.0 --tpot 50.0 --top-n 1 --no-color,silicon
Qwen/Qwen3-VL-32B-Thinking,Qwen3VLForConditionalGeneration,gb300,vllm,0.24.0,agg,PASS,,uv run aiconfigurator cli default --model-path Qwen/Qwen3-VL-32B-Thinking --total-gpus 32 --system gb300 --backend vllm --backend-version 0.24.0 --database-mode SILICON --isl 256 --osl 256 --prefix 128 --ttft 2000.0 --tpot 50.0 --top-n 1 --no-color,silicon
Qwen/Qwen3-VL-32B-Thinking,Qwen3VLForConditionalGeneration,gb300,vllm,0.24.0,disagg,PASS,,uv run aiconfigurator cli default --model-path Qwen/Qwen3-VL-32B-Thinking --total-gpus 32 --system gb300 --backend vllm --backend-version 0.24.0 --database-mode SILICON --isl 256 --osl 256 --prefix 128 --ttft 2000.0 --tpot 50.0 --top-n 1 --no-color,silicon
Qwen/Qwen3-VL-4B-Instruct,Qwen3VLForConditionalGeneration,gb300,sglang,0.5.10,agg,PASS,,uv run aiconfigurator cli default --model-path Qwen/Qwen3-VL-4B-Instruct --total-gpus 4 --system gb300 --backend sglang --backend-version 0.5.10 --database-mode SILICON --isl 256 --osl 256 --prefix 128 --ttft 1500.0 --tpot 50.0 --top-n 1 --no-color,silicon
Qwen/Qwen3-VL-4B-Instruct,Qwen3VLForConditionalGeneration,gb300,sglang,0.5.10,disagg,PASS,,uv run aiconfigurator cli default --model-path Qwen/Qwen3-VL-4B-Instruct --total-gpus 4 --system gb300 --backend sglang --backend-version 0.5.10 --database-mode SILICON --isl 256 --osl 256 --prefix 128 --ttft 1500.0 --tpot 50.0 --top-n 1 --no-color,silicon
Qwen/Qwen3-VL-4B-Instruct,Qwen3VLForConditionalGeneration,gb300,sglang,0.5.12,agg,PASS,,uv run aiconfigurator cli default --model-path Qwen/Qwen3-VL-4B-Instruct --total-gpus 4 --system gb300 --backend sglang --backend-version 0.5.12 --database-mode SILICON --isl 256 --osl 256 --prefix 128 --ttft 1500.0 --tpot 50.0 --top-n 1 --no-color,silicon
Qwen/Qwen3-VL-4B-Instruct,Qwen3VLForConditionalGeneration,gb300,sglang,0.5.12,disagg,PASS,,uv run aiconfigurator cli default --model-path Qwen/Qwen3-VL-4B-Instruct --total-gpus 4 --system gb300 --backend sglang --backend-version 0.5.12 --database-mode SILICON --isl 256 --osl 256 --prefix 128 --ttft 1500.0 --tpot 50.0 --top-n 1 --no-color,silicon
Qwen/Qwen3-VL-4B-Instruct,Qwen3VLForConditionalGeneration,gb300,sglang,0.5.14,agg,PASS,,uv run aiconfigurator cli default --model-path Qwen/Qwen3-VL-4B-Instruct --total-gpus 4 --system gb300 --backend sglang --backend-version 0.5.14 --database-mode SILICON --isl 256 --osl 256 --prefix 128 --ttft 1500.0 --tpot 50.0 --top-n 1 --no-color,silicon
Qwen/Qwen3-VL-4B-Instruct,Qwen3VLForConditionalGeneration,gb300,sglang,0.5.14,disagg,PASS,,uv run aiconfigurator cli default --model-path Qwen/Qwen3-VL-4B-Instruct --total-gpus 4 --system gb300 --backend sglang --backend-version 0.5.14 --database-mode SILICON --isl 256 --osl 256 --prefix 128 --ttft 1500.0 --tpot 50.0 --top-n 1 --no-color,silicon
Qwen/Qwen3-VL-4B-Instruct,Qwen3VLForConditionalGeneration,gb300,sglang,0.5.9,agg,PASS,,uv run aiconfigurator cli default --model-path Qwen/Qwen3-VL-4B-Instruct --total-gpus 4 --system gb300 --backend sglang --backend-version 0.5.9 --database-mode SILICON --isl 256 --osl 256 --prefix 128 --ttft 1500.0 --tpot 50.0 --top-n 1 --no-color,silicon
Qwen/Qwen3-VL-4B-Instruct,Qwen3VLForConditionalGeneration,gb300,sglang,0.5.9,disagg,PASS,,uv run aiconfigurator cli default --model-path Qwen/Qwen3-VL-4B-Instruct --total-gpus 4 --system gb300 --backend sglang --backend-version 0.5.9 --database-mode SILICON --isl 256 --osl 256 --prefix 128 --ttft 1500.0 --tpot 50.0 --top-n 1 --no-color,silicon
Qwen/Qwen3-VL-4B-Instruct,Qwen3VLForConditionalGeneration,gb300,trtllm,1.3.0rc10,agg,PASS,,uv run aiconfigurator cli default --model-path Qwen/Qwen3-VL-4B-Instruct --total-gpus 4 --system gb300 --backend trtllm --backend-version 1.3.0rc10 --database-mode SILICON --isl 256 --osl 256 --prefix 128 --ttft 1500.0 --tpot 50.0 --top-n 1 --no-color,silicon
Qwen/Qwen3-VL-4B-Instruct,Qwen3VLForConditionalGeneration,gb300,trtllm,1.3.0rc10,disagg,PASS,,uv run aiconfigurator cli default --model-path Qwen/Qwen3-VL-4B-Instruct --total-gpus 4 --system gb300 --backend trtllm --backend-version 1.3.0rc10 --database-mode SILICON --isl 256 --osl 256 --prefix 128 --ttft 1500.0 --tpot 50.0 --top-n 1 --no-color,silicon
Qwen/Qwen3-VL-4B-Instruct,Qwen3VLForConditionalGeneration,gb300,trtllm,1.3.0rc15,agg,PASS,,uv run aiconfigurator cli default --model-path Qwen/Qwen3-VL-4B-Instruct --total-gpus 4 --system gb300 --backend trtllm --backend-version 1.3.0rc15 --database-mode SILICON --isl 256 --osl 256 --prefix 128 --ttft 1500.0 --tpot 50.0 --top-n 1 --no-color,silicon
Qwen/Qwen3-VL-4B-Instruct,Qwen3VLForConditionalGeneration,gb300,trtllm,1.3.0rc15,disagg,PASS,,uv run aiconfigurator cli default --model-path Qwen/Qwen3-VL-4B-Instruct --total-gpus 4 --system gb300 --backend trtllm --backend-version 1.3.0rc15 --database-mode SILICON --isl 256 --osl 256 --prefix 128 --ttft 1500.0 --tpot 50.0 --top-n 1 --no-color,silicon
Qwen/Qwen3-VL-4B-Instruct,Qwen3VLForConditionalGeneration,gb300,trtllm,1.3.0rc20,agg,PASS,,uv run aiconfigurator cli default --model-path Qwen/Qwen3-VL-4B-Instruct --total-gpus 4 --system gb300 --backend trtllm --backend-version 1.3.0rc20 --database-mode SILICON --isl 256 --osl 256 --prefix 128 --ttft 1500.0 --tpot 50.0 --top-n 1 --no-color,silicon
Qwen/Qwen3-VL-4B-Instruct,Qwen3VLForConditionalGeneration,gb300,trtllm,1.3.0rc20,disagg,PASS,,uv run aiconfigurator cli default --model-path Qwen/Qwen3-VL-4B-Instruct --total-gpus 4 --system gb300 --backend trtllm --backend-version 1.3.0rc20 --database-mode SILICON --isl 256 --osl 256 --prefix 128 --ttft 1500.0 --tpot 50.0 --top-n 1 --no-color,silicon
Qwen/Qwen3-VL-4B-Instruct,Qwen3VLForConditionalGeneration,gb300,vllm,0.19.0,agg,PASS,,uv run aiconfigurator cli default --model-path Qwen/Qwen3-VL-4B-Instruct --total-gpus 4 --system gb300 --backend vllm --backend-version 0.19.0 --database-mode SILICON --isl 256 --osl 256 --prefix 128 --ttft 1500.0 --tpot 50.0 --top-n 1 --no-color,silicon
Qwen/Qwen3-VL-4B-Instruct,Qwen3VLForConditionalGeneration,gb300,vllm,0.19.0,disagg,PASS,,uv run aiconfigurator cli default --model-path Qwen/Qwen3-VL-4B-Instruct --total-gpus 4 --system gb300 --backend vllm --backend-version 0.19.0 --database-mode SILICON --isl 256 --osl 256 --prefix 128 --ttft 1500.0 --tpot 50.0 --top-n 1 --no-color,silicon
Qwen/Qwen3-VL-4B-Instruct,Qwen3VLForConditionalGeneration,gb300,vllm,0.22.0,agg,PASS,,uv run aiconfigurator cli default --model-path Qwen/Qwen3-VL-4B-Instruct --total-gpus 4 --system gb300 --backend vllm --backend-version 0.22.0 --database-mode SILICON --isl 256 --osl 256 --prefix 128 --ttft 1500.0 --tpot 50.0 --top-n 1 --no-color,silicon
Qwen/Qwen3-VL-4B-Instruct,Qwen3VLForConditionalGeneration,gb300,vllm,0.22.0,disagg,PASS,,uv run aiconfigurator cli default --model-path Qwen/Qwen3-VL-4B-Instruct --total-gpus 4 --system gb300 --backend vllm --backend-version 0.22.0 --database-mode SILICON --isl 256 --osl 256 --prefix 128 --ttft 1500.0 --tpot 50.0 --top-n 1 --no-color,silicon
Qwen/Qwen3-VL-4B-Instruct,Qwen3VLForConditionalGeneration,gb300,vllm,0.24.0,agg,PASS,,uv run aiconfigurator cli default --model-path Qwen/Qwen3-VL-4B-Instruct --total-gpus 4 --system gb300 --backend vllm --backend-version 0.24.0 --database-mode SILICON --isl 256 --osl 256 --prefix 128 --ttft 1500.0 --tpot 50.0 --top-n 1 --no-color,silicon
Qwen/Qwen3-VL-4B-Instruct,Qwen3VLForConditionalGeneration,gb300,vllm,0.24.0,disagg,PASS,,uv run aiconfigurator cli default --model-path Qwen/Qwen3-VL-4B-Instruct --total-gpus 4 --system gb300 --backend vllm --backend-version 0.24.0 --database-mode SILICON --isl 256 --osl 256 --prefix 128 --ttft 1500.0 --tpot 50.0 --top-n 1 --no-color,silicon
Qwen/Qwen3-VL-8B-Instruct,Qwen3VLForConditionalGeneration,gb300,sglang,0.5.10,agg,PASS,,uv run aiconfigurator cli default --model-path Qwen/Qwen3-VL-8B-Instruct --total-gpus 4 --system gb300 --backend sglang --backend-version 0.5.10 --database-mode SILICON --isl 256 --osl 256 --prefix 128 --ttft 1500.0 --tpot 50.0 --top-n 1 --no-color,silicon
Qwen/Qwen3-VL-8B-Instruct,Qwen3VLForConditionalGeneration,gb300,sglang,0.5.10,disagg,PASS,,uv run aiconfigurator cli default --model-path Qwen/Qwen3-VL-8B-Instruct --total-gpus 4 --system gb300 --backend sglang --backend-version 0.5.10 --database-mode SILICON --isl 256 --osl 256 --prefix 128 --ttft 1500.0 --tpot 50.0 --top-n 1 --no-color,silicon
Qwen/Qwen3-VL-8B-Instruct,Qwen3VLForConditionalGeneration,gb300,sglang,0.5.12,agg,PASS,,uv run aiconfigurator cli default --model-path Qwen/Qwen3-VL-8B-Instruct --total-gpus 4 --system gb300 --backend sglang --backend-version 0.5.12 --database-mode SILICON --isl 256 --osl 256 --prefix 128 --ttft 1500.0 --tpot 50.0 --top-n 1 --no-color,silicon
Qwen/Qwen3-VL-8B-Instruct,Qwen3VLForConditionalGeneration,gb300,sglang,0.5.12,disagg,PASS,,uv run aiconfigurator cli default --model-path Qwen/Qwen3-VL-8B-Instruct --total-gpus 4 --system gb300 --backend sglang --backend-version 0.5.12 --database-mode SILICON --isl 256 --osl 256 --prefix 128 --ttft 1500.0 --tpot 50.0 --top-n 1 --no-color,silicon
Qwen/Qwen3-VL-8B-Instruct,Qwen3VLForConditionalGeneration,gb300,sglang,0.5.14,agg,PASS,,uv run aiconfigurator cli default --model-path Qwen/Qwen3-VL-8B-Instruct --total-gpus 4 --system gb300 --backend sglang --backend-version 0.5.14 --database-mode SILICON --isl 256 --osl 256 --prefix 128 --ttft 1500.0 --tpot 50.0 --top-n 1 --no-color,silicon
Qwen/Qwen3-VL-8B-Instruct,Qwen3VLForConditionalGeneration,gb300,sglang,0.5.14,disagg,PASS,,uv run aiconfigurator cli default --model-path Qwen/Qwen3-VL-8B-Instruct --total-gpus 4 --system gb300 --backend sglang --backend-version 0.5.14 --database-mode SILICON --isl 256 --osl 256 --prefix 128 --ttft 1500.0 --tpot 50.0 --top-n 1 --no-color,silicon
Qwen/Qwen3-VL-8B-Instruct,Qwen3VLForConditionalGeneration,gb300,sglang,0.5.9,agg,PASS,,uv run aiconfigurator cli default --model-path Qwen/Qwen3-VL-8B-Instruct --total-gpus 4 --system gb300 --backend sglang --backend-version 0.5.9 --database-mode SILICON --isl 256 --osl 256 --prefix 128 --ttft 1500.0 --tpot 50.0 --top-n 1 --no-color,silicon
Qwen/Qwen3-VL-8B-Instruct,Qwen3VLForConditionalGeneration,gb300,sglang,0.5.9,disagg,PASS,,uv run aiconfigurator cli default --model-path Qwen/Qwen3-VL-8B-Instruct --total-gpus 4 --system gb300 --backend sglang --backend-version 0.5.9 --database-mode SILICON --isl 256 --osl 256 --prefix 128 --ttft 1500.0 --tpot 50.0 --top-n 1 --no-color,silicon
Qwen/Qwen3-VL-8B-Instruct,Qwen3VLForConditionalGeneration,gb300,trtllm,1.3.0rc10,agg,PASS,,uv run aiconfigurator cli default --model-path Qwen/Qwen3-VL-8B-Instruct --total-gpus 4 --system gb300 --backend trtllm --backend-version 1.3.0rc10 --database-mode SILICON --isl 256 --osl 256 --prefix 128 --ttft 1500.0 --tpot 50.0 --top-n 1 --no-color,silicon
Qwen/Qwen3-VL-8B-Instruct,Qwen3VLForConditionalGeneration,gb300,trtllm,1.3.0rc10,disagg,PASS,,uv run aiconfigurator cli default --model-path Qwen/Qwen3-VL-8B-Instruct --total-gpus 4 --system gb300 --backend trtllm --backend-version 1.3.0rc10 --database-mode SILICON --isl 256 --osl 256 --prefix 128 --ttft 1500.0 --tpot 50.0 --top-n 1 --no-color,silicon
Qwen/Qwen3-VL-8B-Instruct,Qwen3VLForConditionalGeneration,gb300,trtllm,1.3.0rc15,agg,PASS,,uv run aiconfigurator cli default --model-path Qwen/Qwen3-VL-8B-Instruct --total-gpus 4 --system gb300 --backend trtllm --backend-version 1.3.0rc15 --database-mode SILICON --isl 256 --osl 256 --prefix 128 --ttft 1500.0 --tpot 50.0 --top-n 1 --no-color,silicon
Qwen/Qwen3-VL-8B-Instruct,Qwen3VLForConditionalGeneration,gb300,trtllm,1.3.0rc15,disagg,PASS,,uv run aiconfigurator cli default --model-path Qwen/Qwen3-VL-8B-Instruct --total-gpus 4 --system gb300 --backend trtllm --backend-version 1.3.0rc15 --database-mode SILICON --isl 256 --osl 256 --prefix 128 --ttft 1500.0 --tpot 50.0 --top-n 1 --no-color,silicon
Qwen/Qwen3-VL-8B-Instruct,Qwen3VLForConditionalGeneration,gb300,trtllm,1.3.0rc20,agg,PASS,,uv run aiconfigurator cli default --model-path Qwen/Qwen3-VL-8B-Instruct --total-gpus 4 --system gb300 --backend trtllm --backend-version 1.3.0rc20 --database-mode SILICON --isl 256 --osl 256 --prefix 128 --ttft 1500.0 --tpot 50.0 --top-n 1 --no-color,silicon
Qwen/Qwen3-VL-8B-Instruct,Qwen3VLForConditionalGeneration,gb300,trtllm,1.3.0rc20,disagg,PASS,,uv run aiconfigurator cli default --model-path Qwen/Qwen3-VL-8B-Instruct --total-gpus 4 --system gb300 --backend trtllm --backend-version 1.3.0rc20 --database-mode SILICON --isl 256 --osl 256 --prefix 128 --ttft 1500.0 --tpot 50.0 --top-n 1 --no-color,silicon
Qwen/Qwen3-VL-8B-Instruct,Qwen3VLForConditionalGeneration,gb300,vllm,0.19.0,agg,PASS,,uv run aiconfigurator cli default --model-path Qwen/Qwen3-VL-8B-Instruct --total-gpus 4 --system gb300 --backend vllm --backend-version 0.19.0 --database-mode SILICON --isl 256 --osl 256 --prefix 128 --ttft 1500.0 --tpot 50.0 --top-n 1 --no-color,silicon
Qwen/Qwen3-VL-8B-Instruct,Qwen3VLForConditionalGeneration,gb300,vllm,0.19.0,disagg,PASS,,uv run aiconfigurator cli default --model-path Qwen/Qwen3-VL-8B-Instruct --total-gpus 4 --system gb300 --backend vllm --backend-version 0.19.0 --database-mode SILICON --isl 256 --osl 256 --prefix 128 --ttft 1500.0 --tpot 50.0 --top-n 1 --no-color,silicon
Qwen/Qwen3-VL-8B-Instruct,Qwen3VLForConditionalGeneration,gb300,vllm,0.22.0,agg,PASS,,uv run aiconfigurator cli default --model-path Qwen/Qwen3-VL-8B-Instruct --total-gpus 4 --system gb300 --backend vllm --backend-version 0.22.0 --database-mode SILICON --isl 256 --osl 256 --prefix 128 --ttft 1500.0 --tpot 50.0 --top-n 1 --no-color,silicon
Qwen/Qwen3-VL-8B-Instruct,Qwen3VLForConditionalGeneration,gb300,vllm,0.22.0,disagg,PASS,,uv run aiconfigurator cli default --model-path Qwen/Qwen3-VL-8B-Instruct --total-gpus 4 --system gb300 --backend vllm --backend-version 0.22.0 --database-mode SILICON --isl 256 --osl 256 --prefix 128 --ttft 1500.0 --tpot 50.0 --top-n 1 --no-color,silicon
Qwen/Qwen3-VL-8B-Instruct,Qwen3VLForConditionalGeneration,gb300,vllm,0.24.0,agg,PASS,,uv run aiconfigurator cli default --model-path Qwen/Qwen3-VL-8B-Instruct --total-gpus 4 --system gb300 --backend vllm --backend-version 0.24.0 --database-mode SILICON --isl 256 --osl 256 --prefix 128 --ttft 1500.0 --tpot 50.0 --top-n 1 --no-color,silicon
Qwen/Qwen3-VL-8B-Instruct,Qwen3VLForConditionalGeneration,gb300,vllm,0.24.0,disagg,PASS,,uv run aiconfigurator cli default --model-path Qwen/Qwen3-VL-8B-Instruct --total-gpus 4 --system gb300 --backend vllm --backend-version 0.24.0 --database-mode SILICON --isl 256 --osl 256 --prefix 128 --ttft 1500.0 --tpot 50.0 --top-n 1 --no-color,silicon
Qwen/Qwen3.5-27B,Qwen3_5ForConditionalGeneration,gb300,sglang,0.5.10,agg,PASS,,uv run aiconfigurator cli default --model-path Qwen/Qwen3.5-27B --total-gpus 32 --system gb300 --backend sglang --backend-version 0.5.10 --database-mode SILICON --isl 256 --osl 256 --prefix 128 --ttft 2000.0 --tpot 50.0 --top-n 1 --no-color,silicon
Qwen/Qwen3.5-27B,Qwen3_5ForConditionalGeneration,gb300,sglang,0.5.10,disagg,PASS,,uv run aiconfigurator cli default --model-path Qwen/Qwen3.5-27B --total-gpus 32 --system gb300 --backend sglang --backend-version 0.5.10 --database-mode SILICON --isl 256 --osl 256 --prefix 128 --ttft 2000.0 --tpot 50.0 --top-n 1 --no-color,silicon
Qwen/Qwen3.5-27B,Qwen3_5ForConditionalGeneration,gb300,sglang,0.5.12,agg,PASS,,uv run aiconfigurator cli default --model-path Qwen/Qwen3.5-27B --total-gpus 32 --system gb300 --backend sglang --backend-version 0.5.12 --database-mode SILICON --isl 256 --osl 256 --prefix 128 --ttft 2000.0 --tpot 50.0 --top-n 1 --no-color,silicon
Qwen/Qwen3.5-27B,Qwen3_5ForConditionalGeneration,gb300,sglang,0.5.12,disagg,PASS,,uv run aiconfigurator cli default --model-path Qwen/Qwen3.5-27B --total-gpus 32 --system gb300 --backend sglang --backend-version 0.5.12 --database-mode SILICON --isl 256 --osl 256 --prefix 128 --ttft 2000.0 --tpot 50.0 --top-n 1 --no-color,silicon
Qwen/Qwen3.5-27B,Qwen3_5ForConditionalGeneration,gb300,sglang,0.5.14,agg,PASS,,uv run aiconfigurator cli default --model-path Qwen/Qwen3.5-27B --total-gpus 32 --system gb300 --backend sglang --backend-version 0.5.14 --database-mode SILICON --isl 256 --osl 256 --prefix 128 --ttft 2000.0 --tpot 50.0 --top-n 1 --no-color,silicon
Qwen/Qwen3.5-27B,Qwen3_5ForConditionalGeneration,gb300,sglang,0.5.14,disagg,PASS,,uv run aiconfigurator cli default --model-path Qwen/Qwen3.5-27B --total-gpus 32 --system gb300 --backend sglang --backend-version 0.5.14 --database-mode SILICON --isl 256 --osl 256 --prefix 128 --ttft 2000.0 --tpot 50.0 --top-n 1 --no-color,silicon
Qwen/Qwen3.5-27B,Qwen3_5ForConditionalGeneration,gb300,sglang,0.5.9,agg,PASS,,uv run aiconfigurator cli default --model-path Qwen/Qwen3.5-27B --total-gpus 32 --system gb300 --backend sglang --backend-version 0.5.9 --database-mode SILICON --isl 256 --osl 256 --prefix 128 --ttft 2000.0 --tpot 50.0 --top-n 1 --no-color,silicon
Qwen/Qwen3.5-27B,Qwen3_5ForConditionalGeneration,gb300,sglang,0.5.9,disagg,PASS,,uv run aiconfigurator cli default --model-path Qwen/Qwen3.5-27B --total-gpus 32 --system gb300 --backend sglang --backend-version 0.5.9 --database-mode SILICON --isl 256 --osl 256 --prefix 128 --ttft 2000.0 --tpot 50.0 --top-n 1 --no-color,silicon
Qwen/Qwen3.5-27B,Qwen3_5ForConditionalGeneration,gb300,trtllm,1.3.0rc10,agg,PASS,,uv run aiconfigurator cli default --model-path Qwen/Qwen3.5-27B --total-gpus 32 --system gb300 --backend trtllm --backend-version 1.3.0rc10 --database-mode SILICON --isl 256 --osl 256 --prefix 128 --ttft 2000.0 --tpot 50.0 --top-n 1 --no-color,silicon
Qwen/Qwen3.5-27B,Qwen3_5ForConditionalGeneration,gb300,trtllm,1.3.0rc10,disagg,PASS,,uv run aiconfigurator cli default --model-path Qwen/Qwen3.5-27B --total-gpus 32 --system gb300 --backend trtllm --backend-version 1.3.0rc10 --database-mode SILICON --isl 256 --osl 256 --prefix 128 --ttft 2000.0 --tpot 50.0 --top-n 1 --no-color,silicon
Qwen/Qwen3.5-27B,Qwen3_5ForConditionalGeneration,gb300,trtllm,1.3.0rc15,agg,PASS,,uv run aiconfigurator cli default --model-path Qwen/Qwen3.5-27B --total-gpus 32 --system gb300 --backend trtllm --backend-version 1.3.0rc15 --database-mode SILICON --isl 256 --osl 256 --prefix 128 --ttft 2000.0 --tpot 50.0 --top-n 1 --no-color,silicon
Qwen/Qwen3.5-27B,Qwen3_5ForConditionalGeneration,gb300,trtllm,1.3.0rc15,disagg,PASS,,uv run aiconfigurator cli default --model-path Qwen/Qwen3.5-27B --total-gpus 32 --system gb300 --backend trtllm --backend-version 1.3.0rc15 --database-mode SILICON --isl 256 --osl 256 --prefix 128 --ttft 2000.0 --tpot 50.0 --top-n 1 --no-color,silicon
Qwen/Qwen3.5-27B,Qwen3_5ForConditionalGeneration,gb300,trtllm,1.3.0rc20,agg,PASS,,uv run aiconfigurator cli default --model-path Qwen/Qwen3.5-27B --total-gpus 32 --system gb300 --backend trtllm --backend-version 1.3.0rc20 --database-mode SILICON --isl 256 --osl 256 --prefix 128 --ttft 2000.0 --tpot 50.0 --top-n 1 --no-color,silicon
Qwen/Qwen3.5-27B,Qwen3_5ForConditionalGeneration,gb300,trtllm,1.3.0rc20,disagg,PASS,,uv run aiconfigurator cli default --model-path Qwen/Qwen3.5-27B --total-gpus 32 --system gb300 --backend trtllm --backend-version 1.3.0rc20 --database-mode SILICON --isl 256 --osl 256 --prefix 128 --ttft 2000.0 --tpot 50.0 --top-n 1 --no-color,silicon
Qwen/Qwen3.5-27B,Qwen3_5ForConditionalGeneration,gb300,vllm,0.19.0,agg,PASS,,uv run aiconfigurator cli default --model-path Qwen/Qwen3.5-27B --total-gpus 32 --system gb300 --backend vllm --backend-version 0.19.0 --database-mode SILICON --isl 256 --osl 256 --prefix 128 --ttft 2000.0 --tpot 50.0 --top-n 1 --no-color,silicon
Qwen/Qwen3.5-27B,Qwen3_5ForConditionalGeneration,gb300,vllm,0.19.0,disagg,PASS,,uv run aiconfigurator cli default --model-path Qwen/Qwen3.5-27B --total-gpus 32 --system gb300 --backend vllm --backend-version 0.19.0 --database-mode SILICON --isl 256 --osl 256 --prefix 128 --ttft 2000.0 --tpot 50.0 --top-n 1 --no-color,silicon
Qwen/Qwen3.5-27B,Qwen3_5ForConditionalGeneration,gb300,vllm,0.22.0,agg,PASS,,uv run aiconfigurator cli default --model-path Qwen/Qwen3.5-27B --total-gpus 32 --system gb300 --backend vllm --backend-version 0.22.0 --database-mode SILICON --isl 256 --osl 256 --prefix 128 --ttft 2000.0 --tpot 50.0 --top-n 1 --no-color,silicon
Qwen/Qwen3.5-27B,Qwen3_5ForConditionalGeneration,gb300,vllm,0.22.0,disagg,PASS,,uv run aiconfigurator cli default --model-path Qwen/Qwen3.5-27B --total-gpus 32 --system gb300 --backend vllm --backend-version 0.22.0 --database-mode SILICON --isl 256 --osl 256 --prefix 128 --ttft 2000.0 --tpot 50.0 --top-n 1 --no-color,silicon
Qwen/Qwen3.5-27B,Qwen3_5ForConditionalGeneration,gb300,vllm,0.24.0,agg,PASS,,uv run aiconfigurator cli default --model-path Qwen/Qwen3.5-27B --total-gpus 32 --system gb300 --backend vllm --backend-version 0.24.0 --database-mode SILICON --isl 256 --osl 256 --prefix 128 --ttft 2000.0 --tpot 50.0 --top-n 1 --no-color,silicon
Qwen/Qwen3.5-27B,Qwen3_5ForConditionalGeneration,gb300,vllm,0.24.0,disagg,PASS,,uv run aiconfigurator cli default --model-path Qwen/Qwen3.5-27B --total-gpus 32 --system gb300 --backend vllm --backend-version 0.24.0 --database-mode SILICON --isl 256 --osl 256 --prefix 128 --ttft 2000.0 --tpot 50.0 --top-n 1 --no-color,silicon
Qwen/Qwen3.5-35B-A3B,Qwen3_5MoeForConditionalGeneration,gb300,sglang,0.5.10,agg,HYBRID_PASS,,uv run aiconfigurator cli default --model-path Qwen/Qwen3.5-35B-A3B --total-gpus 32 --system gb300 --backend sglang --backend-version 0.5.10 --database-mode HYBRID --isl 256 --osl 256 --prefix 128 --ttft 2000.0 --tpot 50.0 --top-n 1 --no-color,xshape
Qwen/Qwen3.5-35B-A3B,Qwen3_5MoeForConditionalGeneration,gb300,sglang,0.5.10,disagg,HYBRID_PASS,,uv run aiconfigurator cli default --model-path Qwen/Qwen3.5-35B-A3B --total-gpus 32 --system gb300 --backend sglang --backend-version 0.5.10 --database-mode HYBRID --isl 256 --osl 256 --prefix 128 --ttft 2000.0 --tpot 50.0 --top-n 1 --no-color,xshape
Qwen/Qwen3.5-35B-A3B,Qwen3_5MoeForConditionalGeneration,gb300,sglang,0.5.12,agg,PASS,,uv run aiconfigurator cli default --model-path Qwen/Qwen3.5-35B-A3B --total-gpus 32 --system gb300 --backend sglang --backend-version 0.5.12 --database-mode SILICON --isl 256 --osl 256 --prefix 128 --ttft 2000.0 --tpot 50.0 --top-n 1 --no-color,silicon
Qwen/Qwen3.5-35B-A3B,Qwen3_5MoeForConditionalGeneration,gb300,sglang,0.5.12,disagg,PASS,,uv run aiconfigurator cli default --model-path Qwen/Qwen3.5-35B-A3B --total-gpus 32 --system gb300 --backend sglang --backend-version 0.5.12 --database-mode SILICON --isl 256 --osl 256 --prefix 128 --ttft 2000.0 --tpot 50.0 --top-n 1 --no-color,silicon
Qwen/Qwen3.5-35B-A3B,Qwen3_5MoeForConditionalGeneration,gb300,sglang,0.5.14,agg,PASS,,uv run aiconfigurator cli default --model-path Qwen/Qwen3.5-35B-A3B --total-gpus 32 --system gb300 --backend sglang --backend-version 0.5.14 --database-mode SILICON --isl 256 --osl 256 --prefix 128 --ttft 2000.0 --tpot 50.0 --top-n 1 --no-color,silicon
Qwen/Qwen3.5-35B-A3B,Qwen3_5MoeForConditionalGeneration,gb300,sglang,0.5.14,disagg,PASS,,uv run aiconfigurator cli default --model-path Qwen/Qwen3.5-35B-A3B --total-gpus 32 --system gb300 --backend sglang --backend-version 0.5.14 --database-mode SILICON --isl 256 --osl 256 --prefix 128 --ttft 2000.0 --tpot 50.0 --top-n 1 --no-color,silicon
Qwen/Qwen3.5-35B-A3B,Qwen3_5MoeForConditionalGeneration,gb300,sglang,0.5.9,agg,HYBRID_PASS,,uv run aiconfigurator cli default --model-path Qwen/Qwen3.5-35B-A3B --total-gpus 32 --system gb300 --backend sglang --backend-version 0.5.9 --database-mode HYBRID --isl 256 --osl 256 --prefix 128 --ttft 2000.0 --tpot 50.0 --top-n 1 --no-color,xshape
Qwen/Qwen3.5-35B-A3B,Qwen3_5MoeForConditionalGeneration,gb300,sglang,0.5.9,disagg,HYBRID_PASS,,uv run aiconfigurator cli default --model-path Qwen/Qwen3.5-35B-A3B --total-gpus 32 --system gb300 --backend sglang --backend-version 0.5.9 --database-mode HYBRID --isl 256 --osl 256 --prefix 128 --ttft 2000.0 --tpot 50.0 --top-n 1 --no-color,xshape
Qwen/Qwen3.5-35B-A3B,Qwen3_5MoeForConditionalGeneration,gb300,trtllm,1.3.0rc10,agg,HYBRID_PASS,,uv run aiconfigurator cli default --model-path Qwen/Qwen3.5-35B-A3B --total-gpus 32 --system gb300 --backend trtllm --backend-version 1.3.0rc10 --database-mode HYBRID --isl 256 --osl 256 --prefix 128 --ttft 2000.0 --tpot 50.0 --top-n 1 --no-color,xshape
Qwen/Qwen3.5-35B-A3B,Qwen3_5MoeForConditionalGeneration,gb300,trtllm,1.3.0rc10,disagg,HYBRID_PASS,,uv run aiconfigurator cli default --model-path Qwen/Qwen3.5-35B-A3B --total-gpus 32 --system gb300 --backend trtllm --backend-version 1.3.0rc10 --database-mode HYBRID --isl 256 --osl 256 --prefix 128 --ttft 2000.0 --tpot 50.0 --top-n 1 --no-color,xshape
Qwen/Qwen3.5-35B-A3B,Qwen3_5MoeForConditionalGeneration,gb300,trtllm,1.3.0rc15,agg,HYBRID_PASS,,uv run aiconfigurator cli default --model-path Qwen/Qwen3.5-35B-A3B --total-gpus 32 --system gb300 --backend trtllm --backend-version 1.3.0rc15 --database-mode HYBRID --isl 256 --osl 256 --prefix 128 --ttft 2000.0 --tpot 50.0 --top-n 1 --no-color,xshape
Qwen/Qwen3.5-35B-A3B,Qwen3_5MoeForConditionalGeneration,gb300,trtllm,1.3.0rc15,disagg,HYBRID_PASS,,uv run aiconfigurator cli default --model-path Qwen/Qwen3.5-35B-A3B --total-gpus 32 --system gb300 --backend trtllm --backend-version 1.3.0rc15 --database-mode HYBRID --isl 256 --osl 256 --prefix 128 --ttft 2000.0 --tpot 50.0 --top-n 1 --no-color,xshape
Qwen/Qwen3.5-35B-A3B,Qwen3_5MoeForConditionalGeneration,gb300,trtllm,1.3.0rc20,agg,PASS,,uv run aiconfigurator cli default --model-path Qwen/Qwen3.5-35B-A3B --total-gpus 32 --system gb300 --backend trtllm --backend-version 1.3.0rc20 --database-mode SILICON --isl 256 --osl 256 --prefix 128 --ttft 2000.0 --tpot 50.0 --top-n 1 --no-color,silicon
Qwen/Qwen3.5-35B-A3B,Qwen3_5MoeForConditionalGeneration,gb300,trtllm,1.3.0rc20,disagg,PASS,,uv run aiconfigurator cli default --model-path Qwen/Qwen3.5-35B-A3B --total-gpus 32 --system gb300 --backend trtllm --backend-version 1.3.0rc20 --database-mode SILICON --isl 256 --osl 256 --prefix 128 --ttft 2000.0 --tpot 50.0 --top-n 1 --no-color,silicon
Qwen/Qwen3.5-35B-A3B,Qwen3_5MoeForConditionalGeneration,gb300,vllm,0.19.0,agg,HYBRID_PASS,,uv run aiconfigurator cli default --model-path Qwen/Qwen3.5-35B-A3B --total-gpus 32 --system gb300 --backend vllm --backend-version 0.19.0 --database-mode HYBRID --isl 256 --osl 256 --prefix 128 --ttft 2000.0 --tpot 50.0 --top-n 1 --no-color,xshape
Qwen/Qwen3.5-35B-A3B,Qwen3_5MoeForConditionalGeneration,gb300,vllm,0.19.0,disagg,HYBRID_PASS,,uv run aiconfigurator cli default --model-path Qwen/Qwen3.5-35B-A3B --total-gpus 32 --system gb300 --backend vllm --backend-version 0.19.0 --database-mode HYBRID --isl 256 --osl 256 --prefix 128 --ttft 2000.0 --tpot 50.0 --top-n 1 --no-color,xshape
Qwen/Qwen3.5-35B-A3B,Qwen3_5MoeForConditionalGeneration,gb300,vllm,0.22.0,agg,PASS,,uv run aiconfigurator cli default --model-path Qwen/Qwen3.5-35B-A3B --total-gpus 32 --system gb300 --backend vllm --backend-version 0.22.0 --database-mode SILICON --isl 256 --osl 256 --prefix 128 --ttft 2000.0 --tpot 50.0 --top-n 1 --no-color,silicon
Qwen/Qwen3.5-35B-A3B,Qwen3_5MoeForConditionalGeneration,gb300,vllm,0.22.0,disagg,PASS,,uv run aiconfigurator cli default --model-path Qwen/Qwen3.5-35B-A3B --total-gpus 32 --system gb300 --backend vllm --backend-version 0.22.0 --database-mode SILICON --isl 256 --osl 256 --prefix 128 --ttft 2000.0 --tpot 50.0 --top-n 1 --no-color,silicon
Qwen/Qwen3.5-35B-A3B,Qwen3_5MoeForConditionalGeneration,gb300,vllm,0.24.0,agg,PASS,,uv run aiconfigurator cli default --model-path Qwen/Qwen3.5-35B-A3B --total-gpus 32 --system gb300 --backend vllm --backend-version 0.24.0 --database-mode SILICON --isl 256 --osl 256 --prefix 128 --ttft 2000.0 --tpot 50.0 --top-n 1 --no-color,silicon
Qwen/Qwen3.5-35B-A3B,Qwen3_5MoeForConditionalGeneration,gb300,vllm,0.24.0,disagg,PASS,,uv run aiconfigurator cli default --model-path Qwen/Qwen3.5-35B-A3B --total-gpus 32 --system gb300 --backend vllm --backend-version 0.24.0 --database-mode SILICON --isl 256 --osl 256 --prefix 128 --ttft 2000.0 --tpot 50.0 --top-n 1 --no-color,silicon
Qwen/Qwen3.5-397B-A17B,Qwen3_5MoeForConditionalGeneration,gb300,sglang,0.5.10,agg,PASS,,uv run aiconfigurator cli default --model-path Qwen/Qwen3.5-397B-A17B --total-gpus 128 --system gb300 --backend sglang --backend-version 0.5.10 --database-mode SILICON --isl 256 --osl 256 --prefix 128 --ttft 2000000.0 --tpot 50000.0 --top-n 1 --no-color,silicon
Qwen/Qwen3.5-397B-A17B,Qwen3_5MoeForConditionalGeneration,gb300,sglang,0.5.10,disagg,PASS,,uv run aiconfigurator cli default --model-path Qwen/Qwen3.5-397B-A17B --total-gpus 128 --system gb300 --backend sglang --backend-version 0.5.10 --database-mode SILICON --isl 256 --osl 256 --prefix 128 --ttft 2000000.0 --tpot 50000.0 --top-n 1 --no-color,silicon
Qwen/Qwen3.5-397B-A17B,Qwen3_5MoeForConditionalGeneration,gb300,sglang,0.5.12,agg,PASS,,uv run aiconfigurator cli default --model-path Qwen/Qwen3.5-397B-A17B --total-gpus 128 --system gb300 --backend sglang --backend-version 0.5.12 --database-mode SILICON --isl 256 --osl 256 --prefix 128 --ttft 2000000.0 --tpot 50000.0 --top-n 1 --no-color,silicon
Qwen/Qwen3.5-397B-A17B,Qwen3_5MoeForConditionalGeneration,gb300,sglang,0.5.12,disagg,PASS,,uv run aiconfigurator cli default --model-path Qwen/Qwen3.5-397B-A17B --total-gpus 128 --system gb300 --backend sglang --backend-version 0.5.12 --database-mode SILICON --isl 256 --osl 256 --prefix 128 --ttft 2000000.0 --tpot 50000.0 --top-n 1 --no-color,silicon
Qwen/Qwen3.5-397B-A17B,Qwen3_5MoeForConditionalGeneration,gb300,sglang,0.5.14,agg,PASS,,uv run aiconfigurator cli default --model-path Qwen/Qwen3.5-397B-A17B --total-gpus 128 --system gb300 --backend sglang --backend-version 0.5.14 --database-mode SILICON --isl 256 --osl 256 --prefix 128 --ttft 2000000.0 --tpot 50000.0 --top-n 1 --no-color,silicon
Qwen/Qwen3.5-397B-A17B,Qwen3_5MoeForConditionalGeneration,gb300,sglang,0.5.14,disagg,PASS,,uv run aiconfigurator cli default --model-path Qwen/Qwen3.5-397B-A17B --total-gpus 128 --system gb300 --backend sglang --backend-version 0.5.14 --database-mode SILICON --isl 256 --osl 256 --prefix 128 --ttft 2000000.0 --tpot 50000.0 --top-n 1 --no-color,silicon
Qwen/Qwen3.5-397B-A17B,Qwen3_5MoeForConditionalGeneration,gb300,sglang,0.5.9,agg,HYBRID_PASS,,uv run aiconfigurator cli default --model-path Qwen/Qwen3.5-397B-A17B --total-gpus 128 --system gb300 --backend sglang --backend-version 0.5.9 --database-mode HYBRID --isl 256 --osl 256 --prefix 128 --ttft 2000000.0 --tpot 50000.0 --top-n 1 --no-color,xshape
Qwen/Qwen3.5-397B-A17B,Qwen3_5MoeForConditionalGeneration,gb300,sglang,0.5.9,disagg,HYBRID_PASS,,uv run aiconfigurator cli default --model-path Qwen/Qwen3.5-397B-A17B --total-gpus 128 --system gb300 --backend sglang --backend-version 0.5.9 --database-mode HYBRID --isl 256 --osl 256 --prefix 128 --ttft 2000000.0 --tpot 50000.0 --top-n 1 --no-color,xshape
Qwen/Qwen3.5-397B-A17B,Qwen3_5MoeForConditionalGeneration,gb300,trtllm,1.3.0rc10,agg,PASS,,uv run aiconfigurator cli default --model-path Qwen/Qwen3.5-397B-A17B --total-gpus 128 --system gb300 --backend trtllm --backend-version 1.3.0rc10 --database-mode SILICON --isl 256 --osl 256 --prefix 128 --ttft 2000000.0 --tpot 50000.0 --top-n 1 --no-color,silicon
Qwen/Qwen3.5-397B-A17B,Qwen3_5MoeForConditionalGeneration,gb300,trtllm,1.3.0rc10,disagg,PASS,,uv run aiconfigurator cli default --model-path Qwen/Qwen3.5-397B-A17B --total-gpus 128 --system gb300 --backend trtllm --backend-version 1.3.0rc10 --database-mode SILICON --isl 256 --osl 256 --prefix 128 --ttft 2000000.0 --tpot 50000.0 --top-n 1 --no-color,silicon
Qwen/Qwen3.5-397B-A17B,Qwen3_5MoeForConditionalGeneration,gb300,trtllm,1.3.0rc15,agg,PASS,,uv run aiconfigurator cli default --model-path Qwen/Qwen3.5-397B-A17B --total-gpus 128 --system gb300 --backend trtllm --backend-version 1.3.0rc15 --database-mode SILICON --isl 256 --osl 256 --prefix 128 --ttft 2000000.0 --tpot 50000.0 --top-n 1 --no-color,silicon
Qwen/Qwen3.5-397B-A17B,Qwen3_5MoeForConditionalGeneration,gb300,trtllm,1.3.0rc15,disagg,PASS,,uv run aiconfigurator cli default --model-path Qwen/Qwen3.5-397B-A17B --total-gpus 128 --system gb300 --backend trtllm --backend-version 1.3.0rc15 --database-mode SILICON --isl 256 --osl 256 --prefix 128 --ttft 2000000.0 --tpot 50000.0 --top-n 1 --no-color,silicon
Qwen/Qwen3.5-397B-A17B,Qwen3_5MoeForConditionalGeneration,gb300,trtllm,1.3.0rc20,agg,PASS,,uv run aiconfigurator cli default --model-path Qwen/Qwen3.5-397B-A17B --total-gpus 128 --system gb300 --backend trtllm --backend-version 1.3.0rc20 --database-mode SILICON --isl 256 --osl 256 --prefix 128 --ttft 2000000.0 --tpot 50000.0 --top-n 1 --no-color,silicon
Qwen/Qwen3.5-397B-A17B,Qwen3_5MoeForConditionalGeneration,gb300,trtllm,1.3.0rc20,disagg,PASS,,uv run aiconfigurator cli default --model-path Qwen/Qwen3.5-397B-A17B --total-gpus 128 --system gb300 --backend trtllm --backend-version 1.3.0rc20 --database-mode SILICON --isl 256 --osl 256 --prefix 128 --ttft 2000000.0 --tpot 50000.0 --top-n 1 --no-color,silicon
Qwen/Qwen3.5-397B-A17B,Qwen3_5MoeForConditionalGeneration,gb300,vllm,0.19.0,agg,PASS,,uv run aiconfigurator cli default --model-path Qwen/Qwen3.5-397B-A17B --total-gpus 128 --system gb300 --backend vllm --backend-version 0.19.0 --database-mode SILICON --isl 256 --osl 256 --prefix 128 --ttft 2000000.0 --tpot 50000.0 --top-n 1 --no-color,silicon
Qwen/Qwen3.5-397B-A17B,Qwen3_5MoeForConditionalGeneration,gb300,vllm,0.19.0,disagg,PASS,,uv run aiconfigurator cli default --model-path Qwen/Qwen3.5-397B-A17B --total-gpus 128 --system gb300 --backend vllm --backend-version 0.19.0 --database-mode SILICON --isl 256 --osl 256 --prefix 128 --ttft 2000000.0 --tpot 50000.0 --top-n 1 --no-color,silicon
Qwen/Qwen3.5-397B-A17B,Qwen3_5MoeForConditionalGeneration,gb300,vllm,0.22.0,agg,PASS,,uv run aiconfigurator cli default --model-path Qwen/Qwen3.5-397B-A17B --total-gpus 128 --system gb300 --backend vllm --backend-version 0.22.0 --database-mode SILICON --isl 256 --osl 256 --prefix 128 --ttft 2000000.0 --tpot 50000.0 --top-n 1 --no-color,silicon
Qwen/Qwen3.5-397B-A17B,Qwen3_5MoeForConditionalGeneration,gb300,vllm,0.22.0,disagg,PASS,,uv run aiconfigurator cli default --model-path Qwen/Qwen3.5-397B-A17B --total-gpus 128 --system gb300 --backend vllm --backend-version 0.22.0 --database-mode SILICON --isl 256 --osl 256 --prefix 128 --ttft 2000000.0 --tpot 50000.0 --top-n 1 --no-color,silicon
Qwen/Qwen3.5-397B-A17B,Qwen3_5MoeForConditionalGeneration,gb300,vllm,0.24.0,agg,PASS,,uv run aiconfigurator cli default --model-path Qwen/Qwen3.5-397B-A17B --total-gpus 128 --system gb300 --backend vllm --backend-version 0.24.0 --database-mode SILICON --isl 256 --osl 256 --prefix 128 --ttft 2000000.0 --tpot 50000.0 --top-n 1 --no-color,silicon
Qwen/Qwen3.5-397B-A17B,Qwen3_5MoeForConditionalGeneration,gb300,vllm,0.24.0,disagg,PASS,,uv run aiconfigurator cli default --model-path Qwen/Qwen3.5-397B-A17B --total-gpus 128 --system gb300 --backend vllm --backend-version 0.24.0 --database-mode SILICON --isl 256 --osl 256 --prefix 128 --ttft 2000000.0 --tpot 50000.0 --top-n 1 --no-color,silicon
XiaomiMiMo/MiMo-7B-Base,MiMoForCausalLM,gb300,sglang,0.5.10,agg,PASS,,uv run aiconfigurator cli default --model-path XiaomiMiMo/MiMo-7B-Base --total-gpus 4 --system gb300 --backend sglang --backend-version 0.5.10 --database-mode SILICON --isl 256 --osl 256 --prefix 128 --ttft 1500.0 --tpot 50.0 --top-n 1 --no-color,silicon
XiaomiMiMo/MiMo-7B-Base,MiMoForCausalLM,gb300,sglang,0.5.10,disagg,PASS,,uv run aiconfigurator cli default --model-path XiaomiMiMo/MiMo-7B-Base --total-gpus 4 --system gb300 --backend sglang --backend-version 0.5.10 --database-mode SILICON --isl 256 --osl 256 --prefix 128 --ttft 1500.0 --tpot 50.0 --top-n 1 --no-color,silicon
XiaomiMiMo/MiMo-7B-Base,MiMoForCausalLM,gb300,sglang,0.5.12,agg,PASS,,uv run aiconfigurator cli default --model-path XiaomiMiMo/MiMo-7B-Base --total-gpus 4 --system gb300 --backend sglang --backend-version 0.5.12 --database-mode SILICON --isl 256 --osl 256 --prefix 128 --ttft 1500.0 --tpot 50.0 --top-n 1 --no-color,silicon
XiaomiMiMo/MiMo-7B-Base,MiMoForCausalLM,gb300,sglang,0.5.12,disagg,PASS,,uv run aiconfigurator cli default --model-path XiaomiMiMo/MiMo-7B-Base --total-gpus 4 --system gb300 --backend sglang --backend-version 0.5.12 --database-mode SILICON --isl 256 --osl 256 --prefix 128 --ttft 1500.0 --tpot 50.0 --top-n 1 --no-color,silicon
XiaomiMiMo/MiMo-7B-Base,MiMoForCausalLM,gb300,sglang,0.5.14,agg,PASS,,uv run aiconfigurator cli default --model-path XiaomiMiMo/MiMo-7B-Base --total-gpus 4 --system gb300 --backend sglang --backend-version 0.5.14 --database-mode SILICON --isl 256 --osl 256 --prefix 128 --ttft 1500.0 --tpot 50.0 --top-n 1 --no-color,silicon
XiaomiMiMo/MiMo-7B-Base,MiMoForCausalLM,gb300,sglang,0.5.14,disagg,PASS,,uv run aiconfigurator cli default --model-path XiaomiMiMo/MiMo-7B-Base --total-gpus 4 --system gb300 --backend sglang --backend-version 0.5.14 --database-mode SILICON --isl 256 --osl 256 --prefix 128 --ttft 1500.0 --tpot 50.0 --top-n 1 --no-color,silicon
XiaomiMiMo/MiMo-7B-Base,MiMoForCausalLM,gb300,sglang,0.5.9,agg,PASS,,uv run aiconfigurator cli default --model-path XiaomiMiMo/MiMo-7B-Base --total-gpus 4 --system gb300 --backend sglang --backend-version 0.5.9 --database-mode SILICON --isl 256 --osl 256 --prefix 128 --ttft 1500.0 --tpot 50.0 --top-n 1 --no-color,silicon
XiaomiMiMo/MiMo-7B-Base,MiMoForCausalLM,gb300,sglang,0.5.9,disagg,PASS,,uv run aiconfigurator cli default --model-path XiaomiMiMo/MiMo-7B-Base --total-gpus 4 --system gb300 --backend sglang --backend-version 0.5.9 --database-mode SILICON --isl 256 --osl 256 --prefix 128 --ttft 1500.0 --tpot 50.0 --top-n 1 --no-color,silicon
XiaomiMiMo/MiMo-7B-Base,MiMoForCausalLM,gb300,trtllm,1.3.0rc10,agg,PASS,,uv run aiconfigurator cli default --model-path XiaomiMiMo/MiMo-7B-Base --total-gpus 4 --system gb300 --backend trtllm --backend-version 1.3.0rc10 --database-mode SILICON --isl 256 --osl 256 --prefix 128 --ttft 1500.0 --tpot 50.0 --top-n 1 --no-color,silicon
XiaomiMiMo/MiMo-7B-Base,MiMoForCausalLM,gb300,trtllm,1.3.0rc10,disagg,PASS,,uv run aiconfigurator cli default --model-path XiaomiMiMo/MiMo-7B-Base --total-gpus 4 --system gb300 --backend trtllm --backend-version 1.3.0rc10 --database-mode SILICON --isl 256 --osl 256 --prefix 128 --ttft 1500.0 --tpot 50.0 --top-n 1 --no-color,silicon
XiaomiMiMo/MiMo-7B-Base,MiMoForCausalLM,gb300,trtllm,1.3.0rc15,agg,PASS,,uv run aiconfigurator cli default --model-path XiaomiMiMo/MiMo-7B-Base --total-gpus 4 --system gb300 --backend trtllm --backend-version 1.3.0rc15 --database-mode SILICON --isl 256 --osl 256 --prefix 128 --ttft 1500.0 --tpot 50.0 --top-n 1 --no-color,silicon
XiaomiMiMo/MiMo-7B-Base,MiMoForCausalLM,gb300,trtllm,1.3.0rc15,disagg,PASS,,uv run aiconfigurator cli default --model-path XiaomiMiMo/MiMo-7B-Base --total-gpus 4 --system gb300 --backend trtllm --backend-version 1.3.0rc15 --database-mode SILICON --isl 256 --osl 256 --prefix 128 --ttft 1500.0 --tpot 50.0 --top-n 1 --no-color,silicon
XiaomiMiMo/MiMo-7B-Base,MiMoForCausalLM,gb300,trtllm,1.3.0rc20,agg,PASS,,uv run aiconfigurator cli default --model-path XiaomiMiMo/MiMo-7B-Base --total-gpus 4 --system gb300 --backend trtllm --backend-version 1.3.0rc20 --database-mode SILICON --isl 256 --osl 256 --prefix 128 --ttft 1500.0 --tpot 50.0 --top-n 1 --no-color,silicon
XiaomiMiMo/MiMo-7B-Base,MiMoForCausalLM,gb300,trtllm,1.3.0rc20,disagg,PASS,,uv run aiconfigurator cli default --model-path XiaomiMiMo/MiMo-7B-Base --total-gpus 4 --system gb300 --backend trtllm --backend-version 1.3.0rc20 --database-mode SILICON --isl 256 --osl 256 --prefix 128 --ttft 1500.0 --tpot 50.0 --top-n 1 --no-color,silicon
XiaomiMiMo/MiMo-7B-Base,MiMoForCausalLM,gb300,vllm,0.19.0,agg,PASS,,uv run aiconfigurator cli default --model-path XiaomiMiMo/MiMo-7B-Base --total-gpus 4 --system gb300 --backend vllm --backend-version 0.19.0 --database-mode SILICON --isl 256 --osl 256 --prefix 128 --ttft 1500.0 --tpot 50.0 --top-n 1 --no-color,silicon
XiaomiMiMo/MiMo-7B-Base,MiMoForCausalLM,gb300,vllm,0.19.0,disagg,PASS,,uv run aiconfigurator cli default --model-path XiaomiMiMo/MiMo-7B-Base --total-gpus 4 --system gb300 --backend vllm --backend-version 0.19.0 --database-mode SILICON --isl 256 --osl 256 --prefix 128 --ttft 1500.0 --tpot 50.0 --top-n 1 --no-color,silicon
XiaomiMiMo/MiMo-7B-Base,MiMoForCausalLM,gb300,vllm,0.22.0,agg,PASS,,uv run aiconfigurator cli default --model-path XiaomiMiMo/MiMo-7B-Base --total-gpus 4 --system gb300 --backend vllm --backend-version 0.22.0 --database-mode SILICON --isl 256 --osl 256 --prefix 128 --ttft 1500.0 --tpot 50.0 --top-n 1 --no-color,silicon
XiaomiMiMo/MiMo-7B-Base,MiMoForCausalLM,gb300,vllm,0.22.0,disagg,PASS,,uv run aiconfigurator cli default --model-path XiaomiMiMo/MiMo-7B-Base --total-gpus 4 --system gb300 --backend vllm --backend-version 0.22.0 --database-mode SILICON --isl 256 --osl 256 --prefix 128 --ttft 1500.0 --tpot 50.0 --top-n 1 --no-color,silicon
XiaomiMiMo/MiMo-7B-Base,MiMoForCausalLM,gb300,vllm,0.24.0,agg,PASS,,uv run aiconfigurator cli default --model-path XiaomiMiMo/MiMo-7B-Base --total-gpus 4 --system gb300 --backend vllm --backend-version 0.24.0 --database-mode SILICON --isl 256 --osl 256 --prefix 128 --ttft 1500.0 --tpot 50.0 --top-n 1 --no-color,silicon
XiaomiMiMo/MiMo-7B-Base,MiMoForCausalLM,gb300,vllm,0.24.0,disagg,PASS,,uv run aiconfigurator cli default --model-path XiaomiMiMo/MiMo-7B-Base --total-gpus 4 --system gb300 --backend vllm --backend-version 0.24.0 --database-mode SILICON --isl 256 --osl 256 --prefix 128 --ttft 1500.0 --tpot 50.0 --top-n 1 --no-color,silicon
XiaomiMiMo/MiMo-V2-Flash,MiMoV2FlashForCausalLM,gb300,sglang,0.5.10,agg,HYBRID_PASS,,uv run aiconfigurator cli default --model-path XiaomiMiMo/MiMo-V2-Flash --total-gpus 128 --system gb300 --backend sglang --backend-version 0.5.10 --database-mode HYBRID --isl 256 --osl 256 --prefix 128 --ttft 2000000.0 --tpot 50000.0 --top-n 1 --no-color,xshape
XiaomiMiMo/MiMo-V2-Flash,MiMoV2FlashForCausalLM,gb300,sglang,0.5.10,disagg,HYBRID_PASS,,uv run aiconfigurator cli default --model-path XiaomiMiMo/MiMo-V2-Flash --total-gpus 128 --system gb300 --backend sglang --backend-version 0.5.10 --database-mode HYBRID --isl 256 --osl 256 --prefix 128 --ttft 2000000.0 --tpot 50000.0 --top-n 1 --no-color,xshape
XiaomiMiMo/MiMo-V2-Flash,MiMoV2FlashForCausalLM,gb300,sglang,0.5.12,agg,PASS,,uv run aiconfigurator cli default --model-path XiaomiMiMo/MiMo-V2-Flash --total-gpus 128 --system gb300 --backend sglang --backend-version 0.5.12 --database-mode SILICON --isl 256 --osl 256 --prefix 128 --ttft 2000000.0 --tpot 50000.0 --top-n 1 --no-color,silicon
XiaomiMiMo/MiMo-V2-Flash,MiMoV2FlashForCausalLM,gb300,sglang,0.5.12,disagg,PASS,,uv run aiconfigurator cli default --model-path XiaomiMiMo/MiMo-V2-Flash --total-gpus 128 --system gb300 --backend sglang --backend-version 0.5.12 --database-mode SILICON --isl 256 --osl 256 --prefix 128 --ttft 2000000.0 --tpot 50000.0 --top-n 1 --no-color,silicon
XiaomiMiMo/MiMo-V2-Flash,MiMoV2FlashForCausalLM,gb300,sglang,0.5.14,agg,PASS,,uv run aiconfigurator cli default --model-path XiaomiMiMo/MiMo-V2-Flash --total-gpus 128 --system gb300 --backend sglang --backend-version 0.5.14 --database-mode SILICON --isl 256 --osl 256 --prefix 128 --ttft 2000000.0 --tpot 50000.0 --top-n 1 --no-color,silicon
XiaomiMiMo/MiMo-V2-Flash,MiMoV2FlashForCausalLM,gb300,sglang,0.5.14,disagg,PASS,,uv run aiconfigurator cli default --model-path XiaomiMiMo/MiMo-V2-Flash --total-gpus 128 --system gb300 --backend sglang --backend-version 0.5.14 --database-mode SILICON --isl 256 --osl 256 --prefix 128 --ttft 2000000.0 --tpot 50000.0 --top-n 1 --no-color,silicon
XiaomiMiMo/MiMo-V2-Flash,MiMoV2FlashForCausalLM,gb300,sglang,0.5.9,agg,HYBRID_PASS,,uv run aiconfigurator cli default --model-path XiaomiMiMo/MiMo-V2-Flash --total-gpus 128 --system gb300 --backend sglang --backend-version 0.5.9 --database-mode HYBRID --isl 256 --osl 256 --prefix 128 --ttft 2000000.0 --tpot 50000.0 --top-n 1 --no-color,xshape
XiaomiMiMo/MiMo-V2-Flash,MiMoV2FlashForCausalLM,gb300,sglang,0.5.9,disagg,HYBRID_PASS,,uv run aiconfigurator cli default --model-path XiaomiMiMo/MiMo-V2-Flash --total-gpus 128 --system gb300 --backend sglang --backend-version 0.5.9 --database-mode HYBRID --isl 256 --osl 256 --prefix 128 --ttft 2000000.0 --tpot 50000.0 --top-n 1 --no-color,xshape
XiaomiMiMo/MiMo-V2-Flash,MiMoV2FlashForCausalLM,gb300,trtllm,1.3.0rc10,agg,FAIL,"Traceback (most recent call last):\n  File ""tools/support_matrix/support_matrix.py"", line 925, in _attempt\n    python_pareto_df = SupportMatrix._run_mode(\n                       ^^^^^^^^^^^^^^^^^^^^^^^^\n  File ""tools/support_matrix/support_matrix.py"", line 814, in _run_mode\n    pareto_df = task.run()\n                ^^^^^^^^^^\n  File ""src/aiconfigurator/sdk/task_v2.py"", line 1588, in run\n    self.validate()\n  File ""src/aiconfigurator/sdk/task_v2.py"", line 1237, in validate\n    self._validate_database_quant_modes()\n  File ""src/aiconfigurator/sdk/task_v2.py"", line 1286, in _validate_database_quant_modes\n    self._check_role_against_db(""agg"", validate_context=True, validate_generation=True)\n  File ""src/aiconfigurator/sdk/task_v2.py"", line 1398, in _check_role_against_db\n    _check(""moe"", moe_mode, profile_transfer=True)\n  File ""src/aiconfigurator/sdk/task_v2.py"", line 1379, in _check\n    raise exc_type(\nValueError: Unsupported moe quant mode 'fp8_block' for system='gb300', backend='trtllm', version='1.3.0rc10'. Supported moe modes: ['bfloat16', 'fp8', 'nvfp4', 'w4a16_mxfp4', 'w4a8_mxfp4_mxfp8']\n",uv run aiconfigurator cli default --model-path XiaomiMiMo/MiMo-V2-Flash --total-gpus 128 --system gb300 --backend trtllm --backend-version 1.3.0rc10 --database-mode SILICON --isl 256 --osl 256 --prefix 128 --ttft 2000000.0 --tpot 50000.0 --top-n 1 --no-color,
XiaomiMiMo/MiMo-V2-Flash,MiMoV2FlashForCausalLM,gb300,trtllm,1.3.0rc10,disagg,FAIL,"Traceback (most recent call last):\n  File ""tools/support_matrix/support_matrix.py"", line 925, in _attempt\n    python_pareto_df = SupportMatrix._run_mode(\n                       ^^^^^^^^^^^^^^^^^^^^^^^^\n  File ""tools/support_matrix/support_matrix.py"", line 814, in _run_mode\n    pareto_df = task.run()\n                ^^^^^^^^^^\n  File ""src/aiconfigurator/sdk/task_v2.py"", line 1588, in run\n    self.validate()\n  File ""src/aiconfigurator/sdk/task_v2.py"", line 1237, in validate\n    self._validate_database_quant_modes()\n  File ""src/aiconfigurator/sdk/task_v2.py"", line 1288, in _validate_database_quant_modes\n    self._check_role_against_db(""prefill"", validate_context=True, validate_generation=False)\n  File ""src/aiconfigurator/sdk/task_v2.py"", line 1398, in _check_role_against_db\n    _check(""moe"", moe_mode, profile_transfer=True)\n  File ""src/aiconfigurator/sdk/task_v2.py"", line 1379, in _check\n    raise exc_type(\nValueError: Unsupported moe quant mode 'fp8_block' for system='gb300', backend='trtllm', version='1.3.0rc10'. Supported moe modes: ['bfloat16', 'fp8', 'nvfp4', 'w4a16_mxfp4', 'w4a8_mxfp4_mxfp8']\n",uv run aiconfigurator cli default --model-path XiaomiMiMo/MiMo-V2-Flash --total-gpus 128 --system gb300 --backend trtllm --backend-version 1.3.0rc10 --database-mode SILICON --isl 256 --osl 256 --prefix 128 --ttft 2000000.0 --tpot 50000.0 --top-n 1 --no-color,
XiaomiMiMo/MiMo-V2-Flash,MiMoV2FlashForCausalLM,gb300,trtllm,1.3.0rc15,agg,FAIL,"Traceback (most recent call last):\n  File ""tools/support_matrix/support_matrix.py"", line 925, in _attempt\n    python_pareto_df = SupportMatrix._run_mode(\n                       ^^^^^^^^^^^^^^^^^^^^^^^^\n  File ""tools/support_matrix/support_matrix.py"", line 814, in _run_mode\n    pareto_df = task.run()\n                ^^^^^^^^^^\n  File ""src/aiconfigurator/sdk/task_v2.py"", line 1588, in run\n    self.validate()\n  File ""src/aiconfigurator/sdk/task_v2.py"", line 1237, in validate\n    self._validate_database_quant_modes()\n  File ""src/aiconfigurator/sdk/task_v2.py"", line 1286, in _validate_database_quant_modes\n    self._check_role_against_db(""agg"", validate_context=True, validate_generation=True)\n  File ""src/aiconfigurator/sdk/task_v2.py"", line 1398, in _check_role_against_db\n    _check(""moe"", moe_mode, profile_transfer=True)\n  File ""src/aiconfigurator/sdk/task_v2.py"", line 1379, in _check\n    raise exc_type(\nValueError: Unsupported moe quant mode 'fp8_block' for system='gb300', backend='trtllm', version='1.3.0rc15'. Supported moe modes: ['bfloat16', 'fp8', 'nvfp4', 'w4a16_mxfp4', 'w4a8_mxfp4_mxfp8']\n",uv run aiconfigurator cli default --model-path XiaomiMiMo/MiMo-V2-Flash --total-gpus 128 --system gb300 --backend trtllm --backend-version 1.3.0rc15 --database-mode SILICON --isl 256 --osl 256 --prefix 128 --ttft 2000000.0 --tpot 50000.0 --top-n 1 --no-color,
XiaomiMiMo/MiMo-V2-Flash,MiMoV2FlashForCausalLM,gb300,trtllm,1.3.0rc15,disagg,FAIL,"Traceback (most recent call last):\n  File ""tools/support_matrix/support_matrix.py"", line 925, in _attempt\n    python_pareto_df = SupportMatrix._run_mode(\n                       ^^^^^^^^^^^^^^^^^^^^^^^^\n  File ""tools/support_matrix/support_matrix.py"", line 814, in _run_mode\n    pareto_df = task.run()\n                ^^^^^^^^^^\n  File ""src/aiconfigurator/sdk/task_v2.py"", line 1588, in run\n    self.validate()\n  File ""src/aiconfigurator/sdk/task_v2.py"", line 1237, in validate\n    self._validate_database_quant_modes()\n  File ""src/aiconfigurator/sdk/task_v2.py"", line 1288, in _validate_database_quant_modes\n    self._check_role_against_db(""prefill"", validate_context=True, validate_generation=False)\n  File ""src/aiconfigurator/sdk/task_v2.py"", line 1398, in _check_role_against_db\n    _check(""moe"", moe_mode, profile_transfer=True)\n  File ""src/aiconfigurator/sdk/task_v2.py"", line 1379, in _check\n    raise exc_type(\nValueError: Unsupported moe quant mode 'fp8_block' for system='gb300', backend='trtllm', version='1.3.0rc15'. Supported moe modes: ['bfloat16', 'fp8', 'nvfp4', 'w4a16_mxfp4', 'w4a8_mxfp4_mxfp8']\n",uv run aiconfigurator cli default --model-path XiaomiMiMo/MiMo-V2-Flash --total-gpus 128 --system gb300 --backend trtllm --backend-version 1.3.0rc15 --database-mode SILICON --isl 256 --osl 256 --prefix 128 --ttft 2000000.0 --tpot 50000.0 --top-n 1 --no-color,
XiaomiMiMo/MiMo-V2-Flash,MiMoV2FlashForCausalLM,gb300,trtllm,1.3.0rc20,agg,HYBRID_PASS,,uv run aiconfigurator cli default --model-path XiaomiMiMo/MiMo-V2-Flash --total-gpus 128 --system gb300 --backend trtllm --backend-version 1.3.0rc20 --database-mode HYBRID --isl 256 --osl 256 --prefix 128 --ttft 2000000.0 --tpot 50000.0 --top-n 1 --no-color,xshape
XiaomiMiMo/MiMo-V2-Flash,MiMoV2FlashForCausalLM,gb300,trtllm,1.3.0rc20,disagg,HYBRID_PASS,,uv run aiconfigurator cli default --model-path XiaomiMiMo/MiMo-V2-Flash --total-gpus 128 --system gb300 --backend trtllm --backend-version 1.3.0rc20 --database-mode HYBRID --isl 256 --osl 256 --prefix 128 --ttft 2000000.0 --tpot 50000.0 --top-n 1 --no-color,xshape
XiaomiMiMo/MiMo-V2-Flash,MiMoV2FlashForCausalLM,gb300,vllm,0.19.0,agg,HYBRID_PASS,,uv run aiconfigurator cli default --model-path XiaomiMiMo/MiMo-V2-Flash --total-gpus 128 --system gb300 --backend vllm --backend-version 0.19.0 --database-mode HYBRID --isl 256 --osl 256 --prefix 128 --ttft 2000000.0 --tpot 50000.0 --top-n 1 --no-color,xshape
XiaomiMiMo/MiMo-V2-Flash,MiMoV2FlashForCausalLM,gb300,vllm,0.19.0,disagg,HYBRID_PASS,,uv run aiconfigurator cli default --model-path XiaomiMiMo/MiMo-V2-Flash --total-gpus 128 --system gb300 --backend vllm --backend-version 0.19.0 --database-mode HYBRID --isl 256 --osl 256 --prefix 128 --ttft 2000000.0 --tpot 50000.0 --top-n 1 --no-color,xshape
XiaomiMiMo/MiMo-V2-Flash,MiMoV2FlashForCausalLM,gb300,vllm,0.22.0,agg,PASS,,uv run aiconfigurator cli default --model-path XiaomiMiMo/MiMo-V2-Flash --total-gpus 128 --system gb300 --backend vllm --backend-version 0.22.0 --database-mode SILICON --isl 256 --osl 256 --prefix 128 --ttft 2000000.0 --tpot 50000.0 --top-n 1 --no-color,silicon
XiaomiMiMo/MiMo-V2-Flash,MiMoV2FlashForCausalLM,gb300,vllm,0.22.0,disagg,PASS,,uv run aiconfigurator cli default --model-path XiaomiMiMo/MiMo-V2-Flash --total-gpus 128 --system gb300 --backend vllm --backend-version 0.22.0 --database-mode SILICON --isl 256 --osl 256 --prefix 128 --ttft 2000000.0 --tpot 50000.0 --top-n 1 --no-color,silicon
XiaomiMiMo/MiMo-V2-Flash,MiMoV2FlashForCausalLM,gb300,vllm,0.24.0,agg,PASS,,uv run aiconfigurator cli default --model-path XiaomiMiMo/MiMo-V2-Flash --total-gpus 128 --system gb300 --backend vllm --backend-version 0.24.0 --database-mode SILICON --isl 256 --osl 256 --prefix 128 --ttft 2000000.0 --tpot 50000.0 --top-n 1 --no-color,silicon
XiaomiMiMo/MiMo-V2-Flash,MiMoV2FlashForCausalLM,gb300,vllm,0.24.0,disagg,PASS,,uv run aiconfigurator cli default --model-path XiaomiMiMo/MiMo-V2-Flash --total-gpus 128 --system gb300 --backend vllm --backend-version 0.24.0 --database-mode SILICON --isl 256 --osl 256 --prefix 128 --ttft 2000000.0 --tpot 50000.0 --top-n 1 --no-color,silicon
deepseek-ai/DeepSeek-R1,DeepseekV3ForCausalLM,gb300,sglang,0.5.10,agg,PASS,,uv run aiconfigurator cli default --model-path deepseek-ai/DeepSeek-R1 --total-gpus 128 --system gb300 --backend sglang --backend-version 0.5.10 --database-mode SILICON --isl 256 --osl 256 --prefix 128 --ttft 2000000.0 --tpot 50000.0 --top-n 1 --no-color,silicon
deepseek-ai/DeepSeek-R1,DeepseekV3ForCausalLM,gb300,sglang,0.5.10,disagg,PASS,,uv run aiconfigurator cli default --model-path deepseek-ai/DeepSeek-R1 --total-gpus 128 --system gb300 --backend sglang --backend-version 0.5.10 --database-mode SILICON --isl 256 --osl 256 --prefix 128 --ttft 2000000.0 --tpot 50000.0 --top-n 1 --no-color,silicon
deepseek-ai/DeepSeek-R1,DeepseekV3ForCausalLM,gb300,sglang,0.5.12,agg,PASS,,uv run aiconfigurator cli default --model-path deepseek-ai/DeepSeek-R1 --total-gpus 128 --system gb300 --backend sglang --backend-version 0.5.12 --database-mode SILICON --isl 256 --osl 256 --prefix 128 --ttft 2000000.0 --tpot 50000.0 --top-n 1 --no-color,silicon
deepseek-ai/DeepSeek-R1,DeepseekV3ForCausalLM,gb300,sglang,0.5.12,disagg,PASS,,uv run aiconfigurator cli default --model-path deepseek-ai/DeepSeek-R1 --total-gpus 128 --system gb300 --backend sglang --backend-version 0.5.12 --database-mode SILICON --isl 256 --osl 256 --prefix 128 --ttft 2000000.0 --tpot 50000.0 --top-n 1 --no-color,silicon
deepseek-ai/DeepSeek-R1,DeepseekV3ForCausalLM,gb300,sglang,0.5.14,agg,PASS,,uv run aiconfigurator cli default --model-path deepseek-ai/DeepSeek-R1 --total-gpus 128 --system gb300 --backend sglang --backend-version 0.5.14 --database-mode SILICON --isl 256 --osl 256 --prefix 128 --ttft 2000000.0 --tpot 50000.0 --top-n 1 --no-color,silicon
deepseek-ai/DeepSeek-R1,DeepseekV3ForCausalLM,gb300,sglang,0.5.14,disagg,PASS,,uv run aiconfigurator cli default --model-path deepseek-ai/DeepSeek-R1 --total-gpus 128 --system gb300 --backend sglang --backend-version 0.5.14 --database-mode SILICON --isl 256 --osl 256 --prefix 128 --ttft 2000000.0 --tpot 50000.0 --top-n 1 --no-color,silicon
deepseek-ai/DeepSeek-R1,DeepseekV3ForCausalLM,gb300,sglang,0.5.9,agg,PASS,,uv run aiconfigurator cli default --model-path deepseek-ai/DeepSeek-R1 --total-gpus 128 --system gb300 --backend sglang --backend-version 0.5.9 --database-mode SILICON --isl 256 --osl 256 --prefix 128 --ttft 2000000.0 --tpot 50000.0 --top-n 1 --no-color,silicon
deepseek-ai/DeepSeek-R1,DeepseekV3ForCausalLM,gb300,sglang,0.5.9,disagg,PASS,,uv run aiconfigurator cli default --model-path deepseek-ai/DeepSeek-R1 --total-gpus 128 --system gb300 --backend sglang --backend-version 0.5.9 --database-mode SILICON --isl 256 --osl 256 --prefix 128 --ttft 2000000.0 --tpot 50000.0 --top-n 1 --no-color,silicon
deepseek-ai/DeepSeek-R1,DeepseekV3ForCausalLM,gb300,trtllm,1.3.0rc10,agg,FAIL,"Traceback (most recent call last):\n  File ""tools/support_matrix/support_matrix.py"", line 925, in _attempt\n    python_pareto_df = SupportMatrix._run_mode(\n                       ^^^^^^^^^^^^^^^^^^^^^^^^\n  File ""tools/support_matrix/support_matrix.py"", line 814, in _run_mode\n    pareto_df = task.run()\n                ^^^^^^^^^^\n  File ""src/aiconfigurator/sdk/task_v2.py"", line 1588, in run\n    self.validate()\n  File ""src/aiconfigurator/sdk/task_v2.py"", line 1237, in validate\n    self._validate_database_quant_modes()\n  File ""src/aiconfigurator/sdk/task_v2.py"", line 1286, in _validate_database_quant_modes\n    self._check_role_against_db(""agg"", validate_context=True, validate_generation=True)\n  File ""src/aiconfigurator/sdk/task_v2.py"", line 1398, in _check_role_against_db\n    _check(""moe"", moe_mode, profile_transfer=True)\n  File ""src/aiconfigurator/sdk/task_v2.py"", line 1379, in _check\n    raise exc_type(\nValueError: Unsupported moe quant mode 'fp8_block' for system='gb300', backend='trtllm', version='1.3.0rc10'. Supported moe modes: ['bfloat16', 'fp8', 'nvfp4', 'w4a16_mxfp4', 'w4a8_mxfp4_mxfp8']\n",uv run aiconfigurator cli default --model-path deepseek-ai/DeepSeek-R1 --total-gpus 128 --system gb300 --backend trtllm --backend-version 1.3.0rc10 --database-mode SILICON --isl 256 --osl 256 --prefix 128 --ttft 2000000.0 --tpot 50000.0 --top-n 1 --no-color,
deepseek-ai/DeepSeek-R1,DeepseekV3ForCausalLM,gb300,trtllm,1.3.0rc10,disagg,FAIL,"Traceback (most recent call last):\n  File ""tools/support_matrix/support_matrix.py"", line 925, in _attempt\n    python_pareto_df = SupportMatrix._run_mode(\n                       ^^^^^^^^^^^^^^^^^^^^^^^^\n  File ""tools/support_matrix/support_matrix.py"", line 814, in _run_mode\n    pareto_df = task.run()\n                ^^^^^^^^^^\n  File ""src/aiconfigurator/sdk/task_v2.py"", line 1588, in run\n    self.validate()\n  File ""src/aiconfigurator/sdk/task_v2.py"", line 1237, in validate\n    self._validate_database_quant_modes()\n  File ""src/aiconfigurator/sdk/task_v2.py"", line 1288, in _validate_database_quant_modes\n    self._check_role_against_db(""prefill"", validate_context=True, validate_generation=False)\n  File ""src/aiconfigurator/sdk/task_v2.py"", line 1398, in _check_role_against_db\n    _check(""moe"", moe_mode, profile_transfer=True)\n  File ""src/aiconfigurator/sdk/task_v2.py"", line 1379, in _check\n    raise exc_type(\nValueError: Unsupported moe quant mode 'fp8_block' for system='gb300', backend='trtllm', version='1.3.0rc10'. Supported moe modes: ['bfloat16', 'fp8', 'nvfp4', 'w4a16_mxfp4', 'w4a8_mxfp4_mxfp8']\n",uv run aiconfigurator cli default --model-path deepseek-ai/DeepSeek-R1 --total-gpus 128 --system gb300 --backend trtllm --backend-version 1.3.0rc10 --database-mode SILICON --isl 256 --osl 256 --prefix 128 --ttft 2000000.0 --tpot 50000.0 --top-n 1 --no-color,
deepseek-ai/DeepSeek-R1,DeepseekV3ForCausalLM,gb300,trtllm,1.3.0rc15,agg,FAIL,"Traceback (most recent call last):\n  File ""tools/support_matrix/support_matrix.py"", line 925, in _attempt\n    python_pareto_df = SupportMatrix._run_mode(\n                       ^^^^^^^^^^^^^^^^^^^^^^^^\n  File ""tools/support_matrix/support_matrix.py"", line 814, in _run_mode\n    pareto_df = task.run()\n                ^^^^^^^^^^\n  File ""src/aiconfigurator/sdk/task_v2.py"", line 1588, in run\n    self.validate()\n  File ""src/aiconfigurator/sdk/task_v2.py"", line 1237, in validate\n    self._validate_database_quant_modes()\n  File ""src/aiconfigurator/sdk/task_v2.py"", line 1286, in _validate_database_quant_modes\n    self._check_role_against_db(""agg"", validate_context=True, validate_generation=True)\n  File ""src/aiconfigurator/sdk/task_v2.py"", line 1398, in _check_role_against_db\n    _check(""moe"", moe_mode, profile_transfer=True)\n  File ""src/aiconfigurator/sdk/task_v2.py"", line 1379, in _check\n    raise exc_type(\nValueError: Unsupported moe quant mode 'fp8_block' for system='gb300', backend='trtllm', version='1.3.0rc15'. Supported moe modes: ['bfloat16', 'fp8', 'nvfp4', 'w4a16_mxfp4', 'w4a8_mxfp4_mxfp8']\n",uv run aiconfigurator cli default --model-path deepseek-ai/DeepSeek-R1 --total-gpus 128 --system gb300 --backend trtllm --backend-version 1.3.0rc15 --database-mode SILICON --isl 256 --osl 256 --prefix 128 --ttft 2000000.0 --tpot 50000.0 --top-n 1 --no-color,
deepseek-ai/DeepSeek-R1,DeepseekV3ForCausalLM,gb300,trtllm,1.3.0rc15,disagg,FAIL,"Traceback (most recent call last):\n  File ""tools/support_matrix/support_matrix.py"", line 925, in _attempt\n    python_pareto_df = SupportMatrix._run_mode(\n                       ^^^^^^^^^^^^^^^^^^^^^^^^\n  File ""tools/support_matrix/support_matrix.py"", line 814, in _run_mode\n    pareto_df = task.run()\n                ^^^^^^^^^^\n  File ""src/aiconfigurator/sdk/task_v2.py"", line 1588, in run\n    self.validate()\n  File ""src/aiconfigurator/sdk/task_v2.py"", line 1237, in validate\n    self._validate_database_quant_modes()\n  File ""src/aiconfigurator/sdk/task_v2.py"", line 1288, in _validate_database_quant_modes\n    self._check_role_against_db(""prefill"", validate_context=True, validate_generation=False)\n  File ""src/aiconfigurator/sdk/task_v2.py"", line 1398, in _check_role_against_db\n    _check(""moe"", moe_mode, profile_transfer=True)\n  File ""src/aiconfigurator/sdk/task_v2.py"", line 1379, in _check\n    raise exc_type(\nValueError: Unsupported moe quant mode 'fp8_block' for system='gb300', backend='trtllm', version='1.3.0rc15'. Supported moe modes: ['bfloat16', 'fp8', 'nvfp4', 'w4a16_mxfp4', 'w4a8_mxfp4_mxfp8']\n",uv run aiconfigurator cli default --model-path deepseek-ai/DeepSeek-R1 --total-gpus 128 --system gb300 --backend trtllm --backend-version 1.3.0rc15 --database-mode SILICON --isl 256 --osl 256 --prefix 128 --ttft 2000000.0 --tpot 50000.0 --top-n 1 --no-color,
deepseek-ai/DeepSeek-R1,DeepseekV3ForCausalLM,gb300,trtllm,1.3.0rc20,agg,PASS,,uv run aiconfigurator cli default --model-path deepseek-ai/DeepSeek-R1 --total-gpus 128 --system gb300 --backend trtllm --backend-version 1.3.0rc20 --database-mode SILICON --isl 256 --osl 256 --prefix 128 --ttft 2000000.0 --tpot 50000.0 --top-n 1 --no-color,silicon
deepseek-ai/DeepSeek-R1,DeepseekV3ForCausalLM,gb300,trtllm,1.3.0rc20,disagg,PASS,,uv run aiconfigurator cli default --model-path deepseek-ai/DeepSeek-R1 --total-gpus 128 --system gb300 --backend trtllm --backend-version 1.3.0rc20 --database-mode SILICON --isl 256 --osl 256 --prefix 128 --ttft 2000000.0 --tpot 50000.0 --top-n 1 --no-color,silicon
deepseek-ai/DeepSeek-R1,DeepseekV3ForCausalLM,gb300,vllm,0.19.0,agg,PASS,,uv run aiconfigurator cli default --model-path deepseek-ai/DeepSeek-R1 --total-gpus 128 --system gb300 --backend vllm --backend-version 0.19.0 --database-mode SILICON --isl 256 --osl 256 --prefix 128 --ttft 2000000.0 --tpot 50000.0 --top-n 1 --no-color,silicon
deepseek-ai/DeepSeek-R1,DeepseekV3ForCausalLM,gb300,vllm,0.19.0,disagg,PASS,,uv run aiconfigurator cli default --model-path deepseek-ai/DeepSeek-R1 --total-gpus 128 --system gb300 --backend vllm --backend-version 0.19.0 --database-mode SILICON --isl 256 --osl 256 --prefix 128 --ttft 2000000.0 --tpot 50000.0 --top-n 1 --no-color,silicon
deepseek-ai/DeepSeek-R1,DeepseekV3ForCausalLM,gb300,vllm,0.22.0,agg,PASS,,uv run aiconfigurator cli default --model-path deepseek-ai/DeepSeek-R1 --total-gpus 128 --system gb300 --backend vllm --backend-version 0.22.0 --database-mode SILICON --isl 256 --osl 256 --prefix 128 --ttft 2000000.0 --tpot 50000.0 --top-n 1 --no-color,silicon
deepseek-ai/DeepSeek-R1,DeepseekV3ForCausalLM,gb300,vllm,0.22.0,disagg,PASS,,uv run aiconfigurator cli default --model-path deepseek-ai/DeepSeek-R1 --total-gpus 128 --system gb300 --backend vllm --backend-version 0.22.0 --database-mode SILICON --isl 256 --osl 256 --prefix 128 --ttft 2000000.0 --tpot 50000.0 --top-n 1 --no-color,silicon
deepseek-ai/DeepSeek-R1,DeepseekV3ForCausalLM,gb300,vllm,0.24.0,agg,PASS,,uv run aiconfigurator cli default --model-path deepseek-ai/DeepSeek-R1 --total-gpus 128 --system gb300 --backend vllm --backend-version 0.24.0 --database-mode SILICON --isl 256 --osl 256 --prefix 128 --ttft 2000000.0 --tpot 50000.0 --top-n 1 --no-color,silicon
deepseek-ai/DeepSeek-R1,DeepseekV3ForCausalLM,gb300,vllm,0.24.0,disagg,PASS,,uv run aiconfigurator cli default --model-path deepseek-ai/DeepSeek-R1 --total-gpus 128 --system gb300 --backend vllm --backend-version 0.24.0 --database-mode SILICON --isl 256 --osl 256 --prefix 128 --ttft 2000000.0 --tpot 50000.0 --top-n 1 --no-color,silicon
deepseek-ai/DeepSeek-V3,DeepseekV3ForCausalLM,gb300,sglang,0.5.10,agg,PASS,,uv run aiconfigurator cli default --model-path deepseek-ai/DeepSeek-V3 --total-gpus 128 --system gb300 --backend sglang --backend-version 0.5.10 --database-mode SILICON --isl 256 --osl 256 --prefix 128 --ttft 2000000.0 --tpot 50000.0 --top-n 1 --no-color,silicon
deepseek-ai/DeepSeek-V3,DeepseekV3ForCausalLM,gb300,sglang,0.5.10,disagg,PASS,,uv run aiconfigurator cli default --model-path deepseek-ai/DeepSeek-V3 --total-gpus 128 --system gb300 --backend sglang --backend-version 0.5.10 --database-mode SILICON --isl 256 --osl 256 --prefix 128 --ttft 2000000.0 --tpot 50000.0 --top-n 1 --no-color,silicon
deepseek-ai/DeepSeek-V3,DeepseekV3ForCausalLM,gb300,sglang,0.5.12,agg,PASS,,uv run aiconfigurator cli default --model-path deepseek-ai/DeepSeek-V3 --total-gpus 128 --system gb300 --backend sglang --backend-version 0.5.12 --database-mode SILICON --isl 256 --osl 256 --prefix 128 --ttft 2000000.0 --tpot 50000.0 --top-n 1 --no-color,silicon
deepseek-ai/DeepSeek-V3,DeepseekV3ForCausalLM,gb300,sglang,0.5.12,disagg,PASS,,uv run aiconfigurator cli default --model-path deepseek-ai/DeepSeek-V3 --total-gpus 128 --system gb300 --backend sglang --backend-version 0.5.12 --database-mode SILICON --isl 256 --osl 256 --prefix 128 --ttft 2000000.0 --tpot 50000.0 --top-n 1 --no-color,silicon
deepseek-ai/DeepSeek-V3,DeepseekV3ForCausalLM,gb300,sglang,0.5.14,agg,PASS,,uv run aiconfigurator cli default --model-path deepseek-ai/DeepSeek-V3 --total-gpus 128 --system gb300 --backend sglang --backend-version 0.5.14 --database-mode SILICON --isl 256 --osl 256 --prefix 128 --ttft 2000000.0 --tpot 50000.0 --top-n 1 --no-color,silicon
deepseek-ai/DeepSeek-V3,DeepseekV3ForCausalLM,gb300,sglang,0.5.14,disagg,PASS,,uv run aiconfigurator cli default --model-path deepseek-ai/DeepSeek-V3 --total-gpus 128 --system gb300 --backend sglang --backend-version 0.5.14 --database-mode SILICON --isl 256 --osl 256 --prefix 128 --ttft 2000000.0 --tpot 50000.0 --top-n 1 --no-color,silicon
deepseek-ai/DeepSeek-V3,DeepseekV3ForCausalLM,gb300,sglang,0.5.9,agg,PASS,,uv run aiconfigurator cli default --model-path deepseek-ai/DeepSeek-V3 --total-gpus 128 --system gb300 --backend sglang --backend-version 0.5.9 --database-mode SILICON --isl 256 --osl 256 --prefix 128 --ttft 2000000.0 --tpot 50000.0 --top-n 1 --no-color,silicon
deepseek-ai/DeepSeek-V3,DeepseekV3ForCausalLM,gb300,sglang,0.5.9,disagg,PASS,,uv run aiconfigurator cli default --model-path deepseek-ai/DeepSeek-V3 --total-gpus 128 --system gb300 --backend sglang --backend-version 0.5.9 --database-mode SILICON --isl 256 --osl 256 --prefix 128 --ttft 2000000.0 --tpot 50000.0 --top-n 1 --no-color,silicon
deepseek-ai/DeepSeek-V3,DeepseekV3ForCausalLM,gb300,trtllm,1.3.0rc10,agg,FAIL,"Traceback (most recent call last):\n  File ""tools/support_matrix/support_matrix.py"", line 925, in _attempt\n    python_pareto_df = SupportMatrix._run_mode(\n                       ^^^^^^^^^^^^^^^^^^^^^^^^\n  File ""tools/support_matrix/support_matrix.py"", line 814, in _run_mode\n    pareto_df = task.run()\n                ^^^^^^^^^^\n  File ""src/aiconfigurator/sdk/task_v2.py"", line 1588, in run\n    self.validate()\n  File ""src/aiconfigurator/sdk/task_v2.py"", line 1237, in validate\n    self._validate_database_quant_modes()\n  File ""src/aiconfigurator/sdk/task_v2.py"", line 1286, in _validate_database_quant_modes\n    self._check_role_against_db(""agg"", validate_context=True, validate_generation=True)\n  File ""src/aiconfigurator/sdk/task_v2.py"", line 1398, in _check_role_against_db\n    _check(""moe"", moe_mode, profile_transfer=True)\n  File ""src/aiconfigurator/sdk/task_v2.py"", line 1379, in _check\n    raise exc_type(\nValueError: Unsupported moe quant mode 'fp8_block' for system='gb300', backend='trtllm', version='1.3.0rc10'. Supported moe modes: ['bfloat16', 'fp8', 'nvfp4', 'w4a16_mxfp4', 'w4a8_mxfp4_mxfp8']\n",uv run aiconfigurator cli default --model-path deepseek-ai/DeepSeek-V3 --total-gpus 128 --system gb300 --backend trtllm --backend-version 1.3.0rc10 --database-mode SILICON --isl 256 --osl 256 --prefix 128 --ttft 2000000.0 --tpot 50000.0 --top-n 1 --no-color,
deepseek-ai/DeepSeek-V3,DeepseekV3ForCausalLM,gb300,trtllm,1.3.0rc10,disagg,FAIL,"Traceback (most recent call last):\n  File ""tools/support_matrix/support_matrix.py"", line 925, in _attempt\n    python_pareto_df = SupportMatrix._run_mode(\n                       ^^^^^^^^^^^^^^^^^^^^^^^^\n  File ""tools/support_matrix/support_matrix.py"", line 814, in _run_mode\n    pareto_df = task.run()\n                ^^^^^^^^^^\n  File ""src/aiconfigurator/sdk/task_v2.py"", line 1588, in run\n    self.validate()\n  File ""src/aiconfigurator/sdk/task_v2.py"", line 1237, in validate\n    self._validate_database_quant_modes()\n  File ""src/aiconfigurator/sdk/task_v2.py"", line 1288, in _validate_database_quant_modes\n    self._check_role_against_db(""prefill"", validate_context=True, validate_generation=False)\n  File ""src/aiconfigurator/sdk/task_v2.py"", line 1398, in _check_role_against_db\n    _check(""moe"", moe_mode, profile_transfer=True)\n  File ""src/aiconfigurator/sdk/task_v2.py"", line 1379, in _check\n    raise exc_type(\nValueError: Unsupported moe quant mode 'fp8_block' for system='gb300', backend='trtllm', version='1.3.0rc10'. Supported moe modes: ['bfloat16', 'fp8', 'nvfp4', 'w4a16_mxfp4', 'w4a8_mxfp4_mxfp8']\n",uv run aiconfigurator cli default --model-path deepseek-ai/DeepSeek-V3 --total-gpus 128 --system gb300 --backend trtllm --backend-version 1.3.0rc10 --database-mode SILICON --isl 256 --osl 256 --prefix 128 --ttft 2000000.0 --tpot 50000.0 --top-n 1 --no-color,
deepseek-ai/DeepSeek-V3,DeepseekV3ForCausalLM,gb300,trtllm,1.3.0rc15,agg,FAIL,"Traceback (most recent call last):\n  File ""tools/support_matrix/support_matrix.py"", line 925, in _attempt\n    python_pareto_df = SupportMatrix._run_mode(\n                       ^^^^^^^^^^^^^^^^^^^^^^^^\n  File ""tools/support_matrix/support_matrix.py"", line 814, in _run_mode\n    pareto_df = task.run()\n                ^^^^^^^^^^\n  File ""src/aiconfigurator/sdk/task_v2.py"", line 1588, in run\n    self.validate()\n  File ""src/aiconfigurator/sdk/task_v2.py"", line 1237, in validate\n    self._validate_database_quant_modes()\n  File ""src/aiconfigurator/sdk/task_v2.py"", line 1286, in _validate_database_quant_modes\n    self._check_role_against_db(""agg"", validate_context=True, validate_generation=True)\n  File ""src/aiconfigurator/sdk/task_v2.py"", line 1398, in _check_role_against_db\n    _check(""moe"", moe_mode, profile_transfer=True)\n  File ""src/aiconfigurator/sdk/task_v2.py"", line 1379, in _check\n    raise exc_type(\nValueError: Unsupported moe quant mode 'fp8_block' for system='gb300', backend='trtllm', version='1.3.0rc15'. Supported moe modes: ['bfloat16', 'fp8', 'nvfp4', 'w4a16_mxfp4', 'w4a8_mxfp4_mxfp8']\n",uv run aiconfigurator cli default --model-path deepseek-ai/DeepSeek-V3 --total-gpus 128 --system gb300 --backend trtllm --backend-version 1.3.0rc15 --database-mode SILICON --isl 256 --osl 256 --prefix 128 --ttft 2000000.0 --tpot 50000.0 --top-n 1 --no-color,
deepseek-ai/DeepSeek-V3,DeepseekV3ForCausalLM,gb300,trtllm,1.3.0rc15,disagg,FAIL,"Traceback (most recent call last):\n  File ""tools/support_matrix/support_matrix.py"", line 925, in _attempt\n    python_pareto_df = SupportMatrix._run_mode(\n                       ^^^^^^^^^^^^^^^^^^^^^^^^\n  File ""tools/support_matrix/support_matrix.py"", line 814, in _run_mode\n    pareto_df = task.run()\n                ^^^^^^^^^^\n  File ""src/aiconfigurator/sdk/task_v2.py"", line 1588, in run\n    self.validate()\n  File ""src/aiconfigurator/sdk/task_v2.py"", line 1237, in validate\n    self._validate_database_quant_modes()\n  File ""src/aiconfigurator/sdk/task_v2.py"", line 1288, in _validate_database_quant_modes\n    self._check_role_against_db(""prefill"", validate_context=True, validate_generation=False)\n  File ""src/aiconfigurator/sdk/task_v2.py"", line 1398, in _check_role_against_db\n    _check(""moe"", moe_mode, profile_transfer=True)\n  File ""src/aiconfigurator/sdk/task_v2.py"", line 1379, in _check\n    raise exc_type(\nValueError: Unsupported moe quant mode 'fp8_block' for system='gb300', backend='trtllm', version='1.3.0rc15'. Supported moe modes: ['bfloat16', 'fp8', 'nvfp4', 'w4a16_mxfp4', 'w4a8_mxfp4_mxfp8']\n",uv run aiconfigurator cli default --model-path deepseek-ai/DeepSeek-V3 --total-gpus 128 --system gb300 --backend trtllm --backend-version 1.3.0rc15 --database-mode SILICON --isl 256 --osl 256 --prefix 128 --ttft 2000000.0 --tpot 50000.0 --top-n 1 --no-color,
deepseek-ai/DeepSeek-V3,DeepseekV3ForCausalLM,gb300,trtllm,1.3.0rc20,agg,PASS,,uv run aiconfigurator cli default --model-path deepseek-ai/DeepSeek-V3 --total-gpus 128 --system gb300 --backend trtllm --backend-version 1.3.0rc20 --database-mode SILICON --isl 256 --osl 256 --prefix 128 --ttft 2000000.0 --tpot 50000.0 --top-n 1 --no-color,silicon
deepseek-ai/DeepSeek-V3,DeepseekV3ForCausalLM,gb300,trtllm,1.3.0rc20,disagg,PASS,,uv run aiconfigurator cli default --model-path deepseek-ai/DeepSeek-V3 --total-gpus 128 --system gb300 --backend trtllm --backend-version 1.3.0rc20 --database-mode SILICON --isl 256 --osl 256 --prefix 128 --ttft 2000000.0 --tpot 50000.0 --top-n 1 --no-color,silicon
deepseek-ai/DeepSeek-V3,DeepseekV3ForCausalLM,gb300,vllm,0.19.0,agg,PASS,,uv run aiconfigurator cli default --model-path deepseek-ai/DeepSeek-V3 --total-gpus 128 --system gb300 --backend vllm --backend-version 0.19.0 --database-mode SILICON --isl 256 --osl 256 --prefix 128 --ttft 2000000.0 --tpot 50000.0 --top-n 1 --no-color,silicon
deepseek-ai/DeepSeek-V3,DeepseekV3ForCausalLM,gb300,vllm,0.19.0,disagg,PASS,,uv run aiconfigurator cli default --model-path deepseek-ai/DeepSeek-V3 --total-gpus 128 --system gb300 --backend vllm --backend-version 0.19.0 --database-mode SILICON --isl 256 --osl 256 --prefix 128 --ttft 2000000.0 --tpot 50000.0 --top-n 1 --no-color,silicon
deepseek-ai/DeepSeek-V3,DeepseekV3ForCausalLM,gb300,vllm,0.22.0,agg,PASS,,uv run aiconfigurator cli default --model-path deepseek-ai/DeepSeek-V3 --total-gpus 128 --system gb300 --backend vllm --backend-version 0.22.0 --database-mode SILICON --isl 256 --osl 256 --prefix 128 --ttft 2000000.0 --tpot 50000.0 --top-n 1 --no-color,silicon
deepseek-ai/DeepSeek-V3,DeepseekV3ForCausalLM,gb300,vllm,0.22.0,disagg,PASS,,uv run aiconfigurator cli default --model-path deepseek-ai/DeepSeek-V3 --total-gpus 128 --system gb300 --backend vllm --backend-version 0.22.0 --database-mode SILICON --isl 256 --osl 256 --prefix 128 --ttft 2000000.0 --tpot 50000.0 --top-n 1 --no-color,silicon
deepseek-ai/DeepSeek-V3,DeepseekV3ForCausalLM,gb300,vllm,0.24.0,agg,PASS,,uv run aiconfigurator cli default --model-path deepseek-ai/DeepSeek-V3 --total-gpus 128 --system gb300 --backend vllm --backend-version 0.24.0 --database-mode SILICON --isl 256 --osl 256 --prefix 128 --ttft 2000000.0 --tpot 50000.0 --top-n 1 --no-color,silicon
deepseek-ai/DeepSeek-V3,DeepseekV3ForCausalLM,gb300,vllm,0.24.0,disagg,PASS,,uv run aiconfigurator cli default --model-path deepseek-ai/DeepSeek-V3 --total-gpus 128 --system gb300 --backend vllm --backend-version 0.24.0 --database-mode SILICON --isl 256 --osl 256 --prefix 128 --ttft 2000000.0 --tpot 50000.0 --top-n 1 --no-color,silicon
deepseek-ai/DeepSeek-V3.2,DeepseekV32ForCausalLM,gb300,sglang,0.5.10,agg,FAIL,"Traceback (most recent call last):\n  File ""tools/support_matrix/support_matrix.py"", line 925, in _attempt\n    python_pareto_df = SupportMatrix._run_mode(\n                       ^^^^^^^^^^^^^^^^^^^^^^^^\n  File ""tools/support_matrix/support_matrix.py"", line 814, in _run_mode\n    pareto_df = task.run()\n                ^^^^^^^^^^\n  File ""src/aiconfigurator/sdk/task_v2.py"", line 1588, in run\n    self.validate()\n  File ""src/aiconfigurator/sdk/task_v2.py"", line 1237, in validate\n    self._validate_database_quant_modes()\n  File ""src/aiconfigurator/sdk/task_v2.py"", line 1286, in _validate_database_quant_modes\n    self._check_role_against_db(""agg"", validate_context=True, validate_generation=True)\n  File ""src/aiconfigurator/sdk/task_v2.py"", line 1402, in _check_role_against_db\n    _check(ctx_op, self._role_attr(role, ""fmha_quant_mode""))\n  File ""src/aiconfigurator/sdk/task_v2.py"", line 1379, in _check\n    raise exc_type(\nValueError: Unsupported dsa_context_module quant mode 'fp8' for system='gb300', backend='sglang', version='0.5.10'. Supported dsa_context_module modes: ['bfloat16']\n",uv run aiconfigurator cli default --model-path deepseek-ai/DeepSeek-V3.2 --total-gpus 128 --system gb300 --backend sglang --backend-version 0.5.10 --database-mode SILICON --isl 256 --osl 256 --prefix 128 --ttft 2000000.0 --tpot 50000.0 --top-n 1 --no-color,
deepseek-ai/DeepSeek-V3.2,DeepseekV32ForCausalLM,gb300,sglang,0.5.10,disagg,FAIL,"Traceback (most recent call last):\n  File ""tools/support_matrix/support_matrix.py"", line 925, in _attempt\n    python_pareto_df = SupportMatrix._run_mode(\n                       ^^^^^^^^^^^^^^^^^^^^^^^^\n  File ""tools/support_matrix/support_matrix.py"", line 814, in _run_mode\n    pareto_df = task.run()\n                ^^^^^^^^^^\n  File ""src/aiconfigurator/sdk/task_v2.py"", line 1588, in run\n    self.validate()\n  File ""src/aiconfigurator/sdk/task_v2.py"", line 1237, in validate\n    self._validate_database_quant_modes()\n  File ""src/aiconfigurator/sdk/task_v2.py"", line 1288, in _validate_database_quant_modes\n    self._check_role_against_db(""prefill"", validate_context=True, validate_generation=False)\n  File ""src/aiconfigurator/sdk/task_v2.py"", line 1402, in _check_role_against_db\n    _check(ctx_op, self._role_attr(role, ""fmha_quant_mode""))\n  File ""src/aiconfigurator/sdk/task_v2.py"", line 1379, in _check\n    raise exc_type(\nValueError: Unsupported dsa_context_module quant mode 'fp8' for system='gb300', backend='sglang', version='0.5.10'. Supported dsa_context_module modes: ['bfloat16']\n",uv run aiconfigurator cli default --model-path deepseek-ai/DeepSeek-V3.2 --total-gpus 128 --system gb300 --backend sglang --backend-version 0.5.10 --database-mode SILICON --isl 256 --osl 256 --prefix 128 --ttft 2000000.0 --tpot 50000.0 --top-n 1 --no-color,
deepseek-ai/DeepSeek-V3.2,DeepseekV32ForCausalLM,gb300,sglang,0.5.12,agg,PASS,,uv run aiconfigurator cli default --model-path deepseek-ai/DeepSeek-V3.2 --total-gpus 128 --system gb300 --backend sglang --backend-version 0.5.12 --database-mode SILICON --isl 256 --osl 256 --prefix 128 --ttft 2000000.0 --tpot 50000.0 --top-n 1 --no-color,silicon
deepseek-ai/DeepSeek-V3.2,DeepseekV32ForCausalLM,gb300,sglang,0.5.12,disagg,PASS,,uv run aiconfigurator cli default --model-path deepseek-ai/DeepSeek-V3.2 --total-gpus 128 --system gb300 --backend sglang --backend-version 0.5.12 --database-mode SILICON --isl 256 --osl 256 --prefix 128 --ttft 2000000.0 --tpot 50000.0 --top-n 1 --no-color,silicon
deepseek-ai/DeepSeek-V3.2,DeepseekV32ForCausalLM,gb300,sglang,0.5.14,agg,PASS,,uv run aiconfigurator cli default --model-path deepseek-ai/DeepSeek-V3.2 --total-gpus 128 --system gb300 --backend sglang --backend-version 0.5.14 --database-mode SILICON --isl 256 --osl 256 --prefix 128 --ttft 2000000.0 --tpot 50000.0 --top-n 1 --no-color,silicon
deepseek-ai/DeepSeek-V3.2,DeepseekV32ForCausalLM,gb300,sglang,0.5.14,disagg,PASS,,uv run aiconfigurator cli default --model-path deepseek-ai/DeepSeek-V3.2 --total-gpus 128 --system gb300 --backend sglang --backend-version 0.5.14 --database-mode SILICON --isl 256 --osl 256 --prefix 128 --ttft 2000000.0 --tpot 50000.0 --top-n 1 --no-color,silicon
deepseek-ai/DeepSeek-V3.2,DeepseekV32ForCausalLM,gb300,sglang,0.5.9,agg,FAIL,"Traceback (most recent call last):\n  File ""aic-core/src/aiconfigurator_core/sdk/operations/dsa.py"", line 692, in _query_context_dsa_module_table\n    dsa_dict = util_empirical.require_data_slice(\n               ^^^^^^^^^^^^^^^^^^^^^^^^^^^^^^^^^^\n  File ""aic-core/src/aiconfigurator_core/sdk/operations/util_empirical.py"", line 223, in require_data_slice\n    if key not in node:\n       ^^^^^^^^^^^^^^^\n  File ""aic-core/src/aiconfigurator_core/sdk/perf_database.py"", line 1516, in __contains__\n    self.raise_if_not_loaded()\n  File ""aic-core/src/aiconfigurator_core/sdk/perf_database.py"", line 1498, in raise_if_not_loaded\n    raise PerfDataNotAvailableError(\naiconfigurator_core.sdk.errors.PerfDataNotAvailableError: Error loading silicon data for op PerfDataFilename.dsa_context_module: File does not exist at aic-core/src/aiconfigurator_core/systems/data/gb300/sglang/0.5.9/dsa_context_module_perf.parquet. This combination of model, system, backend, and backend version is not supported by AIC in SILICON mode.\n\nThe above exception was the direct cause of the following exception:\n\nTraceback (most recent call last):\n  File ""src/aiconfigurator/sdk/sweep.py"", line 485, in sweep_agg\n    point_df, point_saw_model_fit, point_saw_memory_fit = _sweep_one_parallel_agg(\n                                                          ^^^^^^^^^^^^^^^^^^^^^^^^\n  File ""src/aiconfigurator/sdk/sweep.py"", line 335, in _sweep_one_parallel_agg\n    summary = predict_agg_worker(\n              ^^^^^^^^^^^^^^^^^^^\n  File ""src/aiconfigurator/sdk/predict.py"", line 143, in predict_agg_worker\n    summary = (predictor or DEFAULT_PREDICTOR).predict_agg_worker(\n              ^^^^^^^^^^^^^^^^^^^^^^^^^^^^^^^^^^^^^^^^^^^^^^^^^^^^\n  File ""src/aiconfigurator/sdk/predictor.py"", line 118, in predict_agg_worker\n    return backend.run_agg(\n           ^^^^^^^^^^^^^^^^\n  File ""aic-core/src/aiconfigurator_core/sdk/backends/base_backend.py"", line 1466, in run_agg\n    mix_step_estimate = self.run_mixed(\n                        ^^^^^^^^^^^^^^^\n  File ""aic-core/src/aiconfigurator_core/sdk/backends/base_backend.py"", line 1147, in run_mixed\n    summary = self.run_static(\n              ^^^^^^^^^^^^^^^^\n  File ""aic-core/src/aiconfigurator_core/sdk/backends/base_backend.py"", line 685, in run_static\n    ) = self._run_static_breakdown(\n        ^^^^^^^^^^^^^^^^^^^^^^^^^^^\n  File ""aic-core/src/aiconfigurator_core/sdk/backends/base_backend.py"", line 503, in _run_static_breakdown\n    context_latency_dict, context_energy_wms_dict, context_source_dict = self._run_context_phase(\n                                                                         ^^^^^^^^^^^^^^^^^^^^^^^^\n  File ""aic-core/src/aiconfigurator_core/sdk/backends/base_backend.py"", line 338, in _run_context_phase\n    result = op.query(\n             ^^^^^^^^^\n  File ""aic-core/src/aiconfigurator_core/sdk/operations/dsa.py"", line 811, in query\n    full = _q(False)\n           ^^^^^^^^^\n  File ""aic-core/src/aiconfigurator_core/sdk/operations/dsa.py"", line 799, in _q\n    return database.query_context_dsa_module(\n           ^^^^^^^^^^^^^^^^^^^^^^^^^^^^^^^^^^\n  File ""aic-core/src/aiconfigurator_core/sdk/perf_database.py"", line 3197, in query_context_dsa_module\n    return ContextDSAModule._query_context_dsa_module_table(\n           ^^^^^^^^^^^^^^^^^^^^^^^^^^^^^^^^^^^^^^^^^^^^^^^^^\n  File ""aic-core/src/aiconfigurator_core/sdk/operations/dsa.py"", line 700, in _query_context_dsa_module_table\n    raise missing_context_dsa_error() from exc\naiconfigurator_core.sdk.errors.PerfDataNotAvailableError: Context DSA module data not available for system='gb300', backend='sglang', version='0.5.9', architecture='DeepseekV32ForCausalLM', fmha_quant_mode=FMHAQuantMode.fp8, kvcache_quant_mode=KVCacheQuantMode.fp8, gemm_quant_mode=GEMMQuantMode.fp8_block, num_heads=16, s=128.0, prefix=128.0, b=1. Missing silicon data for the requested lookup.\n\nThe above exception was the direct cause of the following exception:\n\nTraceback (most recent call last):\n  File ""tools/support_matrix/support_matrix.py"", line 925, in _attempt\n    python_pareto_df = SupportMatrix._run_mode(\n                       ^^^^^^^^^^^^^^^^^^^^^^^^\n  File ""tools/support_matrix/support_matrix.py"", line 814, in _run_mode\n    pareto_df = task.run()\n                ^^^^^^^^^^\n  File ""src/aiconfigurator/sdk/task_v2.py"", line 1595, in run\n    return sweep_agg(\n           ^^^^^^^^^^\n  File ""src/aiconfigurator/sdk/sweep.py"", line 526, in sweep_agg\n    raise RuntimeError(\nRuntimeError: sweep_agg: no results for any parallel configuration. Last exception: Context DSA module data not available for system='gb300', backend='sglang', version='0.5.9', architecture='DeepseekV32ForCausalLM', fmha_quant_mode=FMHAQuantMode.fp8, kvcache_quant_mode=KVCacheQuantMode.fp8, gemm_quant_mode=GEMMQuantMode.fp8_block, num_heads=16, s=128.0, prefix=128.0, b=1. Missing silicon data for the requested lookup.\n",uv run aiconfigurator cli default --model-path deepseek-ai/DeepSeek-V3.2 --total-gpus 128 --system gb300 --backend sglang --backend-version 0.5.9 --database-mode SILICON --isl 256 --osl 256 --prefix 128 --ttft 2000000.0 --tpot 50000.0 --top-n 1 --no-color,
deepseek-ai/DeepSeek-V3.2,DeepseekV32ForCausalLM,gb300,sglang,0.5.9,disagg,FAIL,"Traceback (most recent call last):\n  File ""aic-core/src/aiconfigurator_core/sdk/operations/dsa.py"", line 692, in _query_context_dsa_module_table\n    dsa_dict = util_empirical.require_data_slice(\n               ^^^^^^^^^^^^^^^^^^^^^^^^^^^^^^^^^^\n  File ""aic-core/src/aiconfigurator_core/sdk/operations/util_empirical.py"", line 223, in require_data_slice\n    if key not in node:\n       ^^^^^^^^^^^^^^^\n  File ""aic-core/src/aiconfigurator_core/sdk/perf_database.py"", line 1516, in __contains__\n    self.raise_if_not_loaded()\n  File ""aic-core/src/aiconfigurator_core/sdk/perf_database.py"", line 1498, in raise_if_not_loaded\n    raise PerfDataNotAvailableError(\naiconfigurator_core.sdk.errors.PerfDataNotAvailableError: Error loading silicon data for op PerfDataFilename.dsa_context_module: File does not exist at aic-core/src/aiconfigurator_core/systems/data/gb300/sglang/0.5.9/dsa_context_module_perf.parquet. This combination of model, system, backend, and backend version is not supported by AIC in SILICON mode.\n\nThe above exception was the direct cause of the following exception:\n\nTraceback (most recent call last):\n  File ""src/aiconfigurator/sdk/sweep.py"", line 603, in _get_disagg_worker_candidates\n    summary = predict_disagg_worker(\n              ^^^^^^^^^^^^^^^^^^^^^^\n  File ""src/aiconfigurator/sdk/predict.py"", line 91, in predict_disagg_worker\n    summary = (predictor or DEFAULT_PREDICTOR).predict_disagg_worker(\n              ^^^^^^^^^^^^^^^^^^^^^^^^^^^^^^^^^^^^^^^^^^^^^^^^^^^^^^^\n  File ""src/aiconfigurator/sdk/predictor.py"", line 139, in predict_disagg_worker\n    return backend.run_static(\n           ^^^^^^^^^^^^^^^^^^^\n  File ""aic-core/src/aiconfigurator_core/sdk/backends/base_backend.py"", line 685, in run_static\n    ) = self._run_static_breakdown(\n        ^^^^^^^^^^^^^^^^^^^^^^^^^^^\n  File ""aic-core/src/aiconfigurator_core/sdk/backends/base_backend.py"", line 503, in _run_static_breakdown\n    context_latency_dict, context_energy_wms_dict, context_source_dict = self._run_context_phase(\n                                                                         ^^^^^^^^^^^^^^^^^^^^^^^^\n  File ""aic-core/src/aiconfigurator_core/sdk/backends/base_backend.py"", line 338, in _run_context_phase\n    result = op.query(\n             ^^^^^^^^^\n  File ""aic-core/src/aiconfigurator_core/sdk/operations/dsa.py"", line 811, in query\n    full = _q(False)\n           ^^^^^^^^^\n  File ""aic-core/src/aiconfigurator_core/sdk/operations/dsa.py"", line 799, in _q\n    return database.query_context_dsa_module(\n           ^^^^^^^^^^^^^^^^^^^^^^^^^^^^^^^^^^\n  File ""aic-core/src/aiconfigurator_core/sdk/perf_database.py"", line 3197, in query_context_dsa_module\n    return ContextDSAModule._query_context_dsa_module_table(\n           ^^^^^^^^^^^^^^^^^^^^^^^^^^^^^^^^^^^^^^^^^^^^^^^^^\n  File ""aic-core/src/aiconfigurator_core/sdk/operations/dsa.py"", line 700, in _query_context_dsa_module_table\n    raise missing_context_dsa_error() from exc\naiconfigurator_core.sdk.errors.PerfDataNotAvailableError: Context DSA module data not available for system='gb300', backend='sglang', version='0.5.9', architecture='DeepseekV32ForCausalLM', fmha_quant_mode=FMHAQuantMode.fp8, kvcache_quant_mode=KVCacheQuantMode.fp8, gemm_quant_mode=GEMMQuantMode.fp8_block, num_heads=16, s=128, prefix=128, b=1. Missing silicon data for the requested lookup.\n\nThe above exception was the direct cause of the following exception:\n\nTraceback (most recent call last):\n  File ""tools/support_matrix/support_matrix.py"", line 925, in _attempt\n    python_pareto_df = SupportMatrix._run_mode(\n                       ^^^^^^^^^^^^^^^^^^^^^^^^\n  File ""tools/support_matrix/support_matrix.py"", line 814, in _run_mode\n    pareto_df = task.run()\n                ^^^^^^^^^^\n  File ""src/aiconfigurator/sdk/task_v2.py"", line 1607, in run\n    return sweep_disagg(\n           ^^^^^^^^^^^^^\n  File ""src/aiconfigurator/sdk/sweep.py"", line 850, in sweep_disagg\n    prefill_summary_df = _get_disagg_worker_candidates(\n                         ^^^^^^^^^^^^^^^^^^^^^^^^^^^^^^\n  File ""src/aiconfigurator/sdk/sweep.py"", line 642, in _get_disagg_worker_candidates\n    raise RuntimeError(\nRuntimeError: sweep_disagg/prefill: no results for any parallel config. Last exception: Context DSA module data not available for system='gb300', backend='sglang', version='0.5.9', architecture='DeepseekV32ForCausalLM', fmha_quant_mode=FMHAQuantMode.fp8, kvcache_quant_mode=KVCacheQuantMode.fp8, gemm_quant_mode=GEMMQuantMode.fp8_block, num_heads=16, s=128, prefix=128, b=1. Missing silicon data for the requested lookup.\n",uv run aiconfigurator cli default --model-path deepseek-ai/DeepSeek-V3.2 --total-gpus 128 --system gb300 --backend sglang --backend-version 0.5.9 --database-mode SILICON --isl 256 --osl 256 --prefix 128 --ttft 2000000.0 --tpot 50000.0 --top-n 1 --no-color,
deepseek-ai/DeepSeek-V3.2,DeepseekV32ForCausalLM,gb300,trtllm,1.3.0rc10,agg,FAIL,"Traceback (most recent call last):\n  File ""tools/support_matrix/support_matrix.py"", line 925, in _attempt\n    python_pareto_df = SupportMatrix._run_mode(\n                       ^^^^^^^^^^^^^^^^^^^^^^^^\n  File ""tools/support_matrix/support_matrix.py"", line 814, in _run_mode\n    pareto_df = task.run()\n                ^^^^^^^^^^\n  File ""src/aiconfigurator/sdk/task_v2.py"", line 1588, in run\n    self.validate()\n  File ""src/aiconfigurator/sdk/task_v2.py"", line 1237, in validate\n    self._validate_database_quant_modes()\n  File ""src/aiconfigurator/sdk/task_v2.py"", line 1286, in _validate_database_quant_modes\n    self._check_role_against_db(""agg"", validate_context=True, validate_generation=True)\n  File ""src/aiconfigurator/sdk/task_v2.py"", line 1398, in _check_role_against_db\n    _check(""moe"", moe_mode, profile_transfer=True)\n  File ""src/aiconfigurator/sdk/task_v2.py"", line 1379, in _check\n    raise exc_type(\nValueError: Unsupported moe quant mode 'fp8_block' for system='gb300', backend='trtllm', version='1.3.0rc10'. Supported moe modes: ['bfloat16', 'fp8', 'nvfp4', 'w4a16_mxfp4', 'w4a8_mxfp4_mxfp8']\n",uv run aiconfigurator cli default --model-path deepseek-ai/DeepSeek-V3.2 --total-gpus 128 --system gb300 --backend trtllm --backend-version 1.3.0rc10 --database-mode SILICON --isl 256 --osl 256 --prefix 128 --ttft 2000000.0 --tpot 50000.0 --top-n 1 --no-color,
deepseek-ai/DeepSeek-V3.2,DeepseekV32ForCausalLM,gb300,trtllm,1.3.0rc10,disagg,FAIL,"Traceback (most recent call last):\n  File ""tools/support_matrix/support_matrix.py"", line 925, in _attempt\n    python_pareto_df = SupportMatrix._run_mode(\n                       ^^^^^^^^^^^^^^^^^^^^^^^^\n  File ""tools/support_matrix/support_matrix.py"", line 814, in _run_mode\n    pareto_df = task.run()\n                ^^^^^^^^^^\n  File ""src/aiconfigurator/sdk/task_v2.py"", line 1588, in run\n    self.validate()\n  File ""src/aiconfigurator/sdk/task_v2.py"", line 1237, in validate\n    self._validate_database_quant_modes()\n  File ""src/aiconfigurator/sdk/task_v2.py"", line 1288, in _validate_database_quant_modes\n    self._check_role_against_db(""prefill"", validate_context=True, validate_generation=False)\n  File ""src/aiconfigurator/sdk/task_v2.py"", line 1398, in _check_role_against_db\n    _check(""moe"", moe_mode, profile_transfer=True)\n  File ""src/aiconfigurator/sdk/task_v2.py"", line 1379, in _check\n    raise exc_type(\nValueError: Unsupported moe quant mode 'fp8_block' for system='gb300', backend='trtllm', version='1.3.0rc10'. Supported moe modes: ['bfloat16', 'fp8', 'nvfp4', 'w4a16_mxfp4', 'w4a8_mxfp4_mxfp8']\n",uv run aiconfigurator cli default --model-path deepseek-ai/DeepSeek-V3.2 --total-gpus 128 --system gb300 --backend trtllm --backend-version 1.3.0rc10 --database-mode SILICON --isl 256 --osl 256 --prefix 128 --ttft 2000000.0 --tpot 50000.0 --top-n 1 --no-color,
deepseek-ai/DeepSeek-V3.2,DeepseekV32ForCausalLM,gb300,trtllm,1.3.0rc15,agg,FAIL,"Traceback (most recent call last):\n  File ""tools/support_matrix/support_matrix.py"", line 925, in _attempt\n    python_pareto_df = SupportMatrix._run_mode(\n                       ^^^^^^^^^^^^^^^^^^^^^^^^\n  File ""tools/support_matrix/support_matrix.py"", line 814, in _run_mode\n    pareto_df = task.run()\n                ^^^^^^^^^^\n  File ""src/aiconfigurator/sdk/task_v2.py"", line 1588, in run\n    self.validate()\n  File ""src/aiconfigurator/sdk/task_v2.py"", line 1237, in validate\n    self._validate_database_quant_modes()\n  File ""src/aiconfigurator/sdk/task_v2.py"", line 1286, in _validate_database_quant_modes\n    self._check_role_against_db(""agg"", validate_context=True, validate_generation=True)\n  File ""src/aiconfigurator/sdk/task_v2.py"", line 1398, in _check_role_against_db\n    _check(""moe"", moe_mode, profile_transfer=True)\n  File ""src/aiconfigurator/sdk/task_v2.py"", line 1379, in _check\n    raise exc_type(\nValueError: Unsupported moe quant mode 'fp8_block' for system='gb300', backend='trtllm', version='1.3.0rc15'. Supported moe modes: ['bfloat16', 'fp8', 'nvfp4', 'w4a16_mxfp4', 'w4a8_mxfp4_mxfp8']\n",uv run aiconfigurator cli default --model-path deepseek-ai/DeepSeek-V3.2 --total-gpus 128 --system gb300 --backend trtllm --backend-version 1.3.0rc15 --database-mode SILICON --isl 256 --osl 256 --prefix 128 --ttft 2000000.0 --tpot 50000.0 --top-n 1 --no-color,
deepseek-ai/DeepSeek-V3.2,DeepseekV32ForCausalLM,gb300,trtllm,1.3.0rc15,disagg,FAIL,"Traceback (most recent call last):\n  File ""tools/support_matrix/support_matrix.py"", line 925, in _attempt\n    python_pareto_df = SupportMatrix._run_mode(\n                       ^^^^^^^^^^^^^^^^^^^^^^^^\n  File ""tools/support_matrix/support_matrix.py"", line 814, in _run_mode\n    pareto_df = task.run()\n                ^^^^^^^^^^\n  File ""src/aiconfigurator/sdk/task_v2.py"", line 1588, in run\n    self.validate()\n  File ""src/aiconfigurator/sdk/task_v2.py"", line 1237, in validate\n    self._validate_database_quant_modes()\n  File ""src/aiconfigurator/sdk/task_v2.py"", line 1288, in _validate_database_quant_modes\n    self._check_role_against_db(""prefill"", validate_context=True, validate_generation=False)\n  File ""src/aiconfigurator/sdk/task_v2.py"", line 1398, in _check_role_against_db\n    _check(""moe"", moe_mode, profile_transfer=True)\n  File ""src/aiconfigurator/sdk/task_v2.py"", line 1379, in _check\n    raise exc_type(\nValueError: Unsupported moe quant mode 'fp8_block' for system='gb300', backend='trtllm', version='1.3.0rc15'. Supported moe modes: ['bfloat16', 'fp8', 'nvfp4', 'w4a16_mxfp4', 'w4a8_mxfp4_mxfp8']\n",uv run aiconfigurator cli default --model-path deepseek-ai/DeepSeek-V3.2 --total-gpus 128 --system gb300 --backend trtllm --backend-version 1.3.0rc15 --database-mode SILICON --isl 256 --osl 256 --prefix 128 --ttft 2000000.0 --tpot 50000.0 --top-n 1 --no-color,
deepseek-ai/DeepSeek-V3.2,DeepseekV32ForCausalLM,gb300,trtllm,1.3.0rc20,agg,PASS,,uv run aiconfigurator cli default --model-path deepseek-ai/DeepSeek-V3.2 --total-gpus 128 --system gb300 --backend trtllm --backend-version 1.3.0rc20 --database-mode SILICON --isl 256 --osl 256 --prefix 128 --ttft 2000000.0 --tpot 50000.0 --top-n 1 --no-color,silicon
deepseek-ai/DeepSeek-V3.2,DeepseekV32ForCausalLM,gb300,trtllm,1.3.0rc20,disagg,PASS,,uv run aiconfigurator cli default --model-path deepseek-ai/DeepSeek-V3.2 --total-gpus 128 --system gb300 --backend trtllm --backend-version 1.3.0rc20 --database-mode SILICON --isl 256 --osl 256 --prefix 128 --ttft 2000000.0 --tpot 50000.0 --top-n 1 --no-color,silicon
deepseek-ai/DeepSeek-V3.2,DeepseekV32ForCausalLM,gb300,vllm,0.19.0,agg,PASS,,uv run aiconfigurator cli default --model-path deepseek-ai/DeepSeek-V3.2 --total-gpus 128 --system gb300 --backend vllm --backend-version 0.19.0 --database-mode SILICON --isl 256 --osl 256 --prefix 128 --ttft 2000000.0 --tpot 50000.0 --top-n 1 --no-color,silicon
deepseek-ai/DeepSeek-V3.2,DeepseekV32ForCausalLM,gb300,vllm,0.19.0,disagg,PASS,,uv run aiconfigurator cli default --model-path deepseek-ai/DeepSeek-V3.2 --total-gpus 128 --system gb300 --backend vllm --backend-version 0.19.0 --database-mode SILICON --isl 256 --osl 256 --prefix 128 --ttft 2000000.0 --tpot 50000.0 --top-n 1 --no-color,silicon
deepseek-ai/DeepSeek-V3.2,DeepseekV32ForCausalLM,gb300,vllm,0.22.0,agg,PASS,,uv run aiconfigurator cli default --model-path deepseek-ai/DeepSeek-V3.2 --total-gpus 128 --system gb300 --backend vllm --backend-version 0.22.0 --database-mode SILICON --isl 256 --osl 256 --prefix 128 --ttft 2000000.0 --tpot 50000.0 --top-n 1 --no-color,silicon
deepseek-ai/DeepSeek-V3.2,DeepseekV32ForCausalLM,gb300,vllm,0.22.0,disagg,PASS,,uv run aiconfigurator cli default --model-path deepseek-ai/DeepSeek-V3.2 --total-gpus 128 --system gb300 --backend vllm --backend-version 0.22.0 --database-mode SILICON --isl 256 --osl 256 --prefix 128 --ttft 2000000.0 --tpot 50000.0 --top-n 1 --no-color,silicon
deepseek-ai/DeepSeek-V3.2,DeepseekV32ForCausalLM,gb300,vllm,0.24.0,agg,PASS,,uv run aiconfigurator cli default --model-path deepseek-ai/DeepSeek-V3.2 --total-gpus 128 --system gb300 --backend vllm --backend-version 0.24.0 --database-mode SILICON --isl 256 --osl 256 --prefix 128 --ttft 2000000.0 --tpot 50000.0 --top-n 1 --no-color,silicon
deepseek-ai/DeepSeek-V3.2,DeepseekV32ForCausalLM,gb300,vllm,0.24.0,disagg,PASS,,uv run aiconfigurator cli default --model-path deepseek-ai/DeepSeek-V3.2 --total-gpus 128 --system gb300 --backend vllm --backend-version 0.24.0 --database-mode SILICON --isl 256 --osl 256 --prefix 128 --ttft 2000000.0 --tpot 50000.0 --top-n 1 --no-color,silicon
deepseek-ai/DeepSeek-V4-Flash,DeepseekV4ForCausalLM,gb300,sglang,0.5.10,agg,FAIL,"Traceback (most recent call last):\n  File ""tools/support_matrix/support_matrix.py"", line 925, in _attempt\n    python_pareto_df = SupportMatrix._run_mode(\n                       ^^^^^^^^^^^^^^^^^^^^^^^^\n  File ""tools/support_matrix/support_matrix.py"", line 814, in _run_mode\n    pareto_df = task.run()\n                ^^^^^^^^^^\n  File ""src/aiconfigurator/sdk/task_v2.py"", line 1588, in run\n    self.validate()\n  File ""src/aiconfigurator/sdk/task_v2.py"", line 1237, in validate\n    self._validate_database_quant_modes()\n  File ""src/aiconfigurator/sdk/task_v2.py"", line 1286, in _validate_database_quant_modes\n    self._check_role_against_db(""agg"", validate_context=True, validate_generation=True)\n  File ""src/aiconfigurator/sdk/task_v2.py"", line 1398, in _check_role_against_db\n    _check(""moe"", moe_mode, profile_transfer=True)\n  File ""src/aiconfigurator/sdk/task_v2.py"", line 1379, in _check\n    raise exc_type(\nValueError: Unsupported moe quant mode 'w4a8_mxfp4_mxfp8_trtllm' for system='gb300', backend='sglang', version='0.5.10'. Supported moe modes: ['bfloat16', 'fp8_block', 'int4_wo', 'nvfp4']\n",uv run aiconfigurator cli default --model-path deepseek-ai/DeepSeek-V4-Flash --total-gpus 128 --system gb300 --backend sglang --backend-version 0.5.10 --database-mode SILICON --isl 256 --osl 256 --prefix 128 --ttft 2000000.0 --tpot 50000.0 --top-n 1 --no-color,
deepseek-ai/DeepSeek-V4-Flash,DeepseekV4ForCausalLM,gb300,sglang,0.5.10,disagg,FAIL,"Traceback (most recent call last):\n  File ""tools/support_matrix/support_matrix.py"", line 925, in _attempt\n    python_pareto_df = SupportMatrix._run_mode(\n                       ^^^^^^^^^^^^^^^^^^^^^^^^\n  File ""tools/support_matrix/support_matrix.py"", line 814, in _run_mode\n    pareto_df = task.run()\n                ^^^^^^^^^^\n  File ""src/aiconfigurator/sdk/task_v2.py"", line 1588, in run\n    self.validate()\n  File ""src/aiconfigurator/sdk/task_v2.py"", line 1237, in validate\n    self._validate_database_quant_modes()\n  File ""src/aiconfigurator/sdk/task_v2.py"", line 1288, in _validate_database_quant_modes\n    self._check_role_against_db(""prefill"", validate_context=True, validate_generation=False)\n  File ""src/aiconfigurator/sdk/task_v2.py"", line 1398, in _check_role_against_db\n    _check(""moe"", moe_mode, profile_transfer=True)\n  File ""src/aiconfigurator/sdk/task_v2.py"", line 1379, in _check\n    raise exc_type(\nValueError: Unsupported moe quant mode 'w4a8_mxfp4_mxfp8_trtllm' for system='gb300', backend='sglang', version='0.5.10'. Supported moe modes: ['bfloat16', 'fp8_block', 'int4_wo', 'nvfp4']\n",uv run aiconfigurator cli default --model-path deepseek-ai/DeepSeek-V4-Flash --total-gpus 128 --system gb300 --backend sglang --backend-version 0.5.10 --database-mode SILICON --isl 256 --osl 256 --prefix 128 --ttft 2000000.0 --tpot 50000.0 --top-n 1 --no-color,
deepseek-ai/DeepSeek-V4-Flash,DeepseekV4ForCausalLM,gb300,sglang,0.5.12,agg,PASS,,uv run aiconfigurator cli default --model-path deepseek-ai/DeepSeek-V4-Flash --total-gpus 128 --system gb300 --backend sglang --backend-version 0.5.12 --database-mode SILICON --isl 256 --osl 256 --prefix 128 --ttft 2000000.0 --tpot 50000.0 --top-n 1 --no-color,silicon
deepseek-ai/DeepSeek-V4-Flash,DeepseekV4ForCausalLM,gb300,sglang,0.5.12,disagg,PASS,,uv run aiconfigurator cli default --model-path deepseek-ai/DeepSeek-V4-Flash --total-gpus 128 --system gb300 --backend sglang --backend-version 0.5.12 --database-mode SILICON --isl 256 --osl 256 --prefix 128 --ttft 2000000.0 --tpot 50000.0 --top-n 1 --no-color,silicon
deepseek-ai/DeepSeek-V4-Flash,DeepseekV4ForCausalLM,gb300,sglang,0.5.14,agg,PASS,,uv run aiconfigurator cli default --model-path deepseek-ai/DeepSeek-V4-Flash --total-gpus 128 --system gb300 --backend sglang --backend-version 0.5.14 --database-mode SILICON --isl 256 --osl 256 --prefix 128 --ttft 2000000.0 --tpot 50000.0 --top-n 1 --no-color,silicon
deepseek-ai/DeepSeek-V4-Flash,DeepseekV4ForCausalLM,gb300,sglang,0.5.14,disagg,PASS,,uv run aiconfigurator cli default --model-path deepseek-ai/DeepSeek-V4-Flash --total-gpus 128 --system gb300 --backend sglang --backend-version 0.5.14 --database-mode SILICON --isl 256 --osl 256 --prefix 128 --ttft 2000000.0 --tpot 50000.0 --top-n 1 --no-color,silicon
deepseek-ai/DeepSeek-V4-Flash,DeepseekV4ForCausalLM,gb300,sglang,0.5.9,agg,FAIL,"Traceback (most recent call last):\n  File ""tools/support_matrix/support_matrix.py"", line 925, in _attempt\n    python_pareto_df = SupportMatrix._run_mode(\n                       ^^^^^^^^^^^^^^^^^^^^^^^^\n  File ""tools/support_matrix/support_matrix.py"", line 814, in _run_mode\n    pareto_df = task.run()\n                ^^^^^^^^^^\n  File ""src/aiconfigurator/sdk/task_v2.py"", line 1588, in run\n    self.validate()\n  File ""src/aiconfigurator/sdk/task_v2.py"", line 1237, in validate\n    self._validate_database_quant_modes()\n  File ""src/aiconfigurator/sdk/task_v2.py"", line 1286, in _validate_database_quant_modes\n    self._check_role_against_db(""agg"", validate_context=True, validate_generation=True)\n  File ""src/aiconfigurator/sdk/task_v2.py"", line 1398, in _check_role_against_db\n    _check(""moe"", moe_mode, profile_transfer=True)\n  File ""src/aiconfigurator/sdk/task_v2.py"", line 1379, in _check\n    raise exc_type(\nValueError: Unsupported moe quant mode 'w4a8_mxfp4_mxfp8_trtllm' for system='gb300', backend='sglang', version='0.5.9'. Supported moe modes: ['bfloat16', 'fp8_block', 'int4_wo', 'nvfp4']\n",uv run aiconfigurator cli default --model-path deepseek-ai/DeepSeek-V4-Flash --total-gpus 128 --system gb300 --backend sglang --backend-version 0.5.9 --database-mode SILICON --isl 256 --osl 256 --prefix 128 --ttft 2000000.0 --tpot 50000.0 --top-n 1 --no-color,
deepseek-ai/DeepSeek-V4-Flash,DeepseekV4ForCausalLM,gb300,sglang,0.5.9,disagg,FAIL,"Traceback (most recent call last):\n  File ""tools/support_matrix/support_matrix.py"", line 925, in _attempt\n    python_pareto_df = SupportMatrix._run_mode(\n                       ^^^^^^^^^^^^^^^^^^^^^^^^\n  File ""tools/support_matrix/support_matrix.py"", line 814, in _run_mode\n    pareto_df = task.run()\n                ^^^^^^^^^^\n  File ""src/aiconfigurator/sdk/task_v2.py"", line 1588, in run\n    self.validate()\n  File ""src/aiconfigurator/sdk/task_v2.py"", line 1237, in validate\n    self._validate_database_quant_modes()\n  File ""src/aiconfigurator/sdk/task_v2.py"", line 1288, in _validate_database_quant_modes\n    self._check_role_against_db(""prefill"", validate_context=True, validate_generation=False)\n  File ""src/aiconfigurator/sdk/task_v2.py"", line 1398, in _check_role_against_db\n    _check(""moe"", moe_mode, profile_transfer=True)\n  File ""src/aiconfigurator/sdk/task_v2.py"", line 1379, in _check\n    raise exc_type(\nValueError: Unsupported moe quant mode 'w4a8_mxfp4_mxfp8_trtllm' for system='gb300', backend='sglang', version='0.5.9'. Supported moe modes: ['bfloat16', 'fp8_block', 'int4_wo', 'nvfp4']\n",uv run aiconfigurator cli default --model-path deepseek-ai/DeepSeek-V4-Flash --total-gpus 128 --system gb300 --backend sglang --backend-version 0.5.9 --database-mode SILICON --isl 256 --osl 256 --prefix 128 --ttft 2000000.0 --tpot 50000.0 --top-n 1 --no-color,
deepseek-ai/DeepSeek-V4-Flash,DeepseekV4ForCausalLM,gb300,trtllm,1.3.0rc10,agg,FAIL,"Traceback (most recent call last):\n  File ""src/aiconfigurator/sdk/sweep.py"", line 485, in sweep_agg\n    point_df, point_saw_model_fit, point_saw_memory_fit = _sweep_one_parallel_agg(\n                                                          ^^^^^^^^^^^^^^^^^^^^^^^^\n  File ""src/aiconfigurator/sdk/sweep.py"", line 335, in _sweep_one_parallel_agg\n    summary = predict_agg_worker(\n              ^^^^^^^^^^^^^^^^^^^\n  File ""src/aiconfigurator/sdk/predict.py"", line 143, in predict_agg_worker\n    summary = (predictor or DEFAULT_PREDICTOR).predict_agg_worker(\n              ^^^^^^^^^^^^^^^^^^^^^^^^^^^^^^^^^^^^^^^^^^^^^^^^^^^^\n  File ""src/aiconfigurator/sdk/predictor.py"", line 118, in predict_agg_worker\n    return backend.run_agg(\n           ^^^^^^^^^^^^^^^^\n  File ""aic-core/src/aiconfigurator_core/sdk/backends/base_backend.py"", line 1466, in run_agg\n    mix_step_estimate = self.run_mixed(\n                        ^^^^^^^^^^^^^^^\n  File ""aic-core/src/aiconfigurator_core/sdk/backends/base_backend.py"", line 1147, in run_mixed\n    summary = self.run_static(\n              ^^^^^^^^^^^^^^^^\n  File ""aic-core/src/aiconfigurator_core/sdk/backends/base_backend.py"", line 685, in run_static\n    ) = self._run_static_breakdown(\n        ^^^^^^^^^^^^^^^^^^^^^^^^^^^\n  File ""aic-core/src/aiconfigurator_core/sdk/backends/base_backend.py"", line 503, in _run_static_breakdown\n    context_latency_dict, context_energy_wms_dict, context_source_dict = self._run_context_phase(\n                                                                         ^^^^^^^^^^^^^^^^^^^^^^^^\n  File ""aic-core/src/aiconfigurator_core/sdk/backends/base_backend.py"", line 338, in _run_context_phase\n    result = op.query(\n             ^^^^^^^^^\n  File ""aic-core/src/aiconfigurator_core/sdk/operations/dsv4.py"", line 518, in query\n    result = database.query_mhc_module(\n             ^^^^^^^^^^^^^^^^^^^^^^^^^^\n  File ""aic-core/src/aiconfigurator_core/sdk/perf_database.py"", line 3307, in query_mhc_module\n    return DeepSeekV4MHCModule._query_mhc_table(\n           ^^^^^^^^^^^^^^^^^^^^^^^^^^^^^^^^^^^^^\n  File ""aic-core/src/aiconfigurator_core/sdk/operations/dsv4.py"", line 503, in _query_mhc_table\n    return database._query_silicon_or_hybrid(\n           ^^^^^^^^^^^^^^^^^^^^^^^^^^^^^^^^^^\n  File ""aic-core/src/aiconfigurator_core/sdk/perf_database.py"", line 2543, in _query_silicon_or_hybrid\n    return get_silicon()\n           ^^^^^^^^^^^^^\n  File ""aic-core/src/aiconfigurator_core/sdk/operations/dsv4.py"", line 456, in get_silicon\n    raise PerfDataNotAvailableError(\naiconfigurator_core.sdk.errors.PerfDataNotAvailableError: DeepSeek-V4 mHC module data not loaded for system='gb300', backend='trtllm', version='1.3.0rc10'. Failed to query DeepSeek-V4 mHC module for num_tokens=128.0, hidden_size=4096, hc_mult=4, sinkhorn_iters=20, op='pre'. Consider using HYBRID mode.\n\nThe above exception was the direct cause of the following exception:\n\nTraceback (most recent call last):\n  File ""tools/support_matrix/support_matrix.py"", line 925, in _attempt\n    python_pareto_df = SupportMatrix._run_mode(\n                       ^^^^^^^^^^^^^^^^^^^^^^^^\n  File ""tools/support_matrix/support_matrix.py"", line 814, in _run_mode\n    pareto_df = task.run()\n                ^^^^^^^^^^\n  File ""src/aiconfigurator/sdk/task_v2.py"", line 1595, in run\n    return sweep_agg(\n           ^^^^^^^^^^\n  File ""src/aiconfigurator/sdk/sweep.py"", line 526, in sweep_agg\n    raise RuntimeError(\nRuntimeError: sweep_agg: no results for any parallel configuration. Last exception: DeepSeek-V4 mHC module data not loaded for system='gb300', backend='trtllm', version='1.3.0rc10'. Failed to query DeepSeek-V4 mHC module for num_tokens=128.0, hidden_size=4096, hc_mult=4, sinkhorn_iters=20, op='pre'. Consider using HYBRID mode.\n",uv run aiconfigurator cli default --model-path deepseek-ai/DeepSeek-V4-Flash --total-gpus 128 --system gb300 --backend trtllm --backend-version 1.3.0rc10 --database-mode SILICON --isl 256 --osl 256 --prefix 128 --ttft 2000000.0 --tpot 50000.0 --top-n 1 --no-color,
deepseek-ai/DeepSeek-V4-Flash,DeepseekV4ForCausalLM,gb300,trtllm,1.3.0rc10,disagg,FAIL,"Traceback (most recent call last):\n  File ""src/aiconfigurator/sdk/sweep.py"", line 603, in _get_disagg_worker_candidates\n    summary = predict_disagg_worker(\n              ^^^^^^^^^^^^^^^^^^^^^^\n  File ""src/aiconfigurator/sdk/predict.py"", line 91, in predict_disagg_worker\n    summary = (predictor or DEFAULT_PREDICTOR).predict_disagg_worker(\n              ^^^^^^^^^^^^^^^^^^^^^^^^^^^^^^^^^^^^^^^^^^^^^^^^^^^^^^^\n  File ""src/aiconfigurator/sdk/predictor.py"", line 139, in predict_disagg_worker\n    return backend.run_static(\n           ^^^^^^^^^^^^^^^^^^^\n  File ""aic-core/src/aiconfigurator_core/sdk/backends/base_backend.py"", line 685, in run_static\n    ) = self._run_static_breakdown(\n        ^^^^^^^^^^^^^^^^^^^^^^^^^^^\n  File ""aic-core/src/aiconfigurator_core/sdk/backends/base_backend.py"", line 503, in _run_static_breakdown\n    context_latency_dict, context_energy_wms_dict, context_source_dict = self._run_context_phase(\n                                                                         ^^^^^^^^^^^^^^^^^^^^^^^^\n  File ""aic-core/src/aiconfigurator_core/sdk/backends/base_backend.py"", line 338, in _run_context_phase\n    result = op.query(\n             ^^^^^^^^^\n  File ""aic-core/src/aiconfigurator_core/sdk/operations/dsv4.py"", line 518, in query\n    result = database.query_mhc_module(\n             ^^^^^^^^^^^^^^^^^^^^^^^^^^\n  File ""aic-core/src/aiconfigurator_core/sdk/perf_database.py"", line 3307, in query_mhc_module\n    return DeepSeekV4MHCModule._query_mhc_table(\n           ^^^^^^^^^^^^^^^^^^^^^^^^^^^^^^^^^^^^^\n  File ""aic-core/src/aiconfigurator_core/sdk/operations/dsv4.py"", line 503, in _query_mhc_table\n    return database._query_silicon_or_hybrid(\n           ^^^^^^^^^^^^^^^^^^^^^^^^^^^^^^^^^^\n  File ""aic-core/src/aiconfigurator_core/sdk/perf_database.py"", line 2543, in _query_silicon_or_hybrid\n    return get_silicon()\n           ^^^^^^^^^^^^^\n  File ""aic-core/src/aiconfigurator_core/sdk/operations/dsv4.py"", line 456, in get_silicon\n    raise PerfDataNotAvailableError(\naiconfigurator_core.sdk.errors.PerfDataNotAvailableError: DeepSeek-V4 mHC module data not loaded for system='gb300', backend='trtllm', version='1.3.0rc10'. Failed to query DeepSeek-V4 mHC module for num_tokens=128, hidden_size=4096, hc_mult=4, sinkhorn_iters=20, op='pre'. Consider using HYBRID mode.\n\nThe above exception was the direct cause of the following exception:\n\nTraceback (most recent call last):\n  File ""tools/support_matrix/support_matrix.py"", line 925, in _attempt\n    python_pareto_df = SupportMatrix._run_mode(\n                       ^^^^^^^^^^^^^^^^^^^^^^^^\n  File ""tools/support_matrix/support_matrix.py"", line 814, in _run_mode\n    pareto_df = task.run()\n                ^^^^^^^^^^\n  File ""src/aiconfigurator/sdk/task_v2.py"", line 1607, in run\n    return sweep_disagg(\n           ^^^^^^^^^^^^^\n  File ""src/aiconfigurator/sdk/sweep.py"", line 850, in sweep_disagg\n    prefill_summary_df = _get_disagg_worker_candidates(\n                         ^^^^^^^^^^^^^^^^^^^^^^^^^^^^^^\n  File ""src/aiconfigurator/sdk/sweep.py"", line 642, in _get_disagg_worker_candidates\n    raise RuntimeError(\nRuntimeError: sweep_disagg/prefill: no results for any parallel config. Last exception: DeepSeek-V4 mHC module data not loaded for system='gb300', backend='trtllm', version='1.3.0rc10'. Failed to query DeepSeek-V4 mHC module for num_tokens=128, hidden_size=4096, hc_mult=4, sinkhorn_iters=20, op='pre'. Consider using HYBRID mode.\n",uv run aiconfigurator cli default --model-path deepseek-ai/DeepSeek-V4-Flash --total-gpus 128 --system gb300 --backend trtllm --backend-version 1.3.0rc10 --database-mode SILICON --isl 256 --osl 256 --prefix 128 --ttft 2000000.0 --tpot 50000.0 --top-n 1 --no-color,
deepseek-ai/DeepSeek-V4-Flash,DeepseekV4ForCausalLM,gb300,trtllm,1.3.0rc15,agg,FAIL,"Traceback (most recent call last):\n  File ""src/aiconfigurator/sdk/sweep.py"", line 485, in sweep_agg\n    point_df, point_saw_model_fit, point_saw_memory_fit = _sweep_one_parallel_agg(\n                                                          ^^^^^^^^^^^^^^^^^^^^^^^^\n  File ""src/aiconfigurator/sdk/sweep.py"", line 335, in _sweep_one_parallel_agg\n    summary = predict_agg_worker(\n              ^^^^^^^^^^^^^^^^^^^\n  File ""src/aiconfigurator/sdk/predict.py"", line 143, in predict_agg_worker\n    summary = (predictor or DEFAULT_PREDICTOR).predict_agg_worker(\n              ^^^^^^^^^^^^^^^^^^^^^^^^^^^^^^^^^^^^^^^^^^^^^^^^^^^^\n  File ""src/aiconfigurator/sdk/predictor.py"", line 118, in predict_agg_worker\n    return backend.run_agg(\n           ^^^^^^^^^^^^^^^^\n  File ""aic-core/src/aiconfigurator_core/sdk/backends/base_backend.py"", line 1466, in run_agg\n    mix_step_estimate = self.run_mixed(\n                        ^^^^^^^^^^^^^^^\n  File ""aic-core/src/aiconfigurator_core/sdk/backends/base_backend.py"", line 1147, in run_mixed\n    summary = self.run_static(\n              ^^^^^^^^^^^^^^^^\n  File ""aic-core/src/aiconfigurator_core/sdk/backends/base_backend.py"", line 685, in run_static\n    ) = self._run_static_breakdown(\n        ^^^^^^^^^^^^^^^^^^^^^^^^^^^\n  File ""aic-core/src/aiconfigurator_core/sdk/backends/base_backend.py"", line 503, in _run_static_breakdown\n    context_latency_dict, context_energy_wms_dict, context_source_dict = self._run_context_phase(\n                                                                         ^^^^^^^^^^^^^^^^^^^^^^^^\n  File ""aic-core/src/aiconfigurator_core/sdk/backends/base_backend.py"", line 338, in _run_context_phase\n    result = op.query(\n             ^^^^^^^^^\n  File ""aic-core/src/aiconfigurator_core/sdk/operations/dsv4.py"", line 518, in query\n    result = database.query_mhc_module(\n             ^^^^^^^^^^^^^^^^^^^^^^^^^^\n  File ""aic-core/src/aiconfigurator_core/sdk/perf_database.py"", line 3307, in query_mhc_module\n    return DeepSeekV4MHCModule._query_mhc_table(\n           ^^^^^^^^^^^^^^^^^^^^^^^^^^^^^^^^^^^^^\n  File ""aic-core/src/aiconfigurator_core/sdk/operations/dsv4.py"", line 503, in _query_mhc_table\n    return database._query_silicon_or_hybrid(\n           ^^^^^^^^^^^^^^^^^^^^^^^^^^^^^^^^^^\n  File ""aic-core/src/aiconfigurator_core/sdk/perf_database.py"", line 2543, in _query_silicon_or_hybrid\n    return get_silicon()\n           ^^^^^^^^^^^^^\n  File ""aic-core/src/aiconfigurator_core/sdk/operations/dsv4.py"", line 456, in get_silicon\n    raise PerfDataNotAvailableError(\naiconfigurator_core.sdk.errors.PerfDataNotAvailableError: DeepSeek-V4 mHC module data not loaded for system='gb300', backend='trtllm', version='1.3.0rc15'. Failed to query DeepSeek-V4 mHC module for num_tokens=128.0, hidden_size=4096, hc_mult=4, sinkhorn_iters=20, op='pre'. Consider using HYBRID mode.\n\nThe above exception was the direct cause of the following exception:\n\nTraceback (most recent call last):\n  File ""tools/support_matrix/support_matrix.py"", line 925, in _attempt\n    python_pareto_df = SupportMatrix._run_mode(\n                       ^^^^^^^^^^^^^^^^^^^^^^^^\n  File ""tools/support_matrix/support_matrix.py"", line 814, in _run_mode\n    pareto_df = task.run()\n                ^^^^^^^^^^\n  File ""src/aiconfigurator/sdk/task_v2.py"", line 1595, in run\n    return sweep_agg(\n           ^^^^^^^^^^\n  File ""src/aiconfigurator/sdk/sweep.py"", line 526, in sweep_agg\n    raise RuntimeError(\nRuntimeError: sweep_agg: no results for any parallel configuration. Last exception: DeepSeek-V4 mHC module data not loaded for system='gb300', backend='trtllm', version='1.3.0rc15'. Failed to query DeepSeek-V4 mHC module for num_tokens=128.0, hidden_size=4096, hc_mult=4, sinkhorn_iters=20, op='pre'. Consider using HYBRID mode.\n",uv run aiconfigurator cli default --model-path deepseek-ai/DeepSeek-V4-Flash --total-gpus 128 --system gb300 --backend trtllm --backend-version 1.3.0rc15 --database-mode SILICON --isl 256 --osl 256 --prefix 128 --ttft 2000000.0 --tpot 50000.0 --top-n 1 --no-color,
deepseek-ai/DeepSeek-V4-Flash,DeepseekV4ForCausalLM,gb300,trtllm,1.3.0rc15,disagg,FAIL,"Traceback (most recent call last):\n  File ""src/aiconfigurator/sdk/sweep.py"", line 603, in _get_disagg_worker_candidates\n    summary = predict_disagg_worker(\n              ^^^^^^^^^^^^^^^^^^^^^^\n  File ""src/aiconfigurator/sdk/predict.py"", line 91, in predict_disagg_worker\n    summary = (predictor or DEFAULT_PREDICTOR).predict_disagg_worker(\n              ^^^^^^^^^^^^^^^^^^^^^^^^^^^^^^^^^^^^^^^^^^^^^^^^^^^^^^^\n  File ""src/aiconfigurator/sdk/predictor.py"", line 139, in predict_disagg_worker\n    return backend.run_static(\n           ^^^^^^^^^^^^^^^^^^^\n  File ""aic-core/src/aiconfigurator_core/sdk/backends/base_backend.py"", line 685, in run_static\n    ) = self._run_static_breakdown(\n        ^^^^^^^^^^^^^^^^^^^^^^^^^^^\n  File ""aic-core/src/aiconfigurator_core/sdk/backends/base_backend.py"", line 503, in _run_static_breakdown\n    context_latency_dict, context_energy_wms_dict, context_source_dict = self._run_context_phase(\n                                                                         ^^^^^^^^^^^^^^^^^^^^^^^^\n  File ""aic-core/src/aiconfigurator_core/sdk/backends/base_backend.py"", line 338, in _run_context_phase\n    result = op.query(\n             ^^^^^^^^^\n  File ""aic-core/src/aiconfigurator_core/sdk/operations/dsv4.py"", line 518, in query\n    result = database.query_mhc_module(\n             ^^^^^^^^^^^^^^^^^^^^^^^^^^\n  File ""aic-core/src/aiconfigurator_core/sdk/perf_database.py"", line 3307, in query_mhc_module\n    return DeepSeekV4MHCModule._query_mhc_table(\n           ^^^^^^^^^^^^^^^^^^^^^^^^^^^^^^^^^^^^^\n  File ""aic-core/src/aiconfigurator_core/sdk/operations/dsv4.py"", line 503, in _query_mhc_table\n    return database._query_silicon_or_hybrid(\n           ^^^^^^^^^^^^^^^^^^^^^^^^^^^^^^^^^^\n  File ""aic-core/src/aiconfigurator_core/sdk/perf_database.py"", line 2543, in _query_silicon_or_hybrid\n    return get_silicon()\n           ^^^^^^^^^^^^^\n  File ""aic-core/src/aiconfigurator_core/sdk/operations/dsv4.py"", line 456, in get_silicon\n    raise PerfDataNotAvailableError(\naiconfigurator_core.sdk.errors.PerfDataNotAvailableError: DeepSeek-V4 mHC module data not loaded for system='gb300', backend='trtllm', version='1.3.0rc15'. Failed to query DeepSeek-V4 mHC module for num_tokens=128, hidden_size=4096, hc_mult=4, sinkhorn_iters=20, op='pre'. Consider using HYBRID mode.\n\nThe above exception was the direct cause of the following exception:\n\nTraceback (most recent call last):\n  File ""tools/support_matrix/support_matrix.py"", line 925, in _attempt\n    python_pareto_df = SupportMatrix._run_mode(\n                       ^^^^^^^^^^^^^^^^^^^^^^^^\n  File ""tools/support_matrix/support_matrix.py"", line 814, in _run_mode\n    pareto_df = task.run()\n                ^^^^^^^^^^\n  File ""src/aiconfigurator/sdk/task_v2.py"", line 1607, in run\n    return sweep_disagg(\n           ^^^^^^^^^^^^^\n  File ""src/aiconfigurator/sdk/sweep.py"", line 850, in sweep_disagg\n    prefill_summary_df = _get_disagg_worker_candidates(\n                         ^^^^^^^^^^^^^^^^^^^^^^^^^^^^^^\n  File ""src/aiconfigurator/sdk/sweep.py"", line 642, in _get_disagg_worker_candidates\n    raise RuntimeError(\nRuntimeError: sweep_disagg/prefill: no results for any parallel config. Last exception: DeepSeek-V4 mHC module data not loaded for system='gb300', backend='trtllm', version='1.3.0rc15'. Failed to query DeepSeek-V4 mHC module for num_tokens=128, hidden_size=4096, hc_mult=4, sinkhorn_iters=20, op='pre'. Consider using HYBRID mode.\n",uv run aiconfigurator cli default --model-path deepseek-ai/DeepSeek-V4-Flash --total-gpus 128 --system gb300 --backend trtllm --backend-version 1.3.0rc15 --database-mode SILICON --isl 256 --osl 256 --prefix 128 --ttft 2000000.0 --tpot 50000.0 --top-n 1 --no-color,
deepseek-ai/DeepSeek-V4-Flash,DeepseekV4ForCausalLM,gb300,trtllm,1.3.0rc20,agg,FAIL,"Traceback (most recent call last):\n  File ""src/aiconfigurator/sdk/sweep.py"", line 485, in sweep_agg\n    point_df, point_saw_model_fit, point_saw_memory_fit = _sweep_one_parallel_agg(\n                                                          ^^^^^^^^^^^^^^^^^^^^^^^^\n  File ""src/aiconfigurator/sdk/sweep.py"", line 335, in _sweep_one_parallel_agg\n    summary = predict_agg_worker(\n              ^^^^^^^^^^^^^^^^^^^\n  File ""src/aiconfigurator/sdk/predict.py"", line 143, in predict_agg_worker\n    summary = (predictor or DEFAULT_PREDICTOR).predict_agg_worker(\n              ^^^^^^^^^^^^^^^^^^^^^^^^^^^^^^^^^^^^^^^^^^^^^^^^^^^^\n  File ""src/aiconfigurator/sdk/predictor.py"", line 118, in predict_agg_worker\n    return backend.run_agg(\n           ^^^^^^^^^^^^^^^^\n  File ""aic-core/src/aiconfigurator_core/sdk/backends/base_backend.py"", line 1466, in run_agg\n    mix_step_estimate = self.run_mixed(\n                        ^^^^^^^^^^^^^^^\n  File ""aic-core/src/aiconfigurator_core/sdk/backends/base_backend.py"", line 1147, in run_mixed\n    summary = self.run_static(\n              ^^^^^^^^^^^^^^^^\n  File ""aic-core/src/aiconfigurator_core/sdk/backends/base_backend.py"", line 685, in run_static\n    ) = self._run_static_breakdown(\n        ^^^^^^^^^^^^^^^^^^^^^^^^^^^\n  File ""aic-core/src/aiconfigurator_core/sdk/backends/base_backend.py"", line 503, in _run_static_breakdown\n    context_latency_dict, context_energy_wms_dict, context_source_dict = self._run_context_phase(\n                                                                         ^^^^^^^^^^^^^^^^^^^^^^^^\n  File ""aic-core/src/aiconfigurator_core/sdk/backends/base_backend.py"", line 338, in _run_context_phase\n    result = op.query(\n             ^^^^^^^^^\n  File ""aic-core/src/aiconfigurator_core/sdk/operations/dsv4.py"", line 518, in query\n    result = database.query_mhc_module(\n             ^^^^^^^^^^^^^^^^^^^^^^^^^^\n  File ""aic-core/src/aiconfigurator_core/sdk/perf_database.py"", line 3307, in query_mhc_module\n    return DeepSeekV4MHCModule._query_mhc_table(\n           ^^^^^^^^^^^^^^^^^^^^^^^^^^^^^^^^^^^^^\n  File ""aic-core/src/aiconfigurator_core/sdk/operations/dsv4.py"", line 503, in _query_mhc_table\n    return database._query_silicon_or_hybrid(\n           ^^^^^^^^^^^^^^^^^^^^^^^^^^^^^^^^^^\n  File ""aic-core/src/aiconfigurator_core/sdk/perf_database.py"", line 2543, in _query_silicon_or_hybrid\n    return get_silicon()\n           ^^^^^^^^^^^^^\n  File ""aic-core/src/aiconfigurator_core/sdk/operations/dsv4.py"", line 456, in get_silicon\n    raise PerfDataNotAvailableError(\naiconfigurator_core.sdk.errors.PerfDataNotAvailableError: DeepSeek-V4 mHC module data not loaded for system='gb300', backend='trtllm', version='1.3.0rc20'. Failed to query DeepSeek-V4 mHC module for num_tokens=128.0, hidden_size=4096, hc_mult=4, sinkhorn_iters=20, op='pre'. Consider using HYBRID mode.\n\nThe above exception was the direct cause of the following exception:\n\nTraceback (most recent call last):\n  File ""tools/support_matrix/support_matrix.py"", line 925, in _attempt\n    python_pareto_df = SupportMatrix._run_mode(\n                       ^^^^^^^^^^^^^^^^^^^^^^^^\n  File ""tools/support_matrix/support_matrix.py"", line 814, in _run_mode\n    pareto_df = task.run()\n                ^^^^^^^^^^\n  File ""src/aiconfigurator/sdk/task_v2.py"", line 1595, in run\n    return sweep_agg(\n           ^^^^^^^^^^\n  File ""src/aiconfigurator/sdk/sweep.py"", line 526, in sweep_agg\n    raise RuntimeError(\nRuntimeError: sweep_agg: no results for any parallel configuration. Last exception: DeepSeek-V4 mHC module data not loaded for system='gb300', backend='trtllm', version='1.3.0rc20'. Failed to query DeepSeek-V4 mHC module for num_tokens=128.0, hidden_size=4096, hc_mult=4, sinkhorn_iters=20, op='pre'. Consider using HYBRID mode.\n",uv run aiconfigurator cli default --model-path deepseek-ai/DeepSeek-V4-Flash --total-gpus 128 --system gb300 --backend trtllm --backend-version 1.3.0rc20 --database-mode SILICON --isl 256 --osl 256 --prefix 128 --ttft 2000000.0 --tpot 50000.0 --top-n 1 --no-color,
deepseek-ai/DeepSeek-V4-Flash,DeepseekV4ForCausalLM,gb300,trtllm,1.3.0rc20,disagg,FAIL,"Traceback (most recent call last):\n  File ""src/aiconfigurator/sdk/sweep.py"", line 603, in _get_disagg_worker_candidates\n    summary = predict_disagg_worker(\n              ^^^^^^^^^^^^^^^^^^^^^^\n  File ""src/aiconfigurator/sdk/predict.py"", line 91, in predict_disagg_worker\n    summary = (predictor or DEFAULT_PREDICTOR).predict_disagg_worker(\n              ^^^^^^^^^^^^^^^^^^^^^^^^^^^^^^^^^^^^^^^^^^^^^^^^^^^^^^^\n  File ""src/aiconfigurator/sdk/predictor.py"", line 139, in predict_disagg_worker\n    return backend.run_static(\n           ^^^^^^^^^^^^^^^^^^^\n  File ""aic-core/src/aiconfigurator_core/sdk/backends/base_backend.py"", line 685, in run_static\n    ) = self._run_static_breakdown(\n        ^^^^^^^^^^^^^^^^^^^^^^^^^^^\n  File ""aic-core/src/aiconfigurator_core/sdk/backends/base_backend.py"", line 503, in _run_static_breakdown\n    context_latency_dict, context_energy_wms_dict, context_source_dict = self._run_context_phase(\n                                                                         ^^^^^^^^^^^^^^^^^^^^^^^^\n  File ""aic-core/src/aiconfigurator_core/sdk/backends/base_backend.py"", line 338, in _run_context_phase\n    result = op.query(\n             ^^^^^^^^^\n  File ""aic-core/src/aiconfigurator_core/sdk/operations/dsv4.py"", line 518, in query\n    result = database.query_mhc_module(\n             ^^^^^^^^^^^^^^^^^^^^^^^^^^\n  File ""aic-core/src/aiconfigurator_core/sdk/perf_database.py"", line 3307, in query_mhc_module\n    return DeepSeekV4MHCModule._query_mhc_table(\n           ^^^^^^^^^^^^^^^^^^^^^^^^^^^^^^^^^^^^^\n  File ""aic-core/src/aiconfigurator_core/sdk/operations/dsv4.py"", line 503, in _query_mhc_table\n    return database._query_silicon_or_hybrid(\n           ^^^^^^^^^^^^^^^^^^^^^^^^^^^^^^^^^^\n  File ""aic-core/src/aiconfigurator_core/sdk/perf_database.py"", line 2543, in _query_silicon_or_hybrid\n    return get_silicon()\n           ^^^^^^^^^^^^^\n  File ""aic-core/src/aiconfigurator_core/sdk/operations/dsv4.py"", line 456, in get_silicon\n    raise PerfDataNotAvailableError(\naiconfigurator_core.sdk.errors.PerfDataNotAvailableError: DeepSeek-V4 mHC module data not loaded for system='gb300', backend='trtllm', version='1.3.0rc20'. Failed to query DeepSeek-V4 mHC module for num_tokens=128, hidden_size=4096, hc_mult=4, sinkhorn_iters=20, op='pre'. Consider using HYBRID mode.\n\nThe above exception was the direct cause of the following exception:\n\nTraceback (most recent call last):\n  File ""tools/support_matrix/support_matrix.py"", line 925, in _attempt\n    python_pareto_df = SupportMatrix._run_mode(\n                       ^^^^^^^^^^^^^^^^^^^^^^^^\n  File ""tools/support_matrix/support_matrix.py"", line 814, in _run_mode\n    pareto_df = task.run()\n                ^^^^^^^^^^\n  File ""src/aiconfigurator/sdk/task_v2.py"", line 1607, in run\n    return sweep_disagg(\n           ^^^^^^^^^^^^^\n  File ""src/aiconfigurator/sdk/sweep.py"", line 850, in sweep_disagg\n    prefill_summary_df = _get_disagg_worker_candidates(\n                         ^^^^^^^^^^^^^^^^^^^^^^^^^^^^^^\n  File ""src/aiconfigurator/sdk/sweep.py"", line 642, in _get_disagg_worker_candidates\n    raise RuntimeError(\nRuntimeError: sweep_disagg/prefill: no results for any parallel config. Last exception: DeepSeek-V4 mHC module data not loaded for system='gb300', backend='trtllm', version='1.3.0rc20'. Failed to query DeepSeek-V4 mHC module for num_tokens=128, hidden_size=4096, hc_mult=4, sinkhorn_iters=20, op='pre'. Consider using HYBRID mode.\n",uv run aiconfigurator cli default --model-path deepseek-ai/DeepSeek-V4-Flash --total-gpus 128 --system gb300 --backend trtllm --backend-version 1.3.0rc20 --database-mode SILICON --isl 256 --osl 256 --prefix 128 --ttft 2000000.0 --tpot 50000.0 --top-n 1 --no-color,
deepseek-ai/DeepSeek-V4-Flash,DeepseekV4ForCausalLM,gb300,vllm,0.19.0,agg,FRAMEWORK_INCOMPATIBLE,"Traceback (most recent call last):\n  File ""tools/support_matrix/support_matrix.py"", line 925, in _attempt\n    python_pareto_df = SupportMatrix._run_mode(\n                       ^^^^^^^^^^^^^^^^^^^^^^^^\n  File ""tools/support_matrix/support_matrix.py"", line 814, in _run_mode\n    pareto_df = task.run()\n                ^^^^^^^^^^\n  File ""src/aiconfigurator/sdk/task_v2.py"", line 1588, in run\n    self.validate()\n  File ""src/aiconfigurator/sdk/task_v2.py"", line 1237, in validate\n    self._validate_database_quant_modes()\n  File ""src/aiconfigurator/sdk/task_v2.py"", line 1286, in _validate_database_quant_modes\n    self._check_role_against_db(""agg"", validate_context=True, validate_generation=True)\n  File ""src/aiconfigurator/sdk/task_v2.py"", line 1398, in _check_role_against_db\n    _check(""moe"", moe_mode, profile_transfer=True)\n  File ""src/aiconfigurator/sdk/task_v2.py"", line 1379, in _check\n    raise exc_type(\nValueError: Unsupported moe quant mode 'w4a8_mxfp4_mxfp8' for system='gb300', backend='vllm', version='0.19.0'. Supported moe modes: ['bfloat16', 'fp8', 'fp8_block', 'int4_wo', 'nvfp4']\n",uv run aiconfigurator cli default --model-path deepseek-ai/DeepSeek-V4-Flash --total-gpus 128 --system gb300 --backend vllm --backend-version 0.19.0 --database-mode SILICON --isl 256 --osl 256 --prefix 128 --ttft 2000000.0 --tpot 50000.0 --top-n 1 --no-color,
deepseek-ai/DeepSeek-V4-Flash,DeepseekV4ForCausalLM,gb300,vllm,0.19.0,disagg,FRAMEWORK_INCOMPATIBLE,"Traceback (most recent call last):\n  File ""tools/support_matrix/support_matrix.py"", line 925, in _attempt\n    python_pareto_df = SupportMatrix._run_mode(\n                       ^^^^^^^^^^^^^^^^^^^^^^^^\n  File ""tools/support_matrix/support_matrix.py"", line 814, in _run_mode\n    pareto_df = task.run()\n                ^^^^^^^^^^\n  File ""src/aiconfigurator/sdk/task_v2.py"", line 1588, in run\n    self.validate()\n  File ""src/aiconfigurator/sdk/task_v2.py"", line 1237, in validate\n    self._validate_database_quant_modes()\n  File ""src/aiconfigurator/sdk/task_v2.py"", line 1288, in _validate_database_quant_modes\n    self._check_role_against_db(""prefill"", validate_context=True, validate_generation=False)\n  File ""src/aiconfigurator/sdk/task_v2.py"", line 1398, in _check_role_against_db\n    _check(""moe"", moe_mode, profile_transfer=True)\n  File ""src/aiconfigurator/sdk/task_v2.py"", line 1379, in _check\n    raise exc_type(\nValueError: Unsupported moe quant mode 'w4a8_mxfp4_mxfp8' for system='gb300', backend='vllm', version='0.19.0'. Supported moe modes: ['bfloat16', 'fp8', 'fp8_block', 'int4_wo', 'nvfp4']\n",uv run aiconfigurator cli default --model-path deepseek-ai/DeepSeek-V4-Flash --total-gpus 128 --system gb300 --backend vllm --backend-version 0.19.0 --database-mode SILICON --isl 256 --osl 256 --prefix 128 --ttft 2000000.0 --tpot 50000.0 --top-n 1 --no-color,
deepseek-ai/DeepSeek-V4-Flash,DeepseekV4ForCausalLM,gb300,vllm,0.22.0,agg,PASS,,uv run aiconfigurator cli default --model-path deepseek-ai/DeepSeek-V4-Flash --total-gpus 128 --system gb300 --backend vllm --backend-version 0.22.0 --database-mode SILICON --isl 256 --osl 256 --prefix 128 --ttft 2000000.0 --tpot 50000.0 --top-n 1 --no-color,silicon
deepseek-ai/DeepSeek-V4-Flash,DeepseekV4ForCausalLM,gb300,vllm,0.22.0,disagg,PASS,,uv run aiconfigurator cli default --model-path deepseek-ai/DeepSeek-V4-Flash --total-gpus 128 --system gb300 --backend vllm --backend-version 0.22.0 --database-mode SILICON --isl 256 --osl 256 --prefix 128 --ttft 2000000.0 --tpot 50000.0 --top-n 1 --no-color,silicon
deepseek-ai/DeepSeek-V4-Flash,DeepseekV4ForCausalLM,gb300,vllm,0.24.0,agg,PASS,,uv run aiconfigurator cli default --model-path deepseek-ai/DeepSeek-V4-Flash --total-gpus 128 --system gb300 --backend vllm --backend-version 0.24.0 --database-mode SILICON --isl 256 --osl 256 --prefix 128 --ttft 2000000.0 --tpot 50000.0 --top-n 1 --no-color,silicon
deepseek-ai/DeepSeek-V4-Flash,DeepseekV4ForCausalLM,gb300,vllm,0.24.0,disagg,PASS,,uv run aiconfigurator cli default --model-path deepseek-ai/DeepSeek-V4-Flash --total-gpus 128 --system gb300 --backend vllm --backend-version 0.24.0 --database-mode SILICON --isl 256 --osl 256 --prefix 128 --ttft 2000000.0 --tpot 50000.0 --top-n 1 --no-color,silicon
deepseek-ai/DeepSeek-V4-Pro,DeepseekV4ForCausalLM,gb300,sglang,0.5.10,agg,FAIL,"Traceback (most recent call last):\n  File ""tools/support_matrix/support_matrix.py"", line 925, in _attempt\n    python_pareto_df = SupportMatrix._run_mode(\n                       ^^^^^^^^^^^^^^^^^^^^^^^^\n  File ""tools/support_matrix/support_matrix.py"", line 814, in _run_mode\n    pareto_df = task.run()\n                ^^^^^^^^^^\n  File ""src/aiconfigurator/sdk/task_v2.py"", line 1588, in run\n    self.validate()\n  File ""src/aiconfigurator/sdk/task_v2.py"", line 1237, in validate\n    self._validate_database_quant_modes()\n  File ""src/aiconfigurator/sdk/task_v2.py"", line 1286, in _validate_database_quant_modes\n    self._check_role_against_db(""agg"", validate_context=True, validate_generation=True)\n  File ""src/aiconfigurator/sdk/task_v2.py"", line 1398, in _check_role_against_db\n    _check(""moe"", moe_mode, profile_transfer=True)\n  File ""src/aiconfigurator/sdk/task_v2.py"", line 1379, in _check\n    raise exc_type(\nValueError: Unsupported moe quant mode 'w4a8_mxfp4_mxfp8_trtllm' for system='gb300', backend='sglang', version='0.5.10'. Supported moe modes: ['bfloat16', 'fp8_block', 'int4_wo', 'nvfp4']\n",uv run aiconfigurator cli default --model-path deepseek-ai/DeepSeek-V4-Pro --total-gpus 128 --system gb300 --backend sglang --backend-version 0.5.10 --database-mode SILICON --isl 256 --osl 256 --prefix 128 --ttft 2000000.0 --tpot 50000.0 --top-n 1 --no-color,
deepseek-ai/DeepSeek-V4-Pro,DeepseekV4ForCausalLM,gb300,sglang,0.5.10,disagg,FAIL,"Traceback (most recent call last):\n  File ""tools/support_matrix/support_matrix.py"", line 925, in _attempt\n    python_pareto_df = SupportMatrix._run_mode(\n                       ^^^^^^^^^^^^^^^^^^^^^^^^\n  File ""tools/support_matrix/support_matrix.py"", line 814, in _run_mode\n    pareto_df = task.run()\n                ^^^^^^^^^^\n  File ""src/aiconfigurator/sdk/task_v2.py"", line 1588, in run\n    self.validate()\n  File ""src/aiconfigurator/sdk/task_v2.py"", line 1237, in validate\n    self._validate_database_quant_modes()\n  File ""src/aiconfigurator/sdk/task_v2.py"", line 1288, in _validate_database_quant_modes\n    self._check_role_against_db(""prefill"", validate_context=True, validate_generation=False)\n  File ""src/aiconfigurator/sdk/task_v2.py"", line 1398, in _check_role_against_db\n    _check(""moe"", moe_mode, profile_transfer=True)\n  File ""src/aiconfigurator/sdk/task_v2.py"", line 1379, in _check\n    raise exc_type(\nValueError: Unsupported moe quant mode 'w4a8_mxfp4_mxfp8_trtllm' for system='gb300', backend='sglang', version='0.5.10'. Supported moe modes: ['bfloat16', 'fp8_block', 'int4_wo', 'nvfp4']\n",uv run aiconfigurator cli default --model-path deepseek-ai/DeepSeek-V4-Pro --total-gpus 128 --system gb300 --backend sglang --backend-version 0.5.10 --database-mode SILICON --isl 256 --osl 256 --prefix 128 --ttft 2000000.0 --tpot 50000.0 --top-n 1 --no-color,
deepseek-ai/DeepSeek-V4-Pro,DeepseekV4ForCausalLM,gb300,sglang,0.5.12,agg,PASS,,uv run aiconfigurator cli default --model-path deepseek-ai/DeepSeek-V4-Pro --total-gpus 128 --system gb300 --backend sglang --backend-version 0.5.12 --database-mode SILICON --isl 256 --osl 256 --prefix 128 --ttft 2000000.0 --tpot 50000.0 --top-n 1 --no-color,silicon
deepseek-ai/DeepSeek-V4-Pro,DeepseekV4ForCausalLM,gb300,sglang,0.5.12,disagg,PASS,,uv run aiconfigurator cli default --model-path deepseek-ai/DeepSeek-V4-Pro --total-gpus 128 --system gb300 --backend sglang --backend-version 0.5.12 --database-mode SILICON --isl 256 --osl 256 --prefix 128 --ttft 2000000.0 --tpot 50000.0 --top-n 1 --no-color,silicon
deepseek-ai/DeepSeek-V4-Pro,DeepseekV4ForCausalLM,gb300,sglang,0.5.14,agg,PASS,,uv run aiconfigurator cli default --model-path deepseek-ai/DeepSeek-V4-Pro --total-gpus 128 --system gb300 --backend sglang --backend-version 0.5.14 --database-mode SILICON --isl 256 --osl 256 --prefix 128 --ttft 2000000.0 --tpot 50000.0 --top-n 1 --no-color,silicon
deepseek-ai/DeepSeek-V4-Pro,DeepseekV4ForCausalLM,gb300,sglang,0.5.14,disagg,PASS,,uv run aiconfigurator cli default --model-path deepseek-ai/DeepSeek-V4-Pro --total-gpus 128 --system gb300 --backend sglang --backend-version 0.5.14 --database-mode SILICON --isl 256 --osl 256 --prefix 128 --ttft 2000000.0 --tpot 50000.0 --top-n 1 --no-color,silicon
deepseek-ai/DeepSeek-V4-Pro,DeepseekV4ForCausalLM,gb300,sglang,0.5.9,agg,FAIL,"Traceback (most recent call last):\n  File ""tools/support_matrix/support_matrix.py"", line 925, in _attempt\n    python_pareto_df = SupportMatrix._run_mode(\n                       ^^^^^^^^^^^^^^^^^^^^^^^^\n  File ""tools/support_matrix/support_matrix.py"", line 814, in _run_mode\n    pareto_df = task.run()\n                ^^^^^^^^^^\n  File ""src/aiconfigurator/sdk/task_v2.py"", line 1588, in run\n    self.validate()\n  File ""src/aiconfigurator/sdk/task_v2.py"", line 1237, in validate\n    self._validate_database_quant_modes()\n  File ""src/aiconfigurator/sdk/task_v2.py"", line 1286, in _validate_database_quant_modes\n    self._check_role_against_db(""agg"", validate_context=True, validate_generation=True)\n  File ""src/aiconfigurator/sdk/task_v2.py"", line 1398, in _check_role_against_db\n    _check(""moe"", moe_mode, profile_transfer=True)\n  File ""src/aiconfigurator/sdk/task_v2.py"", line 1379, in _check\n    raise exc_type(\nValueError: Unsupported moe quant mode 'w4a8_mxfp4_mxfp8_trtllm' for system='gb300', backend='sglang', version='0.5.9'. Supported moe modes: ['bfloat16', 'fp8_block', 'int4_wo', 'nvfp4']\n",uv run aiconfigurator cli default --model-path deepseek-ai/DeepSeek-V4-Pro --total-gpus 128 --system gb300 --backend sglang --backend-version 0.5.9 --database-mode SILICON --isl 256 --osl 256 --prefix 128 --ttft 2000000.0 --tpot 50000.0 --top-n 1 --no-color,
deepseek-ai/DeepSeek-V4-Pro,DeepseekV4ForCausalLM,gb300,sglang,0.5.9,disagg,FAIL,"Traceback (most recent call last):\n  File ""tools/support_matrix/support_matrix.py"", line 925, in _attempt\n    python_pareto_df = SupportMatrix._run_mode(\n                       ^^^^^^^^^^^^^^^^^^^^^^^^\n  File ""tools/support_matrix/support_matrix.py"", line 814, in _run_mode\n    pareto_df = task.run()\n                ^^^^^^^^^^\n  File ""src/aiconfigurator/sdk/task_v2.py"", line 1588, in run\n    self.validate()\n  File ""src/aiconfigurator/sdk/task_v2.py"", line 1237, in validate\n    self._validate_database_quant_modes()\n  File ""src/aiconfigurator/sdk/task_v2.py"", line 1288, in _validate_database_quant_modes\n    self._check_role_against_db(""prefill"", validate_context=True, validate_generation=False)\n  File ""src/aiconfigurator/sdk/task_v2.py"", line 1398, in _check_role_against_db\n    _check(""moe"", moe_mode, profile_transfer=True)\n  File ""src/aiconfigurator/sdk/task_v2.py"", line 1379, in _check\n    raise exc_type(\nValueError: Unsupported moe quant mode 'w4a8_mxfp4_mxfp8_trtllm' for system='gb300', backend='sglang', version='0.5.9'. Supported moe modes: ['bfloat16', 'fp8_block', 'int4_wo', 'nvfp4']\n",uv run aiconfigurator cli default --model-path deepseek-ai/DeepSeek-V4-Pro --total-gpus 128 --system gb300 --backend sglang --backend-version 0.5.9 --database-mode SILICON --isl 256 --osl 256 --prefix 128 --ttft 2000000.0 --tpot 50000.0 --top-n 1 --no-color,
deepseek-ai/DeepSeek-V4-Pro,DeepseekV4ForCausalLM,gb300,trtllm,1.3.0rc10,agg,FAIL,"Traceback (most recent call last):\n  File ""src/aiconfigurator/sdk/sweep.py"", line 485, in sweep_agg\n    point_df, point_saw_model_fit, point_saw_memory_fit = _sweep_one_parallel_agg(\n                                                          ^^^^^^^^^^^^^^^^^^^^^^^^\n  File ""src/aiconfigurator/sdk/sweep.py"", line 335, in _sweep_one_parallel_agg\n    summary = predict_agg_worker(\n              ^^^^^^^^^^^^^^^^^^^\n  File ""src/aiconfigurator/sdk/predict.py"", line 143, in predict_agg_worker\n    summary = (predictor or DEFAULT_PREDICTOR).predict_agg_worker(\n              ^^^^^^^^^^^^^^^^^^^^^^^^^^^^^^^^^^^^^^^^^^^^^^^^^^^^\n  File ""src/aiconfigurator/sdk/predictor.py"", line 118, in predict_agg_worker\n    return backend.run_agg(\n           ^^^^^^^^^^^^^^^^\n  File ""aic-core/src/aiconfigurator_core/sdk/backends/base_backend.py"", line 1466, in run_agg\n    mix_step_estimate = self.run_mixed(\n                        ^^^^^^^^^^^^^^^\n  File ""aic-core/src/aiconfigurator_core/sdk/backends/base_backend.py"", line 1147, in run_mixed\n    summary = self.run_static(\n              ^^^^^^^^^^^^^^^^\n  File ""aic-core/src/aiconfigurator_core/sdk/backends/base_backend.py"", line 685, in run_static\n    ) = self._run_static_breakdown(\n        ^^^^^^^^^^^^^^^^^^^^^^^^^^^\n  File ""aic-core/src/aiconfigurator_core/sdk/backends/base_backend.py"", line 503, in _run_static_breakdown\n    context_latency_dict, context_energy_wms_dict, context_source_dict = self._run_context_phase(\n                                                                         ^^^^^^^^^^^^^^^^^^^^^^^^\n  File ""aic-core/src/aiconfigurator_core/sdk/backends/base_backend.py"", line 338, in _run_context_phase\n    result = op.query(\n             ^^^^^^^^^\n  File ""aic-core/src/aiconfigurator_core/sdk/operations/dsv4.py"", line 518, in query\n    result = database.query_mhc_module(\n             ^^^^^^^^^^^^^^^^^^^^^^^^^^\n  File ""aic-core/src/aiconfigurator_core/sdk/perf_database.py"", line 3307, in query_mhc_module\n    return DeepSeekV4MHCModule._query_mhc_table(\n           ^^^^^^^^^^^^^^^^^^^^^^^^^^^^^^^^^^^^^\n  File ""aic-core/src/aiconfigurator_core/sdk/operations/dsv4.py"", line 503, in _query_mhc_table\n    return database._query_silicon_or_hybrid(\n           ^^^^^^^^^^^^^^^^^^^^^^^^^^^^^^^^^^\n  File ""aic-core/src/aiconfigurator_core/sdk/perf_database.py"", line 2543, in _query_silicon_or_hybrid\n    return get_silicon()\n           ^^^^^^^^^^^^^\n  File ""aic-core/src/aiconfigurator_core/sdk/operations/dsv4.py"", line 456, in get_silicon\n    raise PerfDataNotAvailableError(\naiconfigurator_core.sdk.errors.PerfDataNotAvailableError: DeepSeek-V4 mHC module data not loaded for system='gb300', backend='trtllm', version='1.3.0rc10'. Failed to query DeepSeek-V4 mHC module for num_tokens=128.0, hidden_size=7168, hc_mult=4, sinkhorn_iters=20, op='pre'. Consider using HYBRID mode.\n\nThe above exception was the direct cause of the following exception:\n\nTraceback (most recent call last):\n  File ""tools/support_matrix/support_matrix.py"", line 925, in _attempt\n    python_pareto_df = SupportMatrix._run_mode(\n                       ^^^^^^^^^^^^^^^^^^^^^^^^\n  File ""tools/support_matrix/support_matrix.py"", line 814, in _run_mode\n    pareto_df = task.run()\n                ^^^^^^^^^^\n  File ""src/aiconfigurator/sdk/task_v2.py"", line 1595, in run\n    return sweep_agg(\n           ^^^^^^^^^^\n  File ""src/aiconfigurator/sdk/sweep.py"", line 526, in sweep_agg\n    raise RuntimeError(\nRuntimeError: sweep_agg: no results for any parallel configuration. Last exception: DeepSeek-V4 mHC module data not loaded for system='gb300', backend='trtllm', version='1.3.0rc10'. Failed to query DeepSeek-V4 mHC module for num_tokens=128.0, hidden_size=7168, hc_mult=4, sinkhorn_iters=20, op='pre'. Consider using HYBRID mode.\n",uv run aiconfigurator cli default --model-path deepseek-ai/DeepSeek-V4-Pro --total-gpus 128 --system gb300 --backend trtllm --backend-version 1.3.0rc10 --database-mode SILICON --isl 256 --osl 256 --prefix 128 --ttft 2000000.0 --tpot 50000.0 --top-n 1 --no-color,
deepseek-ai/DeepSeek-V4-Pro,DeepseekV4ForCausalLM,gb300,trtllm,1.3.0rc10,disagg,FAIL,"Traceback (most recent call last):\n  File ""src/aiconfigurator/sdk/sweep.py"", line 603, in _get_disagg_worker_candidates\n    summary = predict_disagg_worker(\n              ^^^^^^^^^^^^^^^^^^^^^^\n  File ""src/aiconfigurator/sdk/predict.py"", line 91, in predict_disagg_worker\n    summary = (predictor or DEFAULT_PREDICTOR).predict_disagg_worker(\n              ^^^^^^^^^^^^^^^^^^^^^^^^^^^^^^^^^^^^^^^^^^^^^^^^^^^^^^^\n  File ""src/aiconfigurator/sdk/predictor.py"", line 139, in predict_disagg_worker\n    return backend.run_static(\n           ^^^^^^^^^^^^^^^^^^^\n  File ""aic-core/src/aiconfigurator_core/sdk/backends/base_backend.py"", line 685, in run_static\n    ) = self._run_static_breakdown(\n        ^^^^^^^^^^^^^^^^^^^^^^^^^^^\n  File ""aic-core/src/aiconfigurator_core/sdk/backends/base_backend.py"", line 503, in _run_static_breakdown\n    context_latency_dict, context_energy_wms_dict, context_source_dict = self._run_context_phase(\n                                                                         ^^^^^^^^^^^^^^^^^^^^^^^^\n  File ""aic-core/src/aiconfigurator_core/sdk/backends/base_backend.py"", line 338, in _run_context_phase\n    result = op.query(\n             ^^^^^^^^^\n  File ""aic-core/src/aiconfigurator_core/sdk/operations/dsv4.py"", line 518, in query\n    result = database.query_mhc_module(\n             ^^^^^^^^^^^^^^^^^^^^^^^^^^\n  File ""aic-core/src/aiconfigurator_core/sdk/perf_database.py"", line 3307, in query_mhc_module\n    return DeepSeekV4MHCModule._query_mhc_table(\n           ^^^^^^^^^^^^^^^^^^^^^^^^^^^^^^^^^^^^^\n  File ""aic-core/src/aiconfigurator_core/sdk/operations/dsv4.py"", line 503, in _query_mhc_table\n    return database._query_silicon_or_hybrid(\n           ^^^^^^^^^^^^^^^^^^^^^^^^^^^^^^^^^^\n  File ""aic-core/src/aiconfigurator_core/sdk/perf_database.py"", line 2543, in _query_silicon_or_hybrid\n    return get_silicon()\n           ^^^^^^^^^^^^^\n  File ""aic-core/src/aiconfigurator_core/sdk/operations/dsv4.py"", line 456, in get_silicon\n    raise PerfDataNotAvailableError(\naiconfigurator_core.sdk.errors.PerfDataNotAvailableError: DeepSeek-V4 mHC module data not loaded for system='gb300', backend='trtllm', version='1.3.0rc10'. Failed to query DeepSeek-V4 mHC module for num_tokens=128, hidden_size=7168, hc_mult=4, sinkhorn_iters=20, op='pre'. Consider using HYBRID mode.\n\nThe above exception was the direct cause of the following exception:\n\nTraceback (most recent call last):\n  File ""tools/support_matrix/support_matrix.py"", line 925, in _attempt\n    python_pareto_df = SupportMatrix._run_mode(\n                       ^^^^^^^^^^^^^^^^^^^^^^^^\n  File ""tools/support_matrix/support_matrix.py"", line 814, in _run_mode\n    pareto_df = task.run()\n                ^^^^^^^^^^\n  File ""src/aiconfigurator/sdk/task_v2.py"", line 1607, in run\n    return sweep_disagg(\n           ^^^^^^^^^^^^^\n  File ""src/aiconfigurator/sdk/sweep.py"", line 850, in sweep_disagg\n    prefill_summary_df = _get_disagg_worker_candidates(\n                         ^^^^^^^^^^^^^^^^^^^^^^^^^^^^^^\n  File ""src/aiconfigurator/sdk/sweep.py"", line 642, in _get_disagg_worker_candidates\n    raise RuntimeError(\nRuntimeError: sweep_disagg/prefill: no results for any parallel config. Last exception: DeepSeek-V4 mHC module data not loaded for system='gb300', backend='trtllm', version='1.3.0rc10'. Failed to query DeepSeek-V4 mHC module for num_tokens=128, hidden_size=7168, hc_mult=4, sinkhorn_iters=20, op='pre'. Consider using HYBRID mode.\n",uv run aiconfigurator cli default --model-path deepseek-ai/DeepSeek-V4-Pro --total-gpus 128 --system gb300 --backend trtllm --backend-version 1.3.0rc10 --database-mode SILICON --isl 256 --osl 256 --prefix 128 --ttft 2000000.0 --tpot 50000.0 --top-n 1 --no-color,
deepseek-ai/DeepSeek-V4-Pro,DeepseekV4ForCausalLM,gb300,trtllm,1.3.0rc15,agg,FAIL,"Traceback (most recent call last):\n  File ""src/aiconfigurator/sdk/sweep.py"", line 485, in sweep_agg\n    point_df, point_saw_model_fit, point_saw_memory_fit = _sweep_one_parallel_agg(\n                                                          ^^^^^^^^^^^^^^^^^^^^^^^^\n  File ""src/aiconfigurator/sdk/sweep.py"", line 335, in _sweep_one_parallel_agg\n    summary = predict_agg_worker(\n              ^^^^^^^^^^^^^^^^^^^\n  File ""src/aiconfigurator/sdk/predict.py"", line 143, in predict_agg_worker\n    summary = (predictor or DEFAULT_PREDICTOR).predict_agg_worker(\n              ^^^^^^^^^^^^^^^^^^^^^^^^^^^^^^^^^^^^^^^^^^^^^^^^^^^^\n  File ""src/aiconfigurator/sdk/predictor.py"", line 118, in predict_agg_worker\n    return backend.run_agg(\n           ^^^^^^^^^^^^^^^^\n  File ""aic-core/src/aiconfigurator_core/sdk/backends/base_backend.py"", line 1466, in run_agg\n    mix_step_estimate = self.run_mixed(\n                        ^^^^^^^^^^^^^^^\n  File ""aic-core/src/aiconfigurator_core/sdk/backends/base_backend.py"", line 1147, in run_mixed\n    summary = self.run_static(\n              ^^^^^^^^^^^^^^^^\n  File ""aic-core/src/aiconfigurator_core/sdk/backends/base_backend.py"", line 685, in run_static\n    ) = self._run_static_breakdown(\n        ^^^^^^^^^^^^^^^^^^^^^^^^^^^\n  File ""aic-core/src/aiconfigurator_core/sdk/backends/base_backend.py"", line 503, in _run_static_breakdown\n    context_latency_dict, context_energy_wms_dict, context_source_dict = self._run_context_phase(\n                                                                         ^^^^^^^^^^^^^^^^^^^^^^^^\n  File ""aic-core/src/aiconfigurator_core/sdk/backends/base_backend.py"", line 338, in _run_context_phase\n    result = op.query(\n             ^^^^^^^^^\n  File ""aic-core/src/aiconfigurator_core/sdk/operations/dsv4.py"", line 518, in query\n    result = database.query_mhc_module(\n             ^^^^^^^^^^^^^^^^^^^^^^^^^^\n  File ""aic-core/src/aiconfigurator_core/sdk/perf_database.py"", line 3307, in query_mhc_module\n    return DeepSeekV4MHCModule._query_mhc_table(\n           ^^^^^^^^^^^^^^^^^^^^^^^^^^^^^^^^^^^^^\n  File ""aic-core/src/aiconfigurator_core/sdk/operations/dsv4.py"", line 503, in _query_mhc_table\n    return database._query_silicon_or_hybrid(\n           ^^^^^^^^^^^^^^^^^^^^^^^^^^^^^^^^^^\n  File ""aic-core/src/aiconfigurator_core/sdk/perf_database.py"", line 2543, in _query_silicon_or_hybrid\n    return get_silicon()\n           ^^^^^^^^^^^^^\n  File ""aic-core/src/aiconfigurator_core/sdk/operations/dsv4.py"", line 456, in get_silicon\n    raise PerfDataNotAvailableError(\naiconfigurator_core.sdk.errors.PerfDataNotAvailableError: DeepSeek-V4 mHC module data not loaded for system='gb300', backend='trtllm', version='1.3.0rc15'. Failed to query DeepSeek-V4 mHC module for num_tokens=128.0, hidden_size=7168, hc_mult=4, sinkhorn_iters=20, op='pre'. Consider using HYBRID mode.\n\nThe above exception was the direct cause of the following exception:\n\nTraceback (most recent call last):\n  File ""tools/support_matrix/support_matrix.py"", line 925, in _attempt\n    python_pareto_df = SupportMatrix._run_mode(\n                       ^^^^^^^^^^^^^^^^^^^^^^^^\n  File ""tools/support_matrix/support_matrix.py"", line 814, in _run_mode\n    pareto_df = task.run()\n                ^^^^^^^^^^\n  File ""src/aiconfigurator/sdk/task_v2.py"", line 1595, in run\n    return sweep_agg(\n           ^^^^^^^^^^\n  File ""src/aiconfigurator/sdk/sweep.py"", line 526, in sweep_agg\n    raise RuntimeError(\nRuntimeError: sweep_agg: no results for any parallel configuration. Last exception: DeepSeek-V4 mHC module data not loaded for system='gb300', backend='trtllm', version='1.3.0rc15'. Failed to query DeepSeek-V4 mHC module for num_tokens=128.0, hidden_size=7168, hc_mult=4, sinkhorn_iters=20, op='pre'. Consider using HYBRID mode.\n",uv run aiconfigurator cli default --model-path deepseek-ai/DeepSeek-V4-Pro --total-gpus 128 --system gb300 --backend trtllm --backend-version 1.3.0rc15 --database-mode SILICON --isl 256 --osl 256 --prefix 128 --ttft 2000000.0 --tpot 50000.0 --top-n 1 --no-color,
deepseek-ai/DeepSeek-V4-Pro,DeepseekV4ForCausalLM,gb300,trtllm,1.3.0rc15,disagg,FAIL,"Traceback (most recent call last):\n  File ""src/aiconfigurator/sdk/sweep.py"", line 603, in _get_disagg_worker_candidates\n    summary = predict_disagg_worker(\n              ^^^^^^^^^^^^^^^^^^^^^^\n  File ""src/aiconfigurator/sdk/predict.py"", line 91, in predict_disagg_worker\n    summary = (predictor or DEFAULT_PREDICTOR).predict_disagg_worker(\n              ^^^^^^^^^^^^^^^^^^^^^^^^^^^^^^^^^^^^^^^^^^^^^^^^^^^^^^^\n  File ""src/aiconfigurator/sdk/predictor.py"", line 139, in predict_disagg_worker\n    return backend.run_static(\n           ^^^^^^^^^^^^^^^^^^^\n  File ""aic-core/src/aiconfigurator_core/sdk/backends/base_backend.py"", line 685, in run_static\n    ) = self._run_static_breakdown(\n        ^^^^^^^^^^^^^^^^^^^^^^^^^^^\n  File ""aic-core/src/aiconfigurator_core/sdk/backends/base_backend.py"", line 503, in _run_static_breakdown\n    context_latency_dict, context_energy_wms_dict, context_source_dict = self._run_context_phase(\n                                                                         ^^^^^^^^^^^^^^^^^^^^^^^^\n  File ""aic-core/src/aiconfigurator_core/sdk/backends/base_backend.py"", line 338, in _run_context_phase\n    result = op.query(\n             ^^^^^^^^^\n  File ""aic-core/src/aiconfigurator_core/sdk/operations/dsv4.py"", line 518, in query\n    result = database.query_mhc_module(\n             ^^^^^^^^^^^^^^^^^^^^^^^^^^\n  File ""aic-core/src/aiconfigurator_core/sdk/perf_database.py"", line 3307, in query_mhc_module\n    return DeepSeekV4MHCModule._query_mhc_table(\n           ^^^^^^^^^^^^^^^^^^^^^^^^^^^^^^^^^^^^^\n  File ""aic-core/src/aiconfigurator_core/sdk/operations/dsv4.py"", line 503, in _query_mhc_table\n    return database._query_silicon_or_hybrid(\n           ^^^^^^^^^^^^^^^^^^^^^^^^^^^^^^^^^^\n  File ""aic-core/src/aiconfigurator_core/sdk/perf_database.py"", line 2543, in _query_silicon_or_hybrid\n    return get_silicon()\n           ^^^^^^^^^^^^^\n  File ""aic-core/src/aiconfigurator_core/sdk/operations/dsv4.py"", line 456, in get_silicon\n    raise PerfDataNotAvailableError(\naiconfigurator_core.sdk.errors.PerfDataNotAvailableError: DeepSeek-V4 mHC module data not loaded for system='gb300', backend='trtllm', version='1.3.0rc15'. Failed to query DeepSeek-V4 mHC module for num_tokens=128, hidden_size=7168, hc_mult=4, sinkhorn_iters=20, op='pre'. Consider using HYBRID mode.\n\nThe above exception was the direct cause of the following exception:\n\nTraceback (most recent call last):\n  File ""tools/support_matrix/support_matrix.py"", line 925, in _attempt\n    python_pareto_df = SupportMatrix._run_mode(\n                       ^^^^^^^^^^^^^^^^^^^^^^^^\n  File ""tools/support_matrix/support_matrix.py"", line 814, in _run_mode\n    pareto_df = task.run()\n                ^^^^^^^^^^\n  File ""src/aiconfigurator/sdk/task_v2.py"", line 1607, in run\n    return sweep_disagg(\n           ^^^^^^^^^^^^^\n  File ""src/aiconfigurator/sdk/sweep.py"", line 850, in sweep_disagg\n    prefill_summary_df = _get_disagg_worker_candidates(\n                         ^^^^^^^^^^^^^^^^^^^^^^^^^^^^^^\n  File ""src/aiconfigurator/sdk/sweep.py"", line 642, in _get_disagg_worker_candidates\n    raise RuntimeError(\nRuntimeError: sweep_disagg/prefill: no results for any parallel config. Last exception: DeepSeek-V4 mHC module data not loaded for system='gb300', backend='trtllm', version='1.3.0rc15'. Failed to query DeepSeek-V4 mHC module for num_tokens=128, hidden_size=7168, hc_mult=4, sinkhorn_iters=20, op='pre'. Consider using HYBRID mode.\n",uv run aiconfigurator cli default --model-path deepseek-ai/DeepSeek-V4-Pro --total-gpus 128 --system gb300 --backend trtllm --backend-version 1.3.0rc15 --database-mode SILICON --isl 256 --osl 256 --prefix 128 --ttft 2000000.0 --tpot 50000.0 --top-n 1 --no-color,
deepseek-ai/DeepSeek-V4-Pro,DeepseekV4ForCausalLM,gb300,trtllm,1.3.0rc20,agg,FAIL,"Traceback (most recent call last):\n  File ""src/aiconfigurator/sdk/sweep.py"", line 485, in sweep_agg\n    point_df, point_saw_model_fit, point_saw_memory_fit = _sweep_one_parallel_agg(\n                                                          ^^^^^^^^^^^^^^^^^^^^^^^^\n  File ""src/aiconfigurator/sdk/sweep.py"", line 335, in _sweep_one_parallel_agg\n    summary = predict_agg_worker(\n              ^^^^^^^^^^^^^^^^^^^\n  File ""src/aiconfigurator/sdk/predict.py"", line 143, in predict_agg_worker\n    summary = (predictor or DEFAULT_PREDICTOR).predict_agg_worker(\n              ^^^^^^^^^^^^^^^^^^^^^^^^^^^^^^^^^^^^^^^^^^^^^^^^^^^^\n  File ""src/aiconfigurator/sdk/predictor.py"", line 118, in predict_agg_worker\n    return backend.run_agg(\n           ^^^^^^^^^^^^^^^^\n  File ""aic-core/src/aiconfigurator_core/sdk/backends/base_backend.py"", line 1466, in run_agg\n    mix_step_estimate = self.run_mixed(\n                        ^^^^^^^^^^^^^^^\n  File ""aic-core/src/aiconfigurator_core/sdk/backends/base_backend.py"", line 1147, in run_mixed\n    summary = self.run_static(\n              ^^^^^^^^^^^^^^^^\n  File ""aic-core/src/aiconfigurator_core/sdk/backends/base_backend.py"", line 685, in run_static\n    ) = self._run_static_breakdown(\n        ^^^^^^^^^^^^^^^^^^^^^^^^^^^\n  File ""aic-core/src/aiconfigurator_core/sdk/backends/base_backend.py"", line 503, in _run_static_breakdown\n    context_latency_dict, context_energy_wms_dict, context_source_dict = self._run_context_phase(\n                                                                         ^^^^^^^^^^^^^^^^^^^^^^^^\n  File ""aic-core/src/aiconfigurator_core/sdk/backends/base_backend.py"", line 338, in _run_context_phase\n    result = op.query(\n             ^^^^^^^^^\n  File ""aic-core/src/aiconfigurator_core/sdk/operations/dsv4.py"", line 518, in query\n    result = database.query_mhc_module(\n             ^^^^^^^^^^^^^^^^^^^^^^^^^^\n  File ""aic-core/src/aiconfigurator_core/sdk/perf_database.py"", line 3307, in query_mhc_module\n    return DeepSeekV4MHCModule._query_mhc_table(\n           ^^^^^^^^^^^^^^^^^^^^^^^^^^^^^^^^^^^^^\n  File ""aic-core/src/aiconfigurator_core/sdk/operations/dsv4.py"", line 503, in _query_mhc_table\n    return database._query_silicon_or_hybrid(\n           ^^^^^^^^^^^^^^^^^^^^^^^^^^^^^^^^^^\n  File ""aic-core/src/aiconfigurator_core/sdk/perf_database.py"", line 2543, in _query_silicon_or_hybrid\n    return get_silicon()\n           ^^^^^^^^^^^^^\n  File ""aic-core/src/aiconfigurator_core/sdk/operations/dsv4.py"", line 456, in get_silicon\n    raise PerfDataNotAvailableError(\naiconfigurator_core.sdk.errors.PerfDataNotAvailableError: DeepSeek-V4 mHC module data not loaded for system='gb300', backend='trtllm', version='1.3.0rc20'. Failed to query DeepSeek-V4 mHC module for num_tokens=128.0, hidden_size=7168, hc_mult=4, sinkhorn_iters=20, op='pre'. Consider using HYBRID mode.\n\nThe above exception was the direct cause of the following exception:\n\nTraceback (most recent call last):\n  File ""tools/support_matrix/support_matrix.py"", line 925, in _attempt\n    python_pareto_df = SupportMatrix._run_mode(\n                       ^^^^^^^^^^^^^^^^^^^^^^^^\n  File ""tools/support_matrix/support_matrix.py"", line 814, in _run_mode\n    pareto_df = task.run()\n                ^^^^^^^^^^\n  File ""src/aiconfigurator/sdk/task_v2.py"", line 1595, in run\n    return sweep_agg(\n           ^^^^^^^^^^\n  File ""src/aiconfigurator/sdk/sweep.py"", line 526, in sweep_agg\n    raise RuntimeError(\nRuntimeError: sweep_agg: no results for any parallel configuration. Last exception: DeepSeek-V4 mHC module data not loaded for system='gb300', backend='trtllm', version='1.3.0rc20'. Failed to query DeepSeek-V4 mHC module for num_tokens=128.0, hidden_size=7168, hc_mult=4, sinkhorn_iters=20, op='pre'. Consider using HYBRID mode.\n",uv run aiconfigurator cli default --model-path deepseek-ai/DeepSeek-V4-Pro --total-gpus 128 --system gb300 --backend trtllm --backend-version 1.3.0rc20 --database-mode SILICON --isl 256 --osl 256 --prefix 128 --ttft 2000000.0 --tpot 50000.0 --top-n 1 --no-color,
deepseek-ai/DeepSeek-V4-Pro,DeepseekV4ForCausalLM,gb300,trtllm,1.3.0rc20,disagg,FAIL,"Traceback (most recent call last):\n  File ""src/aiconfigurator/sdk/sweep.py"", line 603, in _get_disagg_worker_candidates\n    summary = predict_disagg_worker(\n              ^^^^^^^^^^^^^^^^^^^^^^\n  File ""src/aiconfigurator/sdk/predict.py"", line 91, in predict_disagg_worker\n    summary = (predictor or DEFAULT_PREDICTOR).predict_disagg_worker(\n              ^^^^^^^^^^^^^^^^^^^^^^^^^^^^^^^^^^^^^^^^^^^^^^^^^^^^^^^\n  File ""src/aiconfigurator/sdk/predictor.py"", line 139, in predict_disagg_worker\n    return backend.run_static(\n           ^^^^^^^^^^^^^^^^^^^\n  File ""aic-core/src/aiconfigurator_core/sdk/backends/base_backend.py"", line 685, in run_static\n    ) = self._run_static_breakdown(\n        ^^^^^^^^^^^^^^^^^^^^^^^^^^^\n  File ""aic-core/src/aiconfigurator_core/sdk/backends/base_backend.py"", line 503, in _run_static_breakdown\n    context_latency_dict, context_energy_wms_dict, context_source_dict = self._run_context_phase(\n                                                                         ^^^^^^^^^^^^^^^^^^^^^^^^\n  File ""aic-core/src/aiconfigurator_core/sdk/backends/base_backend.py"", line 338, in _run_context_phase\n    result = op.query(\n             ^^^^^^^^^\n  File ""aic-core/src/aiconfigurator_core/sdk/operations/dsv4.py"", line 518, in query\n    result = database.query_mhc_module(\n             ^^^^^^^^^^^^^^^^^^^^^^^^^^\n  File ""aic-core/src/aiconfigurator_core/sdk/perf_database.py"", line 3307, in query_mhc_module\n    return DeepSeekV4MHCModule._query_mhc_table(\n           ^^^^^^^^^^^^^^^^^^^^^^^^^^^^^^^^^^^^^\n  File ""aic-core/src/aiconfigurator_core/sdk/operations/dsv4.py"", line 503, in _query_mhc_table\n    return database._query_silicon_or_hybrid(\n           ^^^^^^^^^^^^^^^^^^^^^^^^^^^^^^^^^^\n  File ""aic-core/src/aiconfigurator_core/sdk/perf_database.py"", line 2543, in _query_silicon_or_hybrid\n    return get_silicon()\n           ^^^^^^^^^^^^^\n  File ""aic-core/src/aiconfigurator_core/sdk/operations/dsv4.py"", line 456, in get_silicon\n    raise PerfDataNotAvailableError(\naiconfigurator_core.sdk.errors.PerfDataNotAvailableError: DeepSeek-V4 mHC module data not loaded for system='gb300', backend='trtllm', version='1.3.0rc20'. Failed to query DeepSeek-V4 mHC module for num_tokens=128, hidden_size=7168, hc_mult=4, sinkhorn_iters=20, op='pre'. Consider using HYBRID mode.\n\nThe above exception was the direct cause of the following exception:\n\nTraceback (most recent call last):\n  File ""tools/support_matrix/support_matrix.py"", line 925, in _attempt\n    python_pareto_df = SupportMatrix._run_mode(\n                       ^^^^^^^^^^^^^^^^^^^^^^^^\n  File ""tools/support_matrix/support_matrix.py"", line 814, in _run_mode\n    pareto_df = task.run()\n                ^^^^^^^^^^\n  File ""src/aiconfigurator/sdk/task_v2.py"", line 1607, in run\n    return sweep_disagg(\n           ^^^^^^^^^^^^^\n  File ""src/aiconfigurator/sdk/sweep.py"", line 850, in sweep_disagg\n    prefill_summary_df = _get_disagg_worker_candidates(\n                         ^^^^^^^^^^^^^^^^^^^^^^^^^^^^^^\n  File ""src/aiconfigurator/sdk/sweep.py"", line 642, in _get_disagg_worker_candidates\n    raise RuntimeError(\nRuntimeError: sweep_disagg/prefill: no results for any parallel config. Last exception: DeepSeek-V4 mHC module data not loaded for system='gb300', backend='trtllm', version='1.3.0rc20'. Failed to query DeepSeek-V4 mHC module for num_tokens=128, hidden_size=7168, hc_mult=4, sinkhorn_iters=20, op='pre'. Consider using HYBRID mode.\n",uv run aiconfigurator cli default --model-path deepseek-ai/DeepSeek-V4-Pro --total-gpus 128 --system gb300 --backend trtllm --backend-version 1.3.0rc20 --database-mode SILICON --isl 256 --osl 256 --prefix 128 --ttft 2000000.0 --tpot 50000.0 --top-n 1 --no-color,
deepseek-ai/DeepSeek-V4-Pro,DeepseekV4ForCausalLM,gb300,vllm,0.19.0,agg,FRAMEWORK_INCOMPATIBLE,"Traceback (most recent call last):\n  File ""tools/support_matrix/support_matrix.py"", line 925, in _attempt\n    python_pareto_df = SupportMatrix._run_mode(\n                       ^^^^^^^^^^^^^^^^^^^^^^^^\n  File ""tools/support_matrix/support_matrix.py"", line 814, in _run_mode\n    pareto_df = task.run()\n                ^^^^^^^^^^\n  File ""src/aiconfigurator/sdk/task_v2.py"", line 1588, in run\n    self.validate()\n  File ""src/aiconfigurator/sdk/task_v2.py"", line 1237, in validate\n    self._validate_database_quant_modes()\n  File ""src/aiconfigurator/sdk/task_v2.py"", line 1286, in _validate_database_quant_modes\n    self._check_role_against_db(""agg"", validate_context=True, validate_generation=True)\n  File ""src/aiconfigurator/sdk/task_v2.py"", line 1398, in _check_role_against_db\n    _check(""moe"", moe_mode, profile_transfer=True)\n  File ""src/aiconfigurator/sdk/task_v2.py"", line 1379, in _check\n    raise exc_type(\nValueError: Unsupported moe quant mode 'w4a8_mxfp4_mxfp8' for system='gb300', backend='vllm', version='0.19.0'. Supported moe modes: ['bfloat16', 'fp8', 'fp8_block', 'int4_wo', 'nvfp4']\n",uv run aiconfigurator cli default --model-path deepseek-ai/DeepSeek-V4-Pro --total-gpus 128 --system gb300 --backend vllm --backend-version 0.19.0 --database-mode SILICON --isl 256 --osl 256 --prefix 128 --ttft 2000000.0 --tpot 50000.0 --top-n 1 --no-color,
deepseek-ai/DeepSeek-V4-Pro,DeepseekV4ForCausalLM,gb300,vllm,0.19.0,disagg,FRAMEWORK_INCOMPATIBLE,"Traceback (most recent call last):\n  File ""tools/support_matrix/support_matrix.py"", line 925, in _attempt\n    python_pareto_df = SupportMatrix._run_mode(\n                       ^^^^^^^^^^^^^^^^^^^^^^^^\n  File ""tools/support_matrix/support_matrix.py"", line 814, in _run_mode\n    pareto_df = task.run()\n                ^^^^^^^^^^\n  File ""src/aiconfigurator/sdk/task_v2.py"", line 1588, in run\n    self.validate()\n  File ""src/aiconfigurator/sdk/task_v2.py"", line 1237, in validate\n    self._validate_database_quant_modes()\n  File ""src/aiconfigurator/sdk/task_v2.py"", line 1288, in _validate_database_quant_modes\n    self._check_role_against_db(""prefill"", validate_context=True, validate_generation=False)\n  File ""src/aiconfigurator/sdk/task_v2.py"", line 1398, in _check_role_against_db\n    _check(""moe"", moe_mode, profile_transfer=True)\n  File ""src/aiconfigurator/sdk/task_v2.py"", line 1379, in _check\n    raise exc_type(\nValueError: Unsupported moe quant mode 'w4a8_mxfp4_mxfp8' for system='gb300', backend='vllm', version='0.19.0'. Supported moe modes: ['bfloat16', 'fp8', 'fp8_block', 'int4_wo', 'nvfp4']\n",uv run aiconfigurator cli default --model-path deepseek-ai/DeepSeek-V4-Pro --total-gpus 128 --system gb300 --backend vllm --backend-version 0.19.0 --database-mode SILICON --isl 256 --osl 256 --prefix 128 --ttft 2000000.0 --tpot 50000.0 --top-n 1 --no-color,
deepseek-ai/DeepSeek-V4-Pro,DeepseekV4ForCausalLM,gb300,vllm,0.22.0,agg,PASS,,uv run aiconfigurator cli default --model-path deepseek-ai/DeepSeek-V4-Pro --total-gpus 128 --system gb300 --backend vllm --backend-version 0.22.0 --database-mode SILICON --isl 256 --osl 256 --prefix 128 --ttft 2000000.0 --tpot 50000.0 --top-n 1 --no-color,silicon
deepseek-ai/DeepSeek-V4-Pro,DeepseekV4ForCausalLM,gb300,vllm,0.22.0,disagg,PASS,,uv run aiconfigurator cli default --model-path deepseek-ai/DeepSeek-V4-Pro --total-gpus 128 --system gb300 --backend vllm --backend-version 0.22.0 --database-mode SILICON --isl 256 --osl 256 --prefix 128 --ttft 2000000.0 --tpot 50000.0 --top-n 1 --no-color,silicon
deepseek-ai/DeepSeek-V4-Pro,DeepseekV4ForCausalLM,gb300,vllm,0.24.0,agg,PASS,,uv run aiconfigurator cli default --model-path deepseek-ai/DeepSeek-V4-Pro --total-gpus 128 --system gb300 --backend vllm --backend-version 0.24.0 --database-mode SILICON --isl 256 --osl 256 --prefix 128 --ttft 2000000.0 --tpot 50000.0 --top-n 1 --no-color,silicon
deepseek-ai/DeepSeek-V4-Pro,DeepseekV4ForCausalLM,gb300,vllm,0.24.0,disagg,PASS,,uv run aiconfigurator cli default --model-path deepseek-ai/DeepSeek-V4-Pro --total-gpus 128 --system gb300 --backend vllm --backend-version 0.24.0 --database-mode SILICON --isl 256 --osl 256 --prefix 128 --ttft 2000000.0 --tpot 50000.0 --top-n 1 --no-color,silicon
google/gemma-4-26B-A4B,Gemma4ForConditionalGeneration,gb300,sglang,0.5.10,agg,HYBRID_PASS,,uv run aiconfigurator cli default --model-path google/gemma-4-26B-A4B --total-gpus 32 --system gb300 --backend sglang --backend-version 0.5.10 --database-mode HYBRID --isl 256 --osl 256 --prefix 128 --ttft 2000.0 --tpot 50.0 --top-n 1 --no-color,xshape
google/gemma-4-26B-A4B,Gemma4ForConditionalGeneration,gb300,sglang,0.5.10,disagg,HYBRID_PASS,,uv run aiconfigurator cli default --model-path google/gemma-4-26B-A4B --total-gpus 32 --system gb300 --backend sglang --backend-version 0.5.10 --database-mode HYBRID --isl 256 --osl 256 --prefix 128 --ttft 2000.0 --tpot 50.0 --top-n 1 --no-color,xshape
google/gemma-4-26B-A4B,Gemma4ForConditionalGeneration,gb300,sglang,0.5.12,agg,PASS,,uv run aiconfigurator cli default --model-path google/gemma-4-26B-A4B --total-gpus 32 --system gb300 --backend sglang --backend-version 0.5.12 --database-mode SILICON --isl 256 --osl 256 --prefix 128 --ttft 2000.0 --tpot 50.0 --top-n 1 --no-color,silicon
google/gemma-4-26B-A4B,Gemma4ForConditionalGeneration,gb300,sglang,0.5.12,disagg,PASS,,uv run aiconfigurator cli default --model-path google/gemma-4-26B-A4B --total-gpus 32 --system gb300 --backend sglang --backend-version 0.5.12 --database-mode SILICON --isl 256 --osl 256 --prefix 128 --ttft 2000.0 --tpot 50.0 --top-n 1 --no-color,silicon
google/gemma-4-26B-A4B,Gemma4ForConditionalGeneration,gb300,sglang,0.5.14,agg,PASS,,uv run aiconfigurator cli default --model-path google/gemma-4-26B-A4B --total-gpus 32 --system gb300 --backend sglang --backend-version 0.5.14 --database-mode SILICON --isl 256 --osl 256 --prefix 128 --ttft 2000.0 --tpot 50.0 --top-n 1 --no-color,silicon
google/gemma-4-26B-A4B,Gemma4ForConditionalGeneration,gb300,sglang,0.5.14,disagg,PASS,,uv run aiconfigurator cli default --model-path google/gemma-4-26B-A4B --total-gpus 32 --system gb300 --backend sglang --backend-version 0.5.14 --database-mode SILICON --isl 256 --osl 256 --prefix 128 --ttft 2000.0 --tpot 50.0 --top-n 1 --no-color,silicon
google/gemma-4-26B-A4B,Gemma4ForConditionalGeneration,gb300,sglang,0.5.9,agg,HYBRID_PASS,,uv run aiconfigurator cli default --model-path google/gemma-4-26B-A4B --total-gpus 32 --system gb300 --backend sglang --backend-version 0.5.9 --database-mode HYBRID --isl 256 --osl 256 --prefix 128 --ttft 2000.0 --tpot 50.0 --top-n 1 --no-color,xshape
google/gemma-4-26B-A4B,Gemma4ForConditionalGeneration,gb300,sglang,0.5.9,disagg,HYBRID_PASS,,uv run aiconfigurator cli default --model-path google/gemma-4-26B-A4B --total-gpus 32 --system gb300 --backend sglang --backend-version 0.5.9 --database-mode HYBRID --isl 256 --osl 256 --prefix 128 --ttft 2000.0 --tpot 50.0 --top-n 1 --no-color,xshape
google/gemma-4-26B-A4B,Gemma4ForConditionalGeneration,gb300,trtllm,1.3.0rc10,agg,HYBRID_PASS,,uv run aiconfigurator cli default --model-path google/gemma-4-26B-A4B --total-gpus 32 --system gb300 --backend trtllm --backend-version 1.3.0rc10 --database-mode HYBRID --isl 256 --osl 256 --prefix 128 --ttft 2000.0 --tpot 50.0 --top-n 1 --no-color,xshape
google/gemma-4-26B-A4B,Gemma4ForConditionalGeneration,gb300,trtllm,1.3.0rc10,disagg,HYBRID_PASS,,uv run aiconfigurator cli default --model-path google/gemma-4-26B-A4B --total-gpus 32 --system gb300 --backend trtllm --backend-version 1.3.0rc10 --database-mode HYBRID --isl 256 --osl 256 --prefix 128 --ttft 2000.0 --tpot 50.0 --top-n 1 --no-color,xshape
google/gemma-4-26B-A4B,Gemma4ForConditionalGeneration,gb300,trtllm,1.3.0rc15,agg,HYBRID_PASS,,uv run aiconfigurator cli default --model-path google/gemma-4-26B-A4B --total-gpus 32 --system gb300 --backend trtllm --backend-version 1.3.0rc15 --database-mode HYBRID --isl 256 --osl 256 --prefix 128 --ttft 2000.0 --tpot 50.0 --top-n 1 --no-color,xshape
google/gemma-4-26B-A4B,Gemma4ForConditionalGeneration,gb300,trtllm,1.3.0rc15,disagg,HYBRID_PASS,,uv run aiconfigurator cli default --model-path google/gemma-4-26B-A4B --total-gpus 32 --system gb300 --backend trtllm --backend-version 1.3.0rc15 --database-mode HYBRID --isl 256 --osl 256 --prefix 128 --ttft 2000.0 --tpot 50.0 --top-n 1 --no-color,xshape
google/gemma-4-26B-A4B,Gemma4ForConditionalGeneration,gb300,trtllm,1.3.0rc20,agg,PASS,,uv run aiconfigurator cli default --model-path google/gemma-4-26B-A4B --total-gpus 32 --system gb300 --backend trtllm --backend-version 1.3.0rc20 --database-mode SILICON --isl 256 --osl 256 --prefix 128 --ttft 2000.0 --tpot 50.0 --top-n 1 --no-color,silicon
google/gemma-4-26B-A4B,Gemma4ForConditionalGeneration,gb300,trtllm,1.3.0rc20,disagg,PASS,,uv run aiconfigurator cli default --model-path google/gemma-4-26B-A4B --total-gpus 32 --system gb300 --backend trtllm --backend-version 1.3.0rc20 --database-mode SILICON --isl 256 --osl 256 --prefix 128 --ttft 2000.0 --tpot 50.0 --top-n 1 --no-color,silicon
google/gemma-4-26B-A4B,Gemma4ForConditionalGeneration,gb300,vllm,0.19.0,agg,HYBRID_PASS,,uv run aiconfigurator cli default --model-path google/gemma-4-26B-A4B --total-gpus 32 --system gb300 --backend vllm --backend-version 0.19.0 --database-mode HYBRID --isl 256 --osl 256 --prefix 128 --ttft 2000.0 --tpot 50.0 --top-n 1 --no-color,xshape
google/gemma-4-26B-A4B,Gemma4ForConditionalGeneration,gb300,vllm,0.19.0,disagg,HYBRID_PASS,,uv run aiconfigurator cli default --model-path google/gemma-4-26B-A4B --total-gpus 32 --system gb300 --backend vllm --backend-version 0.19.0 --database-mode HYBRID --isl 256 --osl 256 --prefix 128 --ttft 2000.0 --tpot 50.0 --top-n 1 --no-color,xshape
google/gemma-4-26B-A4B,Gemma4ForConditionalGeneration,gb300,vllm,0.22.0,agg,PASS,,uv run aiconfigurator cli default --model-path google/gemma-4-26B-A4B --total-gpus 32 --system gb300 --backend vllm --backend-version 0.22.0 --database-mode SILICON --isl 256 --osl 256 --prefix 128 --ttft 2000.0 --tpot 50.0 --top-n 1 --no-color,silicon
google/gemma-4-26B-A4B,Gemma4ForConditionalGeneration,gb300,vllm,0.22.0,disagg,PASS,,uv run aiconfigurator cli default --model-path google/gemma-4-26B-A4B --total-gpus 32 --system gb300 --backend vllm --backend-version 0.22.0 --database-mode SILICON --isl 256 --osl 256 --prefix 128 --ttft 2000.0 --tpot 50.0 --top-n 1 --no-color,silicon
google/gemma-4-26B-A4B,Gemma4ForConditionalGeneration,gb300,vllm,0.24.0,agg,PASS,,uv run aiconfigurator cli default --model-path google/gemma-4-26B-A4B --total-gpus 32 --system gb300 --backend vllm --backend-version 0.24.0 --database-mode SILICON --isl 256 --osl 256 --prefix 128 --ttft 2000.0 --tpot 50.0 --top-n 1 --no-color,silicon
google/gemma-4-26B-A4B,Gemma4ForConditionalGeneration,gb300,vllm,0.24.0,disagg,PASS,,uv run aiconfigurator cli default --model-path google/gemma-4-26B-A4B --total-gpus 32 --system gb300 --backend vllm --backend-version 0.24.0 --database-mode SILICON --isl 256 --osl 256 --prefix 128 --ttft 2000.0 --tpot 50.0 --top-n 1 --no-color,silicon
meta-llama/Llama-4-Maverick-17B-128E-Instruct,Llama4ForConditionalGeneration,gb300,sglang,0.5.10,agg,HYBRID_PASS,,uv run aiconfigurator cli default --model-path meta-llama/Llama-4-Maverick-17B-128E-Instruct --total-gpus 128 --system gb300 --backend sglang --backend-version 0.5.10 --database-mode HYBRID --isl 256 --osl 256 --prefix 128 --ttft 2000000.0 --tpot 50000.0 --top-n 1 --no-color,xshape
meta-llama/Llama-4-Maverick-17B-128E-Instruct,Llama4ForConditionalGeneration,gb300,sglang,0.5.10,disagg,HYBRID_PASS,,uv run aiconfigurator cli default --model-path meta-llama/Llama-4-Maverick-17B-128E-Instruct --total-gpus 128 --system gb300 --backend sglang --backend-version 0.5.10 --database-mode HYBRID --isl 256 --osl 256 --prefix 128 --ttft 2000000.0 --tpot 50000.0 --top-n 1 --no-color,xshape
meta-llama/Llama-4-Maverick-17B-128E-Instruct,Llama4ForConditionalGeneration,gb300,sglang,0.5.12,agg,PASS,,uv run aiconfigurator cli default --model-path meta-llama/Llama-4-Maverick-17B-128E-Instruct --total-gpus 128 --system gb300 --backend sglang --backend-version 0.5.12 --database-mode SILICON --isl 256 --osl 256 --prefix 128 --ttft 2000000.0 --tpot 50000.0 --top-n 1 --no-color,silicon
meta-llama/Llama-4-Maverick-17B-128E-Instruct,Llama4ForConditionalGeneration,gb300,sglang,0.5.12,disagg,PASS,,uv run aiconfigurator cli default --model-path meta-llama/Llama-4-Maverick-17B-128E-Instruct --total-gpus 128 --system gb300 --backend sglang --backend-version 0.5.12 --database-mode SILICON --isl 256 --osl 256 --prefix 128 --ttft 2000000.0 --tpot 50000.0 --top-n 1 --no-color,silicon
meta-llama/Llama-4-Maverick-17B-128E-Instruct,Llama4ForConditionalGeneration,gb300,sglang,0.5.14,agg,PASS,,uv run aiconfigurator cli default --model-path meta-llama/Llama-4-Maverick-17B-128E-Instruct --total-gpus 128 --system gb300 --backend sglang --backend-version 0.5.14 --database-mode SILICON --isl 256 --osl 256 --prefix 128 --ttft 2000000.0 --tpot 50000.0 --top-n 1 --no-color,silicon
meta-llama/Llama-4-Maverick-17B-128E-Instruct,Llama4ForConditionalGeneration,gb300,sglang,0.5.14,disagg,PASS,,uv run aiconfigurator cli default --model-path meta-llama/Llama-4-Maverick-17B-128E-Instruct --total-gpus 128 --system gb300 --backend sglang --backend-version 0.5.14 --database-mode SILICON --isl 256 --osl 256 --prefix 128 --ttft 2000000.0 --tpot 50000.0 --top-n 1 --no-color,silicon
meta-llama/Llama-4-Maverick-17B-128E-Instruct,Llama4ForConditionalGeneration,gb300,sglang,0.5.9,agg,HYBRID_PASS,,uv run aiconfigurator cli default --model-path meta-llama/Llama-4-Maverick-17B-128E-Instruct --total-gpus 128 --system gb300 --backend sglang --backend-version 0.5.9 --database-mode HYBRID --isl 256 --osl 256 --prefix 128 --ttft 2000000.0 --tpot 50000.0 --top-n 1 --no-color,xshape
meta-llama/Llama-4-Maverick-17B-128E-Instruct,Llama4ForConditionalGeneration,gb300,sglang,0.5.9,disagg,HYBRID_PASS,,uv run aiconfigurator cli default --model-path meta-llama/Llama-4-Maverick-17B-128E-Instruct --total-gpus 128 --system gb300 --backend sglang --backend-version 0.5.9 --database-mode HYBRID --isl 256 --osl 256 --prefix 128 --ttft 2000000.0 --tpot 50000.0 --top-n 1 --no-color,xshape
meta-llama/Llama-4-Maverick-17B-128E-Instruct,Llama4ForConditionalGeneration,gb300,trtllm,1.3.0rc10,agg,HYBRID_PASS,,uv run aiconfigurator cli default --model-path meta-llama/Llama-4-Maverick-17B-128E-Instruct --total-gpus 128 --system gb300 --backend trtllm --backend-version 1.3.0rc10 --database-mode HYBRID --isl 256 --osl 256 --prefix 128 --ttft 2000000.0 --tpot 50000.0 --top-n 1 --no-color,xshape
meta-llama/Llama-4-Maverick-17B-128E-Instruct,Llama4ForConditionalGeneration,gb300,trtllm,1.3.0rc10,disagg,HYBRID_PASS,,uv run aiconfigurator cli default --model-path meta-llama/Llama-4-Maverick-17B-128E-Instruct --total-gpus 128 --system gb300 --backend trtllm --backend-version 1.3.0rc10 --database-mode HYBRID --isl 256 --osl 256 --prefix 128 --ttft 2000000.0 --tpot 50000.0 --top-n 1 --no-color,xshape
meta-llama/Llama-4-Maverick-17B-128E-Instruct,Llama4ForConditionalGeneration,gb300,trtllm,1.3.0rc15,agg,HYBRID_PASS,,uv run aiconfigurator cli default --model-path meta-llama/Llama-4-Maverick-17B-128E-Instruct --total-gpus 128 --system gb300 --backend trtllm --backend-version 1.3.0rc15 --database-mode HYBRID --isl 256 --osl 256 --prefix 128 --ttft 2000000.0 --tpot 50000.0 --top-n 1 --no-color,xshape
meta-llama/Llama-4-Maverick-17B-128E-Instruct,Llama4ForConditionalGeneration,gb300,trtllm,1.3.0rc15,disagg,HYBRID_PASS,,uv run aiconfigurator cli default --model-path meta-llama/Llama-4-Maverick-17B-128E-Instruct --total-gpus 128 --system gb300 --backend trtllm --backend-version 1.3.0rc15 --database-mode HYBRID --isl 256 --osl 256 --prefix 128 --ttft 2000000.0 --tpot 50000.0 --top-n 1 --no-color,xshape
meta-llama/Llama-4-Maverick-17B-128E-Instruct,Llama4ForConditionalGeneration,gb300,trtllm,1.3.0rc20,agg,PASS,,uv run aiconfigurator cli default --model-path meta-llama/Llama-4-Maverick-17B-128E-Instruct --total-gpus 128 --system gb300 --backend trtllm --backend-version 1.3.0rc20 --database-mode SILICON --isl 256 --osl 256 --prefix 128 --ttft 2000000.0 --tpot 50000.0 --top-n 1 --no-color,silicon
meta-llama/Llama-4-Maverick-17B-128E-Instruct,Llama4ForConditionalGeneration,gb300,trtllm,1.3.0rc20,disagg,PASS,,uv run aiconfigurator cli default --model-path meta-llama/Llama-4-Maverick-17B-128E-Instruct --total-gpus 128 --system gb300 --backend trtllm --backend-version 1.3.0rc20 --database-mode SILICON --isl 256 --osl 256 --prefix 128 --ttft 2000000.0 --tpot 50000.0 --top-n 1 --no-color,silicon
meta-llama/Llama-4-Maverick-17B-128E-Instruct,Llama4ForConditionalGeneration,gb300,vllm,0.19.0,agg,HYBRID_PASS,,uv run aiconfigurator cli default --model-path meta-llama/Llama-4-Maverick-17B-128E-Instruct --total-gpus 128 --system gb300 --backend vllm --backend-version 0.19.0 --database-mode HYBRID --isl 256 --osl 256 --prefix 128 --ttft 2000000.0 --tpot 50000.0 --top-n 1 --no-color,xshape
meta-llama/Llama-4-Maverick-17B-128E-Instruct,Llama4ForConditionalGeneration,gb300,vllm,0.19.0,disagg,HYBRID_PASS,,uv run aiconfigurator cli default --model-path meta-llama/Llama-4-Maverick-17B-128E-Instruct --total-gpus 128 --system gb300 --backend vllm --backend-version 0.19.0 --database-mode HYBRID --isl 256 --osl 256 --prefix 128 --ttft 2000000.0 --tpot 50000.0 --top-n 1 --no-color,xshape
meta-llama/Llama-4-Maverick-17B-128E-Instruct,Llama4ForConditionalGeneration,gb300,vllm,0.22.0,agg,PASS,,uv run aiconfigurator cli default --model-path meta-llama/Llama-4-Maverick-17B-128E-Instruct --total-gpus 128 --system gb300 --backend vllm --backend-version 0.22.0 --database-mode SILICON --isl 256 --osl 256 --prefix 128 --ttft 2000000.0 --tpot 50000.0 --top-n 1 --no-color,silicon
meta-llama/Llama-4-Maverick-17B-128E-Instruct,Llama4ForConditionalGeneration,gb300,vllm,0.22.0,disagg,PASS,,uv run aiconfigurator cli default --model-path meta-llama/Llama-4-Maverick-17B-128E-Instruct --total-gpus 128 --system gb300 --backend vllm --backend-version 0.22.0 --database-mode SILICON --isl 256 --osl 256 --prefix 128 --ttft 2000000.0 --tpot 50000.0 --top-n 1 --no-color,silicon
meta-llama/Llama-4-Maverick-17B-128E-Instruct,Llama4ForConditionalGeneration,gb300,vllm,0.24.0,agg,PASS,,uv run aiconfigurator cli default --model-path meta-llama/Llama-4-Maverick-17B-128E-Instruct --total-gpus 128 --system gb300 --backend vllm --backend-version 0.24.0 --database-mode SILICON --isl 256 --osl 256 --prefix 128 --ttft 2000000.0 --tpot 50000.0 --top-n 1 --no-color,silicon
meta-llama/Llama-4-Maverick-17B-128E-Instruct,Llama4ForConditionalGeneration,gb300,vllm,0.24.0,disagg,PASS,,uv run aiconfigurator cli default --model-path meta-llama/Llama-4-Maverick-17B-128E-Instruct --total-gpus 128 --system gb300 --backend vllm --backend-version 0.24.0 --database-mode SILICON --isl 256 --osl 256 --prefix 128 --ttft 2000000.0 --tpot 50000.0 --top-n 1 --no-color,silicon
meta-llama/Llama-4-Scout-17B-16E-Instruct,Llama4ForConditionalGeneration,gb300,sglang,0.5.10,agg,HYBRID_PASS,,uv run aiconfigurator cli default --model-path meta-llama/Llama-4-Scout-17B-16E-Instruct --total-gpus 128 --system gb300 --backend sglang --backend-version 0.5.10 --database-mode HYBRID --isl 256 --osl 256 --prefix 128 --ttft 2000000.0 --tpot 50000.0 --top-n 1 --no-color,xshape
meta-llama/Llama-4-Scout-17B-16E-Instruct,Llama4ForConditionalGeneration,gb300,sglang,0.5.10,disagg,HYBRID_PASS,,uv run aiconfigurator cli default --model-path meta-llama/Llama-4-Scout-17B-16E-Instruct --total-gpus 128 --system gb300 --backend sglang --backend-version 0.5.10 --database-mode HYBRID --isl 256 --osl 256 --prefix 128 --ttft 2000000.0 --tpot 50000.0 --top-n 1 --no-color,xshape
meta-llama/Llama-4-Scout-17B-16E-Instruct,Llama4ForConditionalGeneration,gb300,sglang,0.5.12,agg,PASS,,uv run aiconfigurator cli default --model-path meta-llama/Llama-4-Scout-17B-16E-Instruct --total-gpus 128 --system gb300 --backend sglang --backend-version 0.5.12 --database-mode SILICON --isl 256 --osl 256 --prefix 128 --ttft 2000000.0 --tpot 50000.0 --top-n 1 --no-color,silicon
meta-llama/Llama-4-Scout-17B-16E-Instruct,Llama4ForConditionalGeneration,gb300,sglang,0.5.12,disagg,PASS,,uv run aiconfigurator cli default --model-path meta-llama/Llama-4-Scout-17B-16E-Instruct --total-gpus 128 --system gb300 --backend sglang --backend-version 0.5.12 --database-mode SILICON --isl 256 --osl 256 --prefix 128 --ttft 2000000.0 --tpot 50000.0 --top-n 1 --no-color,silicon
meta-llama/Llama-4-Scout-17B-16E-Instruct,Llama4ForConditionalGeneration,gb300,sglang,0.5.14,agg,PASS,,uv run aiconfigurator cli default --model-path meta-llama/Llama-4-Scout-17B-16E-Instruct --total-gpus 128 --system gb300 --backend sglang --backend-version 0.5.14 --database-mode SILICON --isl 256 --osl 256 --prefix 128 --ttft 2000000.0 --tpot 50000.0 --top-n 1 --no-color,silicon
meta-llama/Llama-4-Scout-17B-16E-Instruct,Llama4ForConditionalGeneration,gb300,sglang,0.5.14,disagg,PASS,,uv run aiconfigurator cli default --model-path meta-llama/Llama-4-Scout-17B-16E-Instruct --total-gpus 128 --system gb300 --backend sglang --backend-version 0.5.14 --database-mode SILICON --isl 256 --osl 256 --prefix 128 --ttft 2000000.0 --tpot 50000.0 --top-n 1 --no-color,silicon
meta-llama/Llama-4-Scout-17B-16E-Instruct,Llama4ForConditionalGeneration,gb300,sglang,0.5.9,agg,HYBRID_PASS,,uv run aiconfigurator cli default --model-path meta-llama/Llama-4-Scout-17B-16E-Instruct --total-gpus 128 --system gb300 --backend sglang --backend-version 0.5.9 --database-mode HYBRID --isl 256 --osl 256 --prefix 128 --ttft 2000000.0 --tpot 50000.0 --top-n 1 --no-color,xshape
meta-llama/Llama-4-Scout-17B-16E-Instruct,Llama4ForConditionalGeneration,gb300,sglang,0.5.9,disagg,HYBRID_PASS,,uv run aiconfigurator cli default --model-path meta-llama/Llama-4-Scout-17B-16E-Instruct --total-gpus 128 --system gb300 --backend sglang --backend-version 0.5.9 --database-mode HYBRID --isl 256 --osl 256 --prefix 128 --ttft 2000000.0 --tpot 50000.0 --top-n 1 --no-color,xshape
meta-llama/Llama-4-Scout-17B-16E-Instruct,Llama4ForConditionalGeneration,gb300,trtllm,1.3.0rc10,agg,HYBRID_PASS,,uv run aiconfigurator cli default --model-path meta-llama/Llama-4-Scout-17B-16E-Instruct --total-gpus 128 --system gb300 --backend trtllm --backend-version 1.3.0rc10 --database-mode HYBRID --isl 256 --osl 256 --prefix 128 --ttft 2000000.0 --tpot 50000.0 --top-n 1 --no-color,xshape
meta-llama/Llama-4-Scout-17B-16E-Instruct,Llama4ForConditionalGeneration,gb300,trtllm,1.3.0rc10,disagg,HYBRID_PASS,,uv run aiconfigurator cli default --model-path meta-llama/Llama-4-Scout-17B-16E-Instruct --total-gpus 128 --system gb300 --backend trtllm --backend-version 1.3.0rc10 --database-mode HYBRID --isl 256 --osl 256 --prefix 128 --ttft 2000000.0 --tpot 50000.0 --top-n 1 --no-color,xshape
meta-llama/Llama-4-Scout-17B-16E-Instruct,Llama4ForConditionalGeneration,gb300,trtllm,1.3.0rc15,agg,HYBRID_PASS,,uv run aiconfigurator cli default --model-path meta-llama/Llama-4-Scout-17B-16E-Instruct --total-gpus 128 --system gb300 --backend trtllm --backend-version 1.3.0rc15 --database-mode HYBRID --isl 256 --osl 256 --prefix 128 --ttft 2000000.0 --tpot 50000.0 --top-n 1 --no-color,xshape
meta-llama/Llama-4-Scout-17B-16E-Instruct,Llama4ForConditionalGeneration,gb300,trtllm,1.3.0rc15,disagg,HYBRID_PASS,,uv run aiconfigurator cli default --model-path meta-llama/Llama-4-Scout-17B-16E-Instruct --total-gpus 128 --system gb300 --backend trtllm --backend-version 1.3.0rc15 --database-mode HYBRID --isl 256 --osl 256 --prefix 128 --ttft 2000000.0 --tpot 50000.0 --top-n 1 --no-color,xshape
meta-llama/Llama-4-Scout-17B-16E-Instruct,Llama4ForConditionalGeneration,gb300,trtllm,1.3.0rc20,agg,PASS,,uv run aiconfigurator cli default --model-path meta-llama/Llama-4-Scout-17B-16E-Instruct --total-gpus 128 --system gb300 --backend trtllm --backend-version 1.3.0rc20 --database-mode SILICON --isl 256 --osl 256 --prefix 128 --ttft 2000000.0 --tpot 50000.0 --top-n 1 --no-color,silicon
meta-llama/Llama-4-Scout-17B-16E-Instruct,Llama4ForConditionalGeneration,gb300,trtllm,1.3.0rc20,disagg,PASS,,uv run aiconfigurator cli default --model-path meta-llama/Llama-4-Scout-17B-16E-Instruct --total-gpus 128 --system gb300 --backend trtllm --backend-version 1.3.0rc20 --database-mode SILICON --isl 256 --osl 256 --prefix 128 --ttft 2000000.0 --tpot 50000.0 --top-n 1 --no-color,silicon
meta-llama/Llama-4-Scout-17B-16E-Instruct,Llama4ForConditionalGeneration,gb300,vllm,0.19.0,agg,HYBRID_PASS,,uv run aiconfigurator cli default --model-path meta-llama/Llama-4-Scout-17B-16E-Instruct --total-gpus 128 --system gb300 --backend vllm --backend-version 0.19.0 --database-mode HYBRID --isl 256 --osl 256 --prefix 128 --ttft 2000000.0 --tpot 50000.0 --top-n 1 --no-color,xshape
meta-llama/Llama-4-Scout-17B-16E-Instruct,Llama4ForConditionalGeneration,gb300,vllm,0.19.0,disagg,HYBRID_PASS,,uv run aiconfigurator cli default --model-path meta-llama/Llama-4-Scout-17B-16E-Instruct --total-gpus 128 --system gb300 --backend vllm --backend-version 0.19.0 --database-mode HYBRID --isl 256 --osl 256 --prefix 128 --ttft 2000000.0 --tpot 50000.0 --top-n 1 --no-color,xshape
meta-llama/Llama-4-Scout-17B-16E-Instruct,Llama4ForConditionalGeneration,gb300,vllm,0.22.0,agg,PASS,,uv run aiconfigurator cli default --model-path meta-llama/Llama-4-Scout-17B-16E-Instruct --total-gpus 128 --system gb300 --backend vllm --backend-version 0.22.0 --database-mode SILICON --isl 256 --osl 256 --prefix 128 --ttft 2000000.0 --tpot 50000.0 --top-n 1 --no-color,silicon
meta-llama/Llama-4-Scout-17B-16E-Instruct,Llama4ForConditionalGeneration,gb300,vllm,0.22.0,disagg,PASS,,uv run aiconfigurator cli default --model-path meta-llama/Llama-4-Scout-17B-16E-Instruct --total-gpus 128 --system gb300 --backend vllm --backend-version 0.22.0 --database-mode SILICON --isl 256 --osl 256 --prefix 128 --ttft 2000000.0 --tpot 50000.0 --top-n 1 --no-color,silicon
meta-llama/Llama-4-Scout-17B-16E-Instruct,Llama4ForConditionalGeneration,gb300,vllm,0.24.0,agg,PASS,,uv run aiconfigurator cli default --model-path meta-llama/Llama-4-Scout-17B-16E-Instruct --total-gpus 128 --system gb300 --backend vllm --backend-version 0.24.0 --database-mode SILICON --isl 256 --osl 256 --prefix 128 --ttft 2000000.0 --tpot 50000.0 --top-n 1 --no-color,silicon
meta-llama/Llama-4-Scout-17B-16E-Instruct,Llama4ForConditionalGeneration,gb300,vllm,0.24.0,disagg,PASS,,uv run aiconfigurator cli default --model-path meta-llama/Llama-4-Scout-17B-16E-Instruct --total-gpus 128 --system gb300 --backend vllm --backend-version 0.24.0 --database-mode SILICON --isl 256 --osl 256 --prefix 128 --ttft 2000000.0 --tpot 50000.0 --top-n 1 --no-color,silicon
meta-llama/Meta-Llama-3.1-405B,LlamaForCausalLM,gb300,sglang,0.5.10,agg,PASS,,uv run aiconfigurator cli default --model-path meta-llama/Meta-Llama-3.1-405B --total-gpus 128 --system gb300 --backend sglang --backend-version 0.5.10 --database-mode SILICON --isl 256 --osl 256 --prefix 128 --ttft 2000000.0 --tpot 50000.0 --top-n 1 --no-color,silicon
meta-llama/Meta-Llama-3.1-405B,LlamaForCausalLM,gb300,sglang,0.5.10,disagg,PASS,,uv run aiconfigurator cli default --model-path meta-llama/Meta-Llama-3.1-405B --total-gpus 128 --system gb300 --backend sglang --backend-version 0.5.10 --database-mode SILICON --isl 256 --osl 256 --prefix 128 --ttft 2000000.0 --tpot 50000.0 --top-n 1 --no-color,silicon
meta-llama/Meta-Llama-3.1-405B,LlamaForCausalLM,gb300,sglang,0.5.12,agg,PASS,,uv run aiconfigurator cli default --model-path meta-llama/Meta-Llama-3.1-405B --total-gpus 128 --system gb300 --backend sglang --backend-version 0.5.12 --database-mode SILICON --isl 256 --osl 256 --prefix 128 --ttft 2000000.0 --tpot 50000.0 --top-n 1 --no-color,silicon
meta-llama/Meta-Llama-3.1-405B,LlamaForCausalLM,gb300,sglang,0.5.12,disagg,PASS,,uv run aiconfigurator cli default --model-path meta-llama/Meta-Llama-3.1-405B --total-gpus 128 --system gb300 --backend sglang --backend-version 0.5.12 --database-mode SILICON --isl 256 --osl 256 --prefix 128 --ttft 2000000.0 --tpot 50000.0 --top-n 1 --no-color,silicon
meta-llama/Meta-Llama-3.1-405B,LlamaForCausalLM,gb300,sglang,0.5.14,agg,PASS,,uv run aiconfigurator cli default --model-path meta-llama/Meta-Llama-3.1-405B --total-gpus 128 --system gb300 --backend sglang --backend-version 0.5.14 --database-mode SILICON --isl 256 --osl 256 --prefix 128 --ttft 2000000.0 --tpot 50000.0 --top-n 1 --no-color,silicon
meta-llama/Meta-Llama-3.1-405B,LlamaForCausalLM,gb300,sglang,0.5.14,disagg,PASS,,uv run aiconfigurator cli default --model-path meta-llama/Meta-Llama-3.1-405B --total-gpus 128 --system gb300 --backend sglang --backend-version 0.5.14 --database-mode SILICON --isl 256 --osl 256 --prefix 128 --ttft 2000000.0 --tpot 50000.0 --top-n 1 --no-color,silicon
meta-llama/Meta-Llama-3.1-405B,LlamaForCausalLM,gb300,sglang,0.5.9,agg,PASS,,uv run aiconfigurator cli default --model-path meta-llama/Meta-Llama-3.1-405B --total-gpus 128 --system gb300 --backend sglang --backend-version 0.5.9 --database-mode SILICON --isl 256 --osl 256 --prefix 128 --ttft 2000000.0 --tpot 50000.0 --top-n 1 --no-color,silicon
meta-llama/Meta-Llama-3.1-405B,LlamaForCausalLM,gb300,sglang,0.5.9,disagg,PASS,,uv run aiconfigurator cli default --model-path meta-llama/Meta-Llama-3.1-405B --total-gpus 128 --system gb300 --backend sglang --backend-version 0.5.9 --database-mode SILICON --isl 256 --osl 256 --prefix 128 --ttft 2000000.0 --tpot 50000.0 --top-n 1 --no-color,silicon
meta-llama/Meta-Llama-3.1-405B,LlamaForCausalLM,gb300,trtllm,1.3.0rc10,agg,PASS,,uv run aiconfigurator cli default --model-path meta-llama/Meta-Llama-3.1-405B --total-gpus 128 --system gb300 --backend trtllm --backend-version 1.3.0rc10 --database-mode SILICON --isl 256 --osl 256 --prefix 128 --ttft 2000000.0 --tpot 50000.0 --top-n 1 --no-color,silicon
meta-llama/Meta-Llama-3.1-405B,LlamaForCausalLM,gb300,trtllm,1.3.0rc10,disagg,PASS,,uv run aiconfigurator cli default --model-path meta-llama/Meta-Llama-3.1-405B --total-gpus 128 --system gb300 --backend trtllm --backend-version 1.3.0rc10 --database-mode SILICON --isl 256 --osl 256 --prefix 128 --ttft 2000000.0 --tpot 50000.0 --top-n 1 --no-color,silicon
meta-llama/Meta-Llama-3.1-405B,LlamaForCausalLM,gb300,trtllm,1.3.0rc15,agg,PASS,,uv run aiconfigurator cli default --model-path meta-llama/Meta-Llama-3.1-405B --total-gpus 128 --system gb300 --backend trtllm --backend-version 1.3.0rc15 --database-mode SILICON --isl 256 --osl 256 --prefix 128 --ttft 2000000.0 --tpot 50000.0 --top-n 1 --no-color,silicon
meta-llama/Meta-Llama-3.1-405B,LlamaForCausalLM,gb300,trtllm,1.3.0rc15,disagg,PASS,,uv run aiconfigurator cli default --model-path meta-llama/Meta-Llama-3.1-405B --total-gpus 128 --system gb300 --backend trtllm --backend-version 1.3.0rc15 --database-mode SILICON --isl 256 --osl 256 --prefix 128 --ttft 2000000.0 --tpot 50000.0 --top-n 1 --no-color,silicon
meta-llama/Meta-Llama-3.1-405B,LlamaForCausalLM,gb300,trtllm,1.3.0rc20,agg,PASS,,uv run aiconfigurator cli default --model-path meta-llama/Meta-Llama-3.1-405B --total-gpus 128 --system gb300 --backend trtllm --backend-version 1.3.0rc20 --database-mode SILICON --isl 256 --osl 256 --prefix 128 --ttft 2000000.0 --tpot 50000.0 --top-n 1 --no-color,silicon
meta-llama/Meta-Llama-3.1-405B,LlamaForCausalLM,gb300,trtllm,1.3.0rc20,disagg,PASS,,uv run aiconfigurator cli default --model-path meta-llama/Meta-Llama-3.1-405B --total-gpus 128 --system gb300 --backend trtllm --backend-version 1.3.0rc20 --database-mode SILICON --isl 256 --osl 256 --prefix 128 --ttft 2000000.0 --tpot 50000.0 --top-n 1 --no-color,silicon
meta-llama/Meta-Llama-3.1-405B,LlamaForCausalLM,gb300,vllm,0.19.0,agg,PASS,,uv run aiconfigurator cli default --model-path meta-llama/Meta-Llama-3.1-405B --total-gpus 128 --system gb300 --backend vllm --backend-version 0.19.0 --database-mode SILICON --isl 256 --osl 256 --prefix 128 --ttft 2000000.0 --tpot 50000.0 --top-n 1 --no-color,silicon
meta-llama/Meta-Llama-3.1-405B,LlamaForCausalLM,gb300,vllm,0.19.0,disagg,PASS,,uv run aiconfigurator cli default --model-path meta-llama/Meta-Llama-3.1-405B --total-gpus 128 --system gb300 --backend vllm --backend-version 0.19.0 --database-mode SILICON --isl 256 --osl 256 --prefix 128 --ttft 2000000.0 --tpot 50000.0 --top-n 1 --no-color,silicon
meta-llama/Meta-Llama-3.1-405B,LlamaForCausalLM,gb300,vllm,0.22.0,agg,PASS,,uv run aiconfigurator cli default --model-path meta-llama/Meta-Llama-3.1-405B --total-gpus 128 --system gb300 --backend vllm --backend-version 0.22.0 --database-mode SILICON --isl 256 --osl 256 --prefix 128 --ttft 2000000.0 --tpot 50000.0 --top-n 1 --no-color,silicon
meta-llama/Meta-Llama-3.1-405B,LlamaForCausalLM,gb300,vllm,0.22.0,disagg,PASS,,uv run aiconfigurator cli default --model-path meta-llama/Meta-Llama-3.1-405B --total-gpus 128 --system gb300 --backend vllm --backend-version 0.22.0 --database-mode SILICON --isl 256 --osl 256 --prefix 128 --ttft 2000000.0 --tpot 50000.0 --top-n 1 --no-color,silicon
meta-llama/Meta-Llama-3.1-405B,LlamaForCausalLM,gb300,vllm,0.24.0,agg,PASS,,uv run aiconfigurator cli default --model-path meta-llama/Meta-Llama-3.1-405B --total-gpus 128 --system gb300 --backend vllm --backend-version 0.24.0 --database-mode SILICON --isl 256 --osl 256 --prefix 128 --ttft 2000000.0 --tpot 50000.0 --top-n 1 --no-color,silicon
meta-llama/Meta-Llama-3.1-405B,LlamaForCausalLM,gb300,vllm,0.24.0,disagg,PASS,,uv run aiconfigurator cli default --model-path meta-llama/Meta-Llama-3.1-405B --total-gpus 128 --system gb300 --backend vllm --backend-version 0.24.0 --database-mode SILICON --isl 256 --osl 256 --prefix 128 --ttft 2000000.0 --tpot 50000.0 --top-n 1 --no-color,silicon
meta-llama/Meta-Llama-3.1-70B,LlamaForCausalLM,gb300,sglang,0.5.10,agg,PASS,,uv run aiconfigurator cli default --model-path meta-llama/Meta-Llama-3.1-70B --total-gpus 32 --system gb300 --backend sglang --backend-version 0.5.10 --database-mode SILICON --isl 256 --osl 256 --prefix 128 --ttft 2000.0 --tpot 50.0 --top-n 1 --no-color,silicon
meta-llama/Meta-Llama-3.1-70B,LlamaForCausalLM,gb300,sglang,0.5.10,disagg,PASS,,uv run aiconfigurator cli default --model-path meta-llama/Meta-Llama-3.1-70B --total-gpus 32 --system gb300 --backend sglang --backend-version 0.5.10 --database-mode SILICON --isl 256 --osl 256 --prefix 128 --ttft 2000.0 --tpot 50.0 --top-n 1 --no-color,silicon
meta-llama/Meta-Llama-3.1-70B,LlamaForCausalLM,gb300,sglang,0.5.12,agg,PASS,,uv run aiconfigurator cli default --model-path meta-llama/Meta-Llama-3.1-70B --total-gpus 32 --system gb300 --backend sglang --backend-version 0.5.12 --database-mode SILICON --isl 256 --osl 256 --prefix 128 --ttft 2000.0 --tpot 50.0 --top-n 1 --no-color,silicon
meta-llama/Meta-Llama-3.1-70B,LlamaForCausalLM,gb300,sglang,0.5.12,disagg,PASS,,uv run aiconfigurator cli default --model-path meta-llama/Meta-Llama-3.1-70B --total-gpus 32 --system gb300 --backend sglang --backend-version 0.5.12 --database-mode SILICON --isl 256 --osl 256 --prefix 128 --ttft 2000.0 --tpot 50.0 --top-n 1 --no-color,silicon
meta-llama/Meta-Llama-3.1-70B,LlamaForCausalLM,gb300,sglang,0.5.14,agg,PASS,,uv run aiconfigurator cli default --model-path meta-llama/Meta-Llama-3.1-70B --total-gpus 32 --system gb300 --backend sglang --backend-version 0.5.14 --database-mode SILICON --isl 256 --osl 256 --prefix 128 --ttft 2000.0 --tpot 50.0 --top-n 1 --no-color,silicon
meta-llama/Meta-Llama-3.1-70B,LlamaForCausalLM,gb300,sglang,0.5.14,disagg,PASS,,uv run aiconfigurator cli default --model-path meta-llama/Meta-Llama-3.1-70B --total-gpus 32 --system gb300 --backend sglang --backend-version 0.5.14 --database-mode SILICON --isl 256 --osl 256 --prefix 128 --ttft 2000.0 --tpot 50.0 --top-n 1 --no-color,silicon
meta-llama/Meta-Llama-3.1-70B,LlamaForCausalLM,gb300,sglang,0.5.9,agg,PASS,,uv run aiconfigurator cli default --model-path meta-llama/Meta-Llama-3.1-70B --total-gpus 32 --system gb300 --backend sglang --backend-version 0.5.9 --database-mode SILICON --isl 256 --osl 256 --prefix 128 --ttft 2000.0 --tpot 50.0 --top-n 1 --no-color,silicon
meta-llama/Meta-Llama-3.1-70B,LlamaForCausalLM,gb300,sglang,0.5.9,disagg,PASS,,uv run aiconfigurator cli default --model-path meta-llama/Meta-Llama-3.1-70B --total-gpus 32 --system gb300 --backend sglang --backend-version 0.5.9 --database-mode SILICON --isl 256 --osl 256 --prefix 128 --ttft 2000.0 --tpot 50.0 --top-n 1 --no-color,silicon
meta-llama/Meta-Llama-3.1-70B,LlamaForCausalLM,gb300,trtllm,1.3.0rc10,agg,PASS,,uv run aiconfigurator cli default --model-path meta-llama/Meta-Llama-3.1-70B --total-gpus 32 --system gb300 --backend trtllm --backend-version 1.3.0rc10 --database-mode SILICON --isl 256 --osl 256 --prefix 128 --ttft 2000.0 --tpot 50.0 --top-n 1 --no-color,silicon
meta-llama/Meta-Llama-3.1-70B,LlamaForCausalLM,gb300,trtllm,1.3.0rc10,disagg,PASS,,uv run aiconfigurator cli default --model-path meta-llama/Meta-Llama-3.1-70B --total-gpus 32 --system gb300 --backend trtllm --backend-version 1.3.0rc10 --database-mode SILICON --isl 256 --osl 256 --prefix 128 --ttft 2000.0 --tpot 50.0 --top-n 1 --no-color,silicon
meta-llama/Meta-Llama-3.1-70B,LlamaForCausalLM,gb300,trtllm,1.3.0rc15,agg,PASS,,uv run aiconfigurator cli default --model-path meta-llama/Meta-Llama-3.1-70B --total-gpus 32 --system gb300 --backend trtllm --backend-version 1.3.0rc15 --database-mode SILICON --isl 256 --osl 256 --prefix 128 --ttft 2000.0 --tpot 50.0 --top-n 1 --no-color,silicon
meta-llama/Meta-Llama-3.1-70B,LlamaForCausalLM,gb300,trtllm,1.3.0rc15,disagg,PASS,,uv run aiconfigurator cli default --model-path meta-llama/Meta-Llama-3.1-70B --total-gpus 32 --system gb300 --backend trtllm --backend-version 1.3.0rc15 --database-mode SILICON --isl 256 --osl 256 --prefix 128 --ttft 2000.0 --tpot 50.0 --top-n 1 --no-color,silicon
meta-llama/Meta-Llama-3.1-70B,LlamaForCausalLM,gb300,trtllm,1.3.0rc20,agg,PASS,,uv run aiconfigurator cli default --model-path meta-llama/Meta-Llama-3.1-70B --total-gpus 32 --system gb300 --backend trtllm --backend-version 1.3.0rc20 --database-mode SILICON --isl 256 --osl 256 --prefix 128 --ttft 2000.0 --tpot 50.0 --top-n 1 --no-color,silicon
meta-llama/Meta-Llama-3.1-70B,LlamaForCausalLM,gb300,trtllm,1.3.0rc20,disagg,PASS,,uv run aiconfigurator cli default --model-path meta-llama/Meta-Llama-3.1-70B --total-gpus 32 --system gb300 --backend trtllm --backend-version 1.3.0rc20 --database-mode SILICON --isl 256 --osl 256 --prefix 128 --ttft 2000.0 --tpot 50.0 --top-n 1 --no-color,silicon
meta-llama/Meta-Llama-3.1-70B,LlamaForCausalLM,gb300,vllm,0.19.0,agg,PASS,,uv run aiconfigurator cli default --model-path meta-llama/Meta-Llama-3.1-70B --total-gpus 32 --system gb300 --backend vllm --backend-version 0.19.0 --database-mode SILICON --isl 256 --osl 256 --prefix 128 --ttft 2000.0 --tpot 50.0 --top-n 1 --no-color,silicon
meta-llama/Meta-Llama-3.1-70B,LlamaForCausalLM,gb300,vllm,0.19.0,disagg,PASS,,uv run aiconfigurator cli default --model-path meta-llama/Meta-Llama-3.1-70B --total-gpus 32 --system gb300 --backend vllm --backend-version 0.19.0 --database-mode SILICON --isl 256 --osl 256 --prefix 128 --ttft 2000.0 --tpot 50.0 --top-n 1 --no-color,silicon
meta-llama/Meta-Llama-3.1-70B,LlamaForCausalLM,gb300,vllm,0.22.0,agg,PASS,,uv run aiconfigurator cli default --model-path meta-llama/Meta-Llama-3.1-70B --total-gpus 32 --system gb300 --backend vllm --backend-version 0.22.0 --database-mode SILICON --isl 256 --osl 256 --prefix 128 --ttft 2000.0 --tpot 50.0 --top-n 1 --no-color,silicon
meta-llama/Meta-Llama-3.1-70B,LlamaForCausalLM,gb300,vllm,0.22.0,disagg,PASS,,uv run aiconfigurator cli default --model-path meta-llama/Meta-Llama-3.1-70B --total-gpus 32 --system gb300 --backend vllm --backend-version 0.22.0 --database-mode SILICON --isl 256 --osl 256 --prefix 128 --ttft 2000.0 --tpot 50.0 --top-n 1 --no-color,silicon
meta-llama/Meta-Llama-3.1-70B,LlamaForCausalLM,gb300,vllm,0.24.0,agg,PASS,,uv run aiconfigurator cli default --model-path meta-llama/Meta-Llama-3.1-70B --total-gpus 32 --system gb300 --backend vllm --backend-version 0.24.0 --database-mode SILICON --isl 256 --osl 256 --prefix 128 --ttft 2000.0 --tpot 50.0 --top-n 1 --no-color,silicon
meta-llama/Meta-Llama-3.1-70B,LlamaForCausalLM,gb300,vllm,0.24.0,disagg,PASS,,uv run aiconfigurator cli default --model-path meta-llama/Meta-Llama-3.1-70B --total-gpus 32 --system gb300 --backend vllm --backend-version 0.24.0 --database-mode SILICON --isl 256 --osl 256 --prefix 128 --ttft 2000.0 --tpot 50.0 --top-n 1 --no-color,silicon
meta-llama/Meta-Llama-3.1-8B,LlamaForCausalLM,gb300,sglang,0.5.10,agg,PASS,,uv run aiconfigurator cli default --model-path meta-llama/Meta-Llama-3.1-8B --total-gpus 4 --system gb300 --backend sglang --backend-version 0.5.10 --database-mode SILICON --isl 256 --osl 256 --prefix 128 --ttft 1500.0 --tpot 50.0 --top-n 1 --no-color,silicon
meta-llama/Meta-Llama-3.1-8B,LlamaForCausalLM,gb300,sglang,0.5.10,disagg,PASS,,uv run aiconfigurator cli default --model-path meta-llama/Meta-Llama-3.1-8B --total-gpus 4 --system gb300 --backend sglang --backend-version 0.5.10 --database-mode SILICON --isl 256 --osl 256 --prefix 128 --ttft 1500.0 --tpot 50.0 --top-n 1 --no-color,silicon
meta-llama/Meta-Llama-3.1-8B,LlamaForCausalLM,gb300,sglang,0.5.12,agg,PASS,,uv run aiconfigurator cli default --model-path meta-llama/Meta-Llama-3.1-8B --total-gpus 4 --system gb300 --backend sglang --backend-version 0.5.12 --database-mode SILICON --isl 256 --osl 256 --prefix 128 --ttft 1500.0 --tpot 50.0 --top-n 1 --no-color,silicon
meta-llama/Meta-Llama-3.1-8B,LlamaForCausalLM,gb300,sglang,0.5.12,disagg,PASS,,uv run aiconfigurator cli default --model-path meta-llama/Meta-Llama-3.1-8B --total-gpus 4 --system gb300 --backend sglang --backend-version 0.5.12 --database-mode SILICON --isl 256 --osl 256 --prefix 128 --ttft 1500.0 --tpot 50.0 --top-n 1 --no-color,silicon
meta-llama/Meta-Llama-3.1-8B,LlamaForCausalLM,gb300,sglang,0.5.14,agg,PASS,,uv run aiconfigurator cli default --model-path meta-llama/Meta-Llama-3.1-8B --total-gpus 4 --system gb300 --backend sglang --backend-version 0.5.14 --database-mode SILICON --isl 256 --osl 256 --prefix 128 --ttft 1500.0 --tpot 50.0 --top-n 1 --no-color,silicon
meta-llama/Meta-Llama-3.1-8B,LlamaForCausalLM,gb300,sglang,0.5.14,disagg,PASS,,uv run aiconfigurator cli default --model-path meta-llama/Meta-Llama-3.1-8B --total-gpus 4 --system gb300 --backend sglang --backend-version 0.5.14 --database-mode SILICON --isl 256 --osl 256 --prefix 128 --ttft 1500.0 --tpot 50.0 --top-n 1 --no-color,silicon
meta-llama/Meta-Llama-3.1-8B,LlamaForCausalLM,gb300,sglang,0.5.9,agg,PASS,,uv run aiconfigurator cli default --model-path meta-llama/Meta-Llama-3.1-8B --total-gpus 4 --system gb300 --backend sglang --backend-version 0.5.9 --database-mode SILICON --isl 256 --osl 256 --prefix 128 --ttft 1500.0 --tpot 50.0 --top-n 1 --no-color,silicon
meta-llama/Meta-Llama-3.1-8B,LlamaForCausalLM,gb300,sglang,0.5.9,disagg,PASS,,uv run aiconfigurator cli default --model-path meta-llama/Meta-Llama-3.1-8B --total-gpus 4 --system gb300 --backend sglang --backend-version 0.5.9 --database-mode SILICON --isl 256 --osl 256 --prefix 128 --ttft 1500.0 --tpot 50.0 --top-n 1 --no-color,silicon
meta-llama/Meta-Llama-3.1-8B,LlamaForCausalLM,gb300,trtllm,1.3.0rc10,agg,PASS,,uv run aiconfigurator cli default --model-path meta-llama/Meta-Llama-3.1-8B --total-gpus 4 --system gb300 --backend trtllm --backend-version 1.3.0rc10 --database-mode SILICON --isl 256 --osl 256 --prefix 128 --ttft 1500.0 --tpot 50.0 --top-n 1 --no-color,silicon
meta-llama/Meta-Llama-3.1-8B,LlamaForCausalLM,gb300,trtllm,1.3.0rc10,disagg,PASS,,uv run aiconfigurator cli default --model-path meta-llama/Meta-Llama-3.1-8B --total-gpus 4 --system gb300 --backend trtllm --backend-version 1.3.0rc10 --database-mode SILICON --isl 256 --osl 256 --prefix 128 --ttft 1500.0 --tpot 50.0 --top-n 1 --no-color,silicon
meta-llama/Meta-Llama-3.1-8B,LlamaForCausalLM,gb300,trtllm,1.3.0rc15,agg,PASS,,uv run aiconfigurator cli default --model-path meta-llama/Meta-Llama-3.1-8B --total-gpus 4 --system gb300 --backend trtllm --backend-version 1.3.0rc15 --database-mode SILICON --isl 256 --osl 256 --prefix 128 --ttft 1500.0 --tpot 50.0 --top-n 1 --no-color,silicon
meta-llama/Meta-Llama-3.1-8B,LlamaForCausalLM,gb300,trtllm,1.3.0rc15,disagg,PASS,,uv run aiconfigurator cli default --model-path meta-llama/Meta-Llama-3.1-8B --total-gpus 4 --system gb300 --backend trtllm --backend-version 1.3.0rc15 --database-mode SILICON --isl 256 --osl 256 --prefix 128 --ttft 1500.0 --tpot 50.0 --top-n 1 --no-color,silicon
meta-llama/Meta-Llama-3.1-8B,LlamaForCausalLM,gb300,trtllm,1.3.0rc20,agg,PASS,,uv run aiconfigurator cli default --model-path meta-llama/Meta-Llama-3.1-8B --total-gpus 4 --system gb300 --backend trtllm --backend-version 1.3.0rc20 --database-mode SILICON --isl 256 --osl 256 --prefix 128 --ttft 1500.0 --tpot 50.0 --top-n 1 --no-color,silicon
meta-llama/Meta-Llama-3.1-8B,LlamaForCausalLM,gb300,trtllm,1.3.0rc20,disagg,PASS,,uv run aiconfigurator cli default --model-path meta-llama/Meta-Llama-3.1-8B --total-gpus 4 --system gb300 --backend trtllm --backend-version 1.3.0rc20 --database-mode SILICON --isl 256 --osl 256 --prefix 128 --ttft 1500.0 --tpot 50.0 --top-n 1 --no-color,silicon
meta-llama/Meta-Llama-3.1-8B,LlamaForCausalLM,gb300,vllm,0.19.0,agg,PASS,,uv run aiconfigurator cli default --model-path meta-llama/Meta-Llama-3.1-8B --total-gpus 4 --system gb300 --backend vllm --backend-version 0.19.0 --database-mode SILICON --isl 256 --osl 256 --prefix 128 --ttft 1500.0 --tpot 50.0 --top-n 1 --no-color,silicon
meta-llama/Meta-Llama-3.1-8B,LlamaForCausalLM,gb300,vllm,0.19.0,disagg,PASS,,uv run aiconfigurator cli default --model-path meta-llama/Meta-Llama-3.1-8B --total-gpus 4 --system gb300 --backend vllm --backend-version 0.19.0 --database-mode SILICON --isl 256 --osl 256 --prefix 128 --ttft 1500.0 --tpot 50.0 --top-n 1 --no-color,silicon
meta-llama/Meta-Llama-3.1-8B,LlamaForCausalLM,gb300,vllm,0.22.0,agg,PASS,,uv run aiconfigurator cli default --model-path meta-llama/Meta-Llama-3.1-8B --total-gpus 4 --system gb300 --backend vllm --backend-version 0.22.0 --database-mode SILICON --isl 256 --osl 256 --prefix 128 --ttft 1500.0 --tpot 50.0 --top-n 1 --no-color,silicon
meta-llama/Meta-Llama-3.1-8B,LlamaForCausalLM,gb300,vllm,0.22.0,disagg,PASS,,uv run aiconfigurator cli default --model-path meta-llama/Meta-Llama-3.1-8B --total-gpus 4 --system gb300 --backend vllm --backend-version 0.22.0 --database-mode SILICON --isl 256 --osl 256 --prefix 128 --ttft 1500.0 --tpot 50.0 --top-n 1 --no-color,silicon
meta-llama/Meta-Llama-3.1-8B,LlamaForCausalLM,gb300,vllm,0.24.0,agg,PASS,,uv run aiconfigurator cli default --model-path meta-llama/Meta-Llama-3.1-8B --total-gpus 4 --system gb300 --backend vllm --backend-version 0.24.0 --database-mode SILICON --isl 256 --osl 256 --prefix 128 --ttft 1500.0 --tpot 50.0 --top-n 1 --no-color,silicon
meta-llama/Meta-Llama-3.1-8B,LlamaForCausalLM,gb300,vllm,0.24.0,disagg,PASS,,uv run aiconfigurator cli default --model-path meta-llama/Meta-Llama-3.1-8B --total-gpus 4 --system gb300 --backend vllm --backend-version 0.24.0 --database-mode SILICON --isl 256 --osl 256 --prefix 128 --ttft 1500.0 --tpot 50.0 --top-n 1 --no-color,silicon
moonshotai/Kimi-K2.5,KimiK25ForConditionalGeneration,gb300,sglang,0.5.10,agg,PASS,,uv run aiconfigurator cli default --model-path moonshotai/Kimi-K2.5 --total-gpus 128 --system gb300 --backend sglang --backend-version 0.5.10 --database-mode SILICON --isl 256 --osl 256 --prefix 128 --ttft 2000000.0 --tpot 50000.0 --top-n 1 --no-color,silicon
moonshotai/Kimi-K2.5,KimiK25ForConditionalGeneration,gb300,sglang,0.5.10,disagg,PASS,,uv run aiconfigurator cli default --model-path moonshotai/Kimi-K2.5 --total-gpus 128 --system gb300 --backend sglang --backend-version 0.5.10 --database-mode SILICON --isl 256 --osl 256 --prefix 128 --ttft 2000000.0 --tpot 50000.0 --top-n 1 --no-color,silicon
moonshotai/Kimi-K2.5,KimiK25ForConditionalGeneration,gb300,sglang,0.5.12,agg,PASS,,uv run aiconfigurator cli default --model-path moonshotai/Kimi-K2.5 --total-gpus 128 --system gb300 --backend sglang --backend-version 0.5.12 --database-mode SILICON --isl 256 --osl 256 --prefix 128 --ttft 2000000.0 --tpot 50000.0 --top-n 1 --no-color,silicon
moonshotai/Kimi-K2.5,KimiK25ForConditionalGeneration,gb300,sglang,0.5.12,disagg,PASS,,uv run aiconfigurator cli default --model-path moonshotai/Kimi-K2.5 --total-gpus 128 --system gb300 --backend sglang --backend-version 0.5.12 --database-mode SILICON --isl 256 --osl 256 --prefix 128 --ttft 2000000.0 --tpot 50000.0 --top-n 1 --no-color,silicon
moonshotai/Kimi-K2.5,KimiK25ForConditionalGeneration,gb300,sglang,0.5.14,agg,PASS,,uv run aiconfigurator cli default --model-path moonshotai/Kimi-K2.5 --total-gpus 128 --system gb300 --backend sglang --backend-version 0.5.14 --database-mode SILICON --isl 256 --osl 256 --prefix 128 --ttft 2000000.0 --tpot 50000.0 --top-n 1 --no-color,silicon
moonshotai/Kimi-K2.5,KimiK25ForConditionalGeneration,gb300,sglang,0.5.14,disagg,PASS,,uv run aiconfigurator cli default --model-path moonshotai/Kimi-K2.5 --total-gpus 128 --system gb300 --backend sglang --backend-version 0.5.14 --database-mode SILICON --isl 256 --osl 256 --prefix 128 --ttft 2000000.0 --tpot 50000.0 --top-n 1 --no-color,silicon
moonshotai/Kimi-K2.5,KimiK25ForConditionalGeneration,gb300,sglang,0.5.9,agg,PASS,,uv run aiconfigurator cli default --model-path moonshotai/Kimi-K2.5 --total-gpus 128 --system gb300 --backend sglang --backend-version 0.5.9 --database-mode SILICON --isl 256 --osl 256 --prefix 128 --ttft 2000000.0 --tpot 50000.0 --top-n 1 --no-color,silicon
moonshotai/Kimi-K2.5,KimiK25ForConditionalGeneration,gb300,sglang,0.5.9,disagg,PASS,,uv run aiconfigurator cli default --model-path moonshotai/Kimi-K2.5 --total-gpus 128 --system gb300 --backend sglang --backend-version 0.5.9 --database-mode SILICON --isl 256 --osl 256 --prefix 128 --ttft 2000000.0 --tpot 50000.0 --top-n 1 --no-color,silicon
moonshotai/Kimi-K2.5,KimiK25ForConditionalGeneration,gb300,trtllm,1.3.0rc10,agg,FAIL,"Traceback (most recent call last):\n  File ""tools/support_matrix/support_matrix.py"", line 925, in _attempt\n    python_pareto_df = SupportMatrix._run_mode(\n                       ^^^^^^^^^^^^^^^^^^^^^^^^\n  File ""tools/support_matrix/support_matrix.py"", line 814, in _run_mode\n    pareto_df = task.run()\n                ^^^^^^^^^^\n  File ""src/aiconfigurator/sdk/task_v2.py"", line 1588, in run\n    self.validate()\n  File ""src/aiconfigurator/sdk/task_v2.py"", line 1237, in validate\n    self._validate_database_quant_modes()\n  File ""src/aiconfigurator/sdk/task_v2.py"", line 1286, in _validate_database_quant_modes\n    self._check_role_against_db(""agg"", validate_context=True, validate_generation=True)\n  File ""src/aiconfigurator/sdk/task_v2.py"", line 1398, in _check_role_against_db\n    _check(""moe"", moe_mode, profile_transfer=True)\n  File ""src/aiconfigurator/sdk/task_v2.py"", line 1379, in _check\n    raise exc_type(\nValueError: Unsupported moe quant mode 'int4_wo' for system='gb300', backend='trtllm', version='1.3.0rc10'. Supported moe modes: ['bfloat16', 'fp8', 'nvfp4', 'w4a16_mxfp4', 'w4a8_mxfp4_mxfp8']\n",uv run aiconfigurator cli default --model-path moonshotai/Kimi-K2.5 --total-gpus 128 --system gb300 --backend trtllm --backend-version 1.3.0rc10 --database-mode SILICON --isl 256 --osl 256 --prefix 128 --ttft 2000000.0 --tpot 50000.0 --top-n 1 --no-color,
moonshotai/Kimi-K2.5,KimiK25ForConditionalGeneration,gb300,trtllm,1.3.0rc10,disagg,FAIL,"Traceback (most recent call last):\n  File ""tools/support_matrix/support_matrix.py"", line 925, in _attempt\n    python_pareto_df = SupportMatrix._run_mode(\n                       ^^^^^^^^^^^^^^^^^^^^^^^^\n  File ""tools/support_matrix/support_matrix.py"", line 814, in _run_mode\n    pareto_df = task.run()\n                ^^^^^^^^^^\n  File ""src/aiconfigurator/sdk/task_v2.py"", line 1588, in run\n    self.validate()\n  File ""src/aiconfigurator/sdk/task_v2.py"", line 1237, in validate\n    self._validate_database_quant_modes()\n  File ""src/aiconfigurator/sdk/task_v2.py"", line 1288, in _validate_database_quant_modes\n    self._check_role_against_db(""prefill"", validate_context=True, validate_generation=False)\n  File ""src/aiconfigurator/sdk/task_v2.py"", line 1398, in _check_role_against_db\n    _check(""moe"", moe_mode, profile_transfer=True)\n  File ""src/aiconfigurator/sdk/task_v2.py"", line 1379, in _check\n    raise exc_type(\nValueError: Unsupported moe quant mode 'int4_wo' for system='gb300', backend='trtllm', version='1.3.0rc10'. Supported moe modes: ['bfloat16', 'fp8', 'nvfp4', 'w4a16_mxfp4', 'w4a8_mxfp4_mxfp8']\n",uv run aiconfigurator cli default --model-path moonshotai/Kimi-K2.5 --total-gpus 128 --system gb300 --backend trtllm --backend-version 1.3.0rc10 --database-mode SILICON --isl 256 --osl 256 --prefix 128 --ttft 2000000.0 --tpot 50000.0 --top-n 1 --no-color,
moonshotai/Kimi-K2.5,KimiK25ForConditionalGeneration,gb300,trtllm,1.3.0rc15,agg,FAIL,"Traceback (most recent call last):\n  File ""tools/support_matrix/support_matrix.py"", line 925, in _attempt\n    python_pareto_df = SupportMatrix._run_mode(\n                       ^^^^^^^^^^^^^^^^^^^^^^^^\n  File ""tools/support_matrix/support_matrix.py"", line 814, in _run_mode\n    pareto_df = task.run()\n                ^^^^^^^^^^\n  File ""src/aiconfigurator/sdk/task_v2.py"", line 1588, in run\n    self.validate()\n  File ""src/aiconfigurator/sdk/task_v2.py"", line 1237, in validate\n    self._validate_database_quant_modes()\n  File ""src/aiconfigurator/sdk/task_v2.py"", line 1286, in _validate_database_quant_modes\n    self._check_role_against_db(""agg"", validate_context=True, validate_generation=True)\n  File ""src/aiconfigurator/sdk/task_v2.py"", line 1398, in _check_role_against_db\n    _check(""moe"", moe_mode, profile_transfer=True)\n  File ""src/aiconfigurator/sdk/task_v2.py"", line 1379, in _check\n    raise exc_type(\nValueError: Unsupported moe quant mode 'int4_wo' for system='gb300', backend='trtllm', version='1.3.0rc15'. Supported moe modes: ['bfloat16', 'fp8', 'nvfp4', 'w4a16_mxfp4', 'w4a8_mxfp4_mxfp8']\n",uv run aiconfigurator cli default --model-path moonshotai/Kimi-K2.5 --total-gpus 128 --system gb300 --backend trtllm --backend-version 1.3.0rc15 --database-mode SILICON --isl 256 --osl 256 --prefix 128 --ttft 2000000.0 --tpot 50000.0 --top-n 1 --no-color,
moonshotai/Kimi-K2.5,KimiK25ForConditionalGeneration,gb300,trtllm,1.3.0rc15,disagg,FAIL,"Traceback (most recent call last):\n  File ""tools/support_matrix/support_matrix.py"", line 925, in _attempt\n    python_pareto_df = SupportMatrix._run_mode(\n                       ^^^^^^^^^^^^^^^^^^^^^^^^\n  File ""tools/support_matrix/support_matrix.py"", line 814, in _run_mode\n    pareto_df = task.run()\n                ^^^^^^^^^^\n  File ""src/aiconfigurator/sdk/task_v2.py"", line 1588, in run\n    self.validate()\n  File ""src/aiconfigurator/sdk/task_v2.py"", line 1237, in validate\n    self._validate_database_quant_modes()\n  File ""src/aiconfigurator/sdk/task_v2.py"", line 1288, in _validate_database_quant_modes\n    self._check_role_against_db(""prefill"", validate_context=True, validate_generation=False)\n  File ""src/aiconfigurator/sdk/task_v2.py"", line 1398, in _check_role_against_db\n    _check(""moe"", moe_mode, profile_transfer=True)\n  File ""src/aiconfigurator/sdk/task_v2.py"", line 1379, in _check\n    raise exc_type(\nValueError: Unsupported moe quant mode 'int4_wo' for system='gb300', backend='trtllm', version='1.3.0rc15'. Supported moe modes: ['bfloat16', 'fp8', 'nvfp4', 'w4a16_mxfp4', 'w4a8_mxfp4_mxfp8']\n",uv run aiconfigurator cli default --model-path moonshotai/Kimi-K2.5 --total-gpus 128 --system gb300 --backend trtllm --backend-version 1.3.0rc15 --database-mode SILICON --isl 256 --osl 256 --prefix 128 --ttft 2000000.0 --tpot 50000.0 --top-n 1 --no-color,
moonshotai/Kimi-K2.5,KimiK25ForConditionalGeneration,gb300,trtllm,1.3.0rc20,agg,FAIL,"Traceback (most recent call last):\n  File ""tools/support_matrix/support_matrix.py"", line 925, in _attempt\n    python_pareto_df = SupportMatrix._run_mode(\n                       ^^^^^^^^^^^^^^^^^^^^^^^^\n  File ""tools/support_matrix/support_matrix.py"", line 814, in _run_mode\n    pareto_df = task.run()\n                ^^^^^^^^^^\n  File ""src/aiconfigurator/sdk/task_v2.py"", line 1588, in run\n    self.validate()\n  File ""src/aiconfigurator/sdk/task_v2.py"", line 1237, in validate\n    self._validate_database_quant_modes()\n  File ""src/aiconfigurator/sdk/task_v2.py"", line 1286, in _validate_database_quant_modes\n    self._check_role_against_db(""agg"", validate_context=True, validate_generation=True)\n  File ""src/aiconfigurator/sdk/task_v2.py"", line 1398, in _check_role_against_db\n    _check(""moe"", moe_mode, profile_transfer=True)\n  File ""src/aiconfigurator/sdk/task_v2.py"", line 1379, in _check\n    raise exc_type(\nValueError: Unsupported moe quant mode 'int4_wo' for system='gb300', backend='trtllm', version='1.3.0rc20'. Supported moe modes: ['bfloat16', 'fp8', 'fp8_block', 'nvfp4', 'w4a16_mxfp4', 'w4a8_mxfp4_mxfp8']\n",uv run aiconfigurator cli default --model-path moonshotai/Kimi-K2.5 --total-gpus 128 --system gb300 --backend trtllm --backend-version 1.3.0rc20 --database-mode SILICON --isl 256 --osl 256 --prefix 128 --ttft 2000000.0 --tpot 50000.0 --top-n 1 --no-color,
moonshotai/Kimi-K2.5,KimiK25ForConditionalGeneration,gb300,trtllm,1.3.0rc20,disagg,FAIL,"Traceback (most recent call last):\n  File ""tools/support_matrix/support_matrix.py"", line 925, in _attempt\n    python_pareto_df = SupportMatrix._run_mode(\n                       ^^^^^^^^^^^^^^^^^^^^^^^^\n  File ""tools/support_matrix/support_matrix.py"", line 814, in _run_mode\n    pareto_df = task.run()\n                ^^^^^^^^^^\n  File ""src/aiconfigurator/sdk/task_v2.py"", line 1588, in run\n    self.validate()\n  File ""src/aiconfigurator/sdk/task_v2.py"", line 1237, in validate\n    self._validate_database_quant_modes()\n  File ""src/aiconfigurator/sdk/task_v2.py"", line 1288, in _validate_database_quant_modes\n    self._check_role_against_db(""prefill"", validate_context=True, validate_generation=False)\n  File ""src/aiconfigurator/sdk/task_v2.py"", line 1398, in _check_role_against_db\n    _check(""moe"", moe_mode, profile_transfer=True)\n  File ""src/aiconfigurator/sdk/task_v2.py"", line 1379, in _check\n    raise exc_type(\nValueError: Unsupported moe quant mode 'int4_wo' for system='gb300', backend='trtllm', version='1.3.0rc20'. Supported moe modes: ['bfloat16', 'fp8', 'fp8_block', 'nvfp4', 'w4a16_mxfp4', 'w4a8_mxfp4_mxfp8']\n",uv run aiconfigurator cli default --model-path moonshotai/Kimi-K2.5 --total-gpus 128 --system gb300 --backend trtllm --backend-version 1.3.0rc20 --database-mode SILICON --isl 256 --osl 256 --prefix 128 --ttft 2000000.0 --tpot 50000.0 --top-n 1 --no-color,
moonshotai/Kimi-K2.5,KimiK25ForConditionalGeneration,gb300,vllm,0.19.0,agg,PASS,,uv run aiconfigurator cli default --model-path moonshotai/Kimi-K2.5 --total-gpus 128 --system gb300 --backend vllm --backend-version 0.19.0 --database-mode SILICON --isl 256 --osl 256 --prefix 128 --ttft 2000000.0 --tpot 50000.0 --top-n 1 --no-color,silicon
moonshotai/Kimi-K2.5,KimiK25ForConditionalGeneration,gb300,vllm,0.19.0,disagg,PASS,,uv run aiconfigurator cli default --model-path moonshotai/Kimi-K2.5 --total-gpus 128 --system gb300 --backend vllm --backend-version 0.19.0 --database-mode SILICON --isl 256 --osl 256 --prefix 128 --ttft 2000000.0 --tpot 50000.0 --top-n 1 --no-color,silicon
moonshotai/Kimi-K2.5,KimiK25ForConditionalGeneration,gb300,vllm,0.22.0,agg,PASS,,uv run aiconfigurator cli default --model-path moonshotai/Kimi-K2.5 --total-gpus 128 --system gb300 --backend vllm --backend-version 0.22.0 --database-mode SILICON --isl 256 --osl 256 --prefix 128 --ttft 2000000.0 --tpot 50000.0 --top-n 1 --no-color,silicon
moonshotai/Kimi-K2.5,KimiK25ForConditionalGeneration,gb300,vllm,0.22.0,disagg,PASS,,uv run aiconfigurator cli default --model-path moonshotai/Kimi-K2.5 --total-gpus 128 --system gb300 --backend vllm --backend-version 0.22.0 --database-mode SILICON --isl 256 --osl 256 --prefix 128 --ttft 2000000.0 --tpot 50000.0 --top-n 1 --no-color,silicon
moonshotai/Kimi-K2.5,KimiK25ForConditionalGeneration,gb300,vllm,0.24.0,agg,PASS,,uv run aiconfigurator cli default --model-path moonshotai/Kimi-K2.5 --total-gpus 128 --system gb300 --backend vllm --backend-version 0.24.0 --database-mode SILICON --isl 256 --osl 256 --prefix 128 --ttft 2000000.0 --tpot 50000.0 --top-n 1 --no-color,silicon
moonshotai/Kimi-K2.5,KimiK25ForConditionalGeneration,gb300,vllm,0.24.0,disagg,PASS,,uv run aiconfigurator cli default --model-path moonshotai/Kimi-K2.5 --total-gpus 128 --system gb300 --backend vllm --backend-version 0.24.0 --database-mode SILICON --isl 256 --osl 256 --prefix 128 --ttft 2000000.0 --tpot 50000.0 --top-n 1 --no-color,silicon
nvidia/DeepSeek-V3.1-NVFP4,DeepseekV3ForCausalLM,gb300,sglang,0.5.10,agg,PASS,,uv run aiconfigurator cli default --model-path nvidia/DeepSeek-V3.1-NVFP4 --total-gpus 128 --system gb300 --backend sglang --backend-version 0.5.10 --database-mode SILICON --isl 256 --osl 256 --prefix 128 --ttft 2000000.0 --tpot 50000.0 --top-n 1 --no-color,silicon
nvidia/DeepSeek-V3.1-NVFP4,DeepseekV3ForCausalLM,gb300,sglang,0.5.10,disagg,PASS,,uv run aiconfigurator cli default --model-path nvidia/DeepSeek-V3.1-NVFP4 --total-gpus 128 --system gb300 --backend sglang --backend-version 0.5.10 --database-mode SILICON --isl 256 --osl 256 --prefix 128 --ttft 2000000.0 --tpot 50000.0 --top-n 1 --no-color,silicon
nvidia/DeepSeek-V3.1-NVFP4,DeepseekV3ForCausalLM,gb300,sglang,0.5.12,agg,PASS,,uv run aiconfigurator cli default --model-path nvidia/DeepSeek-V3.1-NVFP4 --total-gpus 128 --system gb300 --backend sglang --backend-version 0.5.12 --database-mode SILICON --isl 256 --osl 256 --prefix 128 --ttft 2000000.0 --tpot 50000.0 --top-n 1 --no-color,silicon
nvidia/DeepSeek-V3.1-NVFP4,DeepseekV3ForCausalLM,gb300,sglang,0.5.12,disagg,PASS,,uv run aiconfigurator cli default --model-path nvidia/DeepSeek-V3.1-NVFP4 --total-gpus 128 --system gb300 --backend sglang --backend-version 0.5.12 --database-mode SILICON --isl 256 --osl 256 --prefix 128 --ttft 2000000.0 --tpot 50000.0 --top-n 1 --no-color,silicon
nvidia/DeepSeek-V3.1-NVFP4,DeepseekV3ForCausalLM,gb300,sglang,0.5.14,agg,PASS,,uv run aiconfigurator cli default --model-path nvidia/DeepSeek-V3.1-NVFP4 --total-gpus 128 --system gb300 --backend sglang --backend-version 0.5.14 --database-mode SILICON --isl 256 --osl 256 --prefix 128 --ttft 2000000.0 --tpot 50000.0 --top-n 1 --no-color,silicon
nvidia/DeepSeek-V3.1-NVFP4,DeepseekV3ForCausalLM,gb300,sglang,0.5.14,disagg,PASS,,uv run aiconfigurator cli default --model-path nvidia/DeepSeek-V3.1-NVFP4 --total-gpus 128 --system gb300 --backend sglang --backend-version 0.5.14 --database-mode SILICON --isl 256 --osl 256 --prefix 128 --ttft 2000000.0 --tpot 50000.0 --top-n 1 --no-color,silicon
nvidia/DeepSeek-V3.1-NVFP4,DeepseekV3ForCausalLM,gb300,sglang,0.5.9,agg,PASS,,uv run aiconfigurator cli default --model-path nvidia/DeepSeek-V3.1-NVFP4 --total-gpus 128 --system gb300 --backend sglang --backend-version 0.5.9 --database-mode SILICON --isl 256 --osl 256 --prefix 128 --ttft 2000000.0 --tpot 50000.0 --top-n 1 --no-color,silicon
nvidia/DeepSeek-V3.1-NVFP4,DeepseekV3ForCausalLM,gb300,sglang,0.5.9,disagg,PASS,,uv run aiconfigurator cli default --model-path nvidia/DeepSeek-V3.1-NVFP4 --total-gpus 128 --system gb300 --backend sglang --backend-version 0.5.9 --database-mode SILICON --isl 256 --osl 256 --prefix 128 --ttft 2000000.0 --tpot 50000.0 --top-n 1 --no-color,silicon
nvidia/DeepSeek-V3.1-NVFP4,DeepseekV3ForCausalLM,gb300,trtllm,1.3.0rc10,agg,PASS,,uv run aiconfigurator cli default --model-path nvidia/DeepSeek-V3.1-NVFP4 --total-gpus 128 --system gb300 --backend trtllm --backend-version 1.3.0rc10 --database-mode SILICON --isl 256 --osl 256 --prefix 128 --ttft 2000000.0 --tpot 50000.0 --top-n 1 --no-color,silicon
nvidia/DeepSeek-V3.1-NVFP4,DeepseekV3ForCausalLM,gb300,trtllm,1.3.0rc10,disagg,PASS,,uv run aiconfigurator cli default --model-path nvidia/DeepSeek-V3.1-NVFP4 --total-gpus 128 --system gb300 --backend trtllm --backend-version 1.3.0rc10 --database-mode SILICON --isl 256 --osl 256 --prefix 128 --ttft 2000000.0 --tpot 50000.0 --top-n 1 --no-color,silicon
nvidia/DeepSeek-V3.1-NVFP4,DeepseekV3ForCausalLM,gb300,trtllm,1.3.0rc15,agg,PASS,,uv run aiconfigurator cli default --model-path nvidia/DeepSeek-V3.1-NVFP4 --total-gpus 128 --system gb300 --backend trtllm --backend-version 1.3.0rc15 --database-mode SILICON --isl 256 --osl 256 --prefix 128 --ttft 2000000.0 --tpot 50000.0 --top-n 1 --no-color,silicon
nvidia/DeepSeek-V3.1-NVFP4,DeepseekV3ForCausalLM,gb300,trtllm,1.3.0rc15,disagg,PASS,,uv run aiconfigurator cli default --model-path nvidia/DeepSeek-V3.1-NVFP4 --total-gpus 128 --system gb300 --backend trtllm --backend-version 1.3.0rc15 --database-mode SILICON --isl 256 --osl 256 --prefix 128 --ttft 2000000.0 --tpot 50000.0 --top-n 1 --no-color,silicon
nvidia/DeepSeek-V3.1-NVFP4,DeepseekV3ForCausalLM,gb300,trtllm,1.3.0rc20,agg,PASS,,uv run aiconfigurator cli default --model-path nvidia/DeepSeek-V3.1-NVFP4 --total-gpus 128 --system gb300 --backend trtllm --backend-version 1.3.0rc20 --database-mode SILICON --isl 256 --osl 256 --prefix 128 --ttft 2000000.0 --tpot 50000.0 --top-n 1 --no-color,silicon
nvidia/DeepSeek-V3.1-NVFP4,DeepseekV3ForCausalLM,gb300,trtllm,1.3.0rc20,disagg,PASS,,uv run aiconfigurator cli default --model-path nvidia/DeepSeek-V3.1-NVFP4 --total-gpus 128 --system gb300 --backend trtllm --backend-version 1.3.0rc20 --database-mode SILICON --isl 256 --osl 256 --prefix 128 --ttft 2000000.0 --tpot 50000.0 --top-n 1 --no-color,silicon
nvidia/DeepSeek-V3.1-NVFP4,DeepseekV3ForCausalLM,gb300,vllm,0.19.0,agg,PASS,,uv run aiconfigurator cli default --model-path nvidia/DeepSeek-V3.1-NVFP4 --total-gpus 128 --system gb300 --backend vllm --backend-version 0.19.0 --database-mode SILICON --isl 256 --osl 256 --prefix 128 --ttft 2000000.0 --tpot 50000.0 --top-n 1 --no-color,silicon
nvidia/DeepSeek-V3.1-NVFP4,DeepseekV3ForCausalLM,gb300,vllm,0.19.0,disagg,PASS,,uv run aiconfigurator cli default --model-path nvidia/DeepSeek-V3.1-NVFP4 --total-gpus 128 --system gb300 --backend vllm --backend-version 0.19.0 --database-mode SILICON --isl 256 --osl 256 --prefix 128 --ttft 2000000.0 --tpot 50000.0 --top-n 1 --no-color,silicon
nvidia/DeepSeek-V3.1-NVFP4,DeepseekV3ForCausalLM,gb300,vllm,0.22.0,agg,PASS,,uv run aiconfigurator cli default --model-path nvidia/DeepSeek-V3.1-NVFP4 --total-gpus 128 --system gb300 --backend vllm --backend-version 0.22.0 --database-mode SILICON --isl 256 --osl 256 --prefix 128 --ttft 2000000.0 --tpot 50000.0 --top-n 1 --no-color,silicon
nvidia/DeepSeek-V3.1-NVFP4,DeepseekV3ForCausalLM,gb300,vllm,0.22.0,disagg,PASS,,uv run aiconfigurator cli default --model-path nvidia/DeepSeek-V3.1-NVFP4 --total-gpus 128 --system gb300 --backend vllm --backend-version 0.22.0 --database-mode SILICON --isl 256 --osl 256 --prefix 128 --ttft 2000000.0 --tpot 50000.0 --top-n 1 --no-color,silicon
nvidia/DeepSeek-V3.1-NVFP4,DeepseekV3ForCausalLM,gb300,vllm,0.24.0,agg,PASS,,uv run aiconfigurator cli default --model-path nvidia/DeepSeek-V3.1-NVFP4 --total-gpus 128 --system gb300 --backend vllm --backend-version 0.24.0 --database-mode SILICON --isl 256 --osl 256 --prefix 128 --ttft 2000000.0 --tpot 50000.0 --top-n 1 --no-color,silicon
nvidia/DeepSeek-V3.1-NVFP4,DeepseekV3ForCausalLM,gb300,vllm,0.24.0,disagg,PASS,,uv run aiconfigurator cli default --model-path nvidia/DeepSeek-V3.1-NVFP4 --total-gpus 128 --system gb300 --backend vllm --backend-version 0.24.0 --database-mode SILICON --isl 256 --osl 256 --prefix 128 --ttft 2000000.0 --tpot 50000.0 --top-n 1 --no-color,silicon
nvidia/DeepSeek-V3.2-NVFP4,DeepseekV32ForCausalLM,gb300,sglang,0.5.10,agg,FAIL,"Traceback (most recent call last):\n  File ""tools/support_matrix/support_matrix.py"", line 925, in _attempt\n    python_pareto_df = SupportMatrix._run_mode(\n                       ^^^^^^^^^^^^^^^^^^^^^^^^\n  File ""tools/support_matrix/support_matrix.py"", line 814, in _run_mode\n    pareto_df = task.run()\n                ^^^^^^^^^^\n  File ""src/aiconfigurator/sdk/task_v2.py"", line 1588, in run\n    self.validate()\n  File ""src/aiconfigurator/sdk/task_v2.py"", line 1237, in validate\n    self._validate_database_quant_modes()\n  File ""src/aiconfigurator/sdk/task_v2.py"", line 1286, in _validate_database_quant_modes\n    self._check_role_against_db(""agg"", validate_context=True, validate_generation=True)\n  File ""src/aiconfigurator/sdk/task_v2.py"", line 1402, in _check_role_against_db\n    _check(ctx_op, self._role_attr(role, ""fmha_quant_mode""))\n  File ""src/aiconfigurator/sdk/task_v2.py"", line 1379, in _check\n    raise exc_type(\nValueError: Unsupported dsa_context_module quant mode 'fp8' for system='gb300', backend='sglang', version='0.5.10'. Supported dsa_context_module modes: ['bfloat16']\n",uv run aiconfigurator cli default --model-path nvidia/DeepSeek-V3.2-NVFP4 --total-gpus 128 --system gb300 --backend sglang --backend-version 0.5.10 --database-mode SILICON --isl 256 --osl 256 --prefix 128 --ttft 2000000.0 --tpot 50000.0 --top-n 1 --no-color,
nvidia/DeepSeek-V3.2-NVFP4,DeepseekV32ForCausalLM,gb300,sglang,0.5.10,disagg,FAIL,"Traceback (most recent call last):\n  File ""tools/support_matrix/support_matrix.py"", line 925, in _attempt\n    python_pareto_df = SupportMatrix._run_mode(\n                       ^^^^^^^^^^^^^^^^^^^^^^^^\n  File ""tools/support_matrix/support_matrix.py"", line 814, in _run_mode\n    pareto_df = task.run()\n                ^^^^^^^^^^\n  File ""src/aiconfigurator/sdk/task_v2.py"", line 1588, in run\n    self.validate()\n  File ""src/aiconfigurator/sdk/task_v2.py"", line 1237, in validate\n    self._validate_database_quant_modes()\n  File ""src/aiconfigurator/sdk/task_v2.py"", line 1288, in _validate_database_quant_modes\n    self._check_role_against_db(""prefill"", validate_context=True, validate_generation=False)\n  File ""src/aiconfigurator/sdk/task_v2.py"", line 1402, in _check_role_against_db\n    _check(ctx_op, self._role_attr(role, ""fmha_quant_mode""))\n  File ""src/aiconfigurator/sdk/task_v2.py"", line 1379, in _check\n    raise exc_type(\nValueError: Unsupported dsa_context_module quant mode 'fp8' for system='gb300', backend='sglang', version='0.5.10'. Supported dsa_context_module modes: ['bfloat16']\n",uv run aiconfigurator cli default --model-path nvidia/DeepSeek-V3.2-NVFP4 --total-gpus 128 --system gb300 --backend sglang --backend-version 0.5.10 --database-mode SILICON --isl 256 --osl 256 --prefix 128 --ttft 2000000.0 --tpot 50000.0 --top-n 1 --no-color,
nvidia/DeepSeek-V3.2-NVFP4,DeepseekV32ForCausalLM,gb300,sglang,0.5.12,agg,FAIL,"Traceback (most recent call last):\n  File ""aic-core/src/aiconfigurator_core/sdk/operations/dsa.py"", line 692, in _query_context_dsa_module_table\n    dsa_dict = util_empirical.require_data_slice(\n               ^^^^^^^^^^^^^^^^^^^^^^^^^^^^^^^^^^\n  File ""aic-core/src/aiconfigurator_core/sdk/operations/util_empirical.py"", line 224, in require_data_slice\n    raise PerfDataNotAvailableError(\naiconfigurator_core.sdk.errors.PerfDataNotAvailableError: Missing silicon data for the requested lookup; requested slice (<FMHAQuantMode.bfloat16: QuantMapping(memory=2, compute=1, name='bfloat16')>, <KVCacheQuantMode.fp8: QuantMapping(memory=1, compute=0, name='fp8')>, <GEMMQuantMode.nvfp4: QuantMapping(memory=0.5625, compute=4, name='nvfp4')>) is not available.\n\nThe above exception was the direct cause of the following exception:\n\nTraceback (most recent call last):\n  File ""src/aiconfigurator/sdk/sweep.py"", line 485, in sweep_agg\n    point_df, point_saw_model_fit, point_saw_memory_fit = _sweep_one_parallel_agg(\n                                                          ^^^^^^^^^^^^^^^^^^^^^^^^\n  File ""src/aiconfigurator/sdk/sweep.py"", line 335, in _sweep_one_parallel_agg\n    summary = predict_agg_worker(\n              ^^^^^^^^^^^^^^^^^^^\n  File ""src/aiconfigurator/sdk/predict.py"", line 143, in predict_agg_worker\n    summary = (predictor or DEFAULT_PREDICTOR).predict_agg_worker(\n              ^^^^^^^^^^^^^^^^^^^^^^^^^^^^^^^^^^^^^^^^^^^^^^^^^^^^\n  File ""src/aiconfigurator/sdk/predictor.py"", line 118, in predict_agg_worker\n    return backend.run_agg(\n           ^^^^^^^^^^^^^^^^\n  File ""aic-core/src/aiconfigurator_core/sdk/backends/base_backend.py"", line 1466, in run_agg\n    mix_step_estimate = self.run_mixed(\n                        ^^^^^^^^^^^^^^^\n  File ""aic-core/src/aiconfigurator_core/sdk/backends/base_backend.py"", line 1147, in run_mixed\n    summary = self.run_static(\n              ^^^^^^^^^^^^^^^^\n  File ""aic-core/src/aiconfigurator_core/sdk/backends/base_backend.py"", line 685, in run_static\n    ) = self._run_static_breakdown(\n        ^^^^^^^^^^^^^^^^^^^^^^^^^^^\n  File ""aic-core/src/aiconfigurator_core/sdk/backends/base_backend.py"", line 503, in _run_static_breakdown\n    context_latency_dict, context_energy_wms_dict, context_source_dict = self._run_context_phase(\n                                                                         ^^^^^^^^^^^^^^^^^^^^^^^^\n  File ""aic-core/src/aiconfigurator_core/sdk/backends/base_backend.py"", line 338, in _run_context_phase\n    result = op.query(\n             ^^^^^^^^^\n  File ""aic-core/src/aiconfigurator_core/sdk/operations/dsa.py"", line 811, in query\n    full = _q(False)\n           ^^^^^^^^^\n  File ""aic-core/src/aiconfigurator_core/sdk/operations/dsa.py"", line 799, in _q\n    return database.query_context_dsa_module(\n           ^^^^^^^^^^^^^^^^^^^^^^^^^^^^^^^^^^\n  File ""aic-core/src/aiconfigurator_core/sdk/perf_database.py"", line 3197, in query_context_dsa_module\n    return ContextDSAModule._query_context_dsa_module_table(\n           ^^^^^^^^^^^^^^^^^^^^^^^^^^^^^^^^^^^^^^^^^^^^^^^^^\n  File ""aic-core/src/aiconfigurator_core/sdk/operations/dsa.py"", line 700, in _query_context_dsa_module_table\n    raise missing_context_dsa_error() from exc\naiconfigurator_core.sdk.errors.PerfDataNotAvailableError: Context DSA module data not available for system='gb300', backend='sglang', version='0.5.12', architecture='DeepseekV32ForCausalLM', fmha_quant_mode=FMHAQuantMode.bfloat16, kvcache_quant_mode=KVCacheQuantMode.fp8, gemm_quant_mode=GEMMQuantMode.nvfp4, num_heads=16, s=128.0, prefix=128.0, b=1. Missing silicon data for the requested lookup.\n\nThe above exception was the direct cause of the following exception:\n\nTraceback (most recent call last):\n  File ""tools/support_matrix/support_matrix.py"", line 925, in _attempt\n    python_pareto_df = SupportMatrix._run_mode(\n                       ^^^^^^^^^^^^^^^^^^^^^^^^\n  File ""tools/support_matrix/support_matrix.py"", line 814, in _run_mode\n    pareto_df = task.run()\n                ^^^^^^^^^^\n  File ""src/aiconfigurator/sdk/task_v2.py"", line 1595, in run\n    return sweep_agg(\n           ^^^^^^^^^^\n  File ""src/aiconfigurator/sdk/sweep.py"", line 526, in sweep_agg\n    raise RuntimeError(\nRuntimeError: sweep_agg: no results for any parallel configuration. Last exception: Context DSA module data not available for system='gb300', backend='sglang', version='0.5.12', architecture='DeepseekV32ForCausalLM', fmha_quant_mode=FMHAQuantMode.bfloat16, kvcache_quant_mode=KVCacheQuantMode.fp8, gemm_quant_mode=GEMMQuantMode.nvfp4, num_heads=16, s=128.0, prefix=128.0, b=1. Missing silicon data for the requested lookup.\n",uv run aiconfigurator cli default --model-path nvidia/DeepSeek-V3.2-NVFP4 --total-gpus 128 --system gb300 --backend sglang --backend-version 0.5.12 --database-mode SILICON --isl 256 --osl 256 --prefix 128 --ttft 2000000.0 --tpot 50000.0 --top-n 1 --no-color,
nvidia/DeepSeek-V3.2-NVFP4,DeepseekV32ForCausalLM,gb300,sglang,0.5.12,disagg,FAIL,"Traceback (most recent call last):\n  File ""aic-core/src/aiconfigurator_core/sdk/operations/dsa.py"", line 692, in _query_context_dsa_module_table\n    dsa_dict = util_empirical.require_data_slice(\n               ^^^^^^^^^^^^^^^^^^^^^^^^^^^^^^^^^^\n  File ""aic-core/src/aiconfigurator_core/sdk/operations/util_empirical.py"", line 224, in require_data_slice\n    raise PerfDataNotAvailableError(\naiconfigurator_core.sdk.errors.PerfDataNotAvailableError: Missing silicon data for the requested lookup; requested slice (<FMHAQuantMode.bfloat16: QuantMapping(memory=2, compute=1, name='bfloat16')>, <KVCacheQuantMode.fp8: QuantMapping(memory=1, compute=0, name='fp8')>, <GEMMQuantMode.nvfp4: QuantMapping(memory=0.5625, compute=4, name='nvfp4')>) is not available.\n\nThe above exception was the direct cause of the following exception:\n\nTraceback (most recent call last):\n  File ""src/aiconfigurator/sdk/sweep.py"", line 603, in _get_disagg_worker_candidates\n    summary = predict_disagg_worker(\n              ^^^^^^^^^^^^^^^^^^^^^^\n  File ""src/aiconfigurator/sdk/predict.py"", line 91, in predict_disagg_worker\n    summary = (predictor or DEFAULT_PREDICTOR).predict_disagg_worker(\n              ^^^^^^^^^^^^^^^^^^^^^^^^^^^^^^^^^^^^^^^^^^^^^^^^^^^^^^^\n  File ""src/aiconfigurator/sdk/predictor.py"", line 139, in predict_disagg_worker\n    return backend.run_static(\n           ^^^^^^^^^^^^^^^^^^^\n  File ""aic-core/src/aiconfigurator_core/sdk/backends/base_backend.py"", line 685, in run_static\n    ) = self._run_static_breakdown(\n        ^^^^^^^^^^^^^^^^^^^^^^^^^^^\n  File ""aic-core/src/aiconfigurator_core/sdk/backends/base_backend.py"", line 503, in _run_static_breakdown\n    context_latency_dict, context_energy_wms_dict, context_source_dict = self._run_context_phase(\n                                                                         ^^^^^^^^^^^^^^^^^^^^^^^^\n  File ""aic-core/src/aiconfigurator_core/sdk/backends/base_backend.py"", line 338, in _run_context_phase\n    result = op.query(\n             ^^^^^^^^^\n  File ""aic-core/src/aiconfigurator_core/sdk/operations/dsa.py"", line 811, in query\n    full = _q(False)\n           ^^^^^^^^^\n  File ""aic-core/src/aiconfigurator_core/sdk/operations/dsa.py"", line 799, in _q\n    return database.query_context_dsa_module(\n           ^^^^^^^^^^^^^^^^^^^^^^^^^^^^^^^^^^\n  File ""aic-core/src/aiconfigurator_core/sdk/perf_database.py"", line 3197, in query_context_dsa_module\n    return ContextDSAModule._query_context_dsa_module_table(\n           ^^^^^^^^^^^^^^^^^^^^^^^^^^^^^^^^^^^^^^^^^^^^^^^^^\n  File ""aic-core/src/aiconfigurator_core/sdk/operations/dsa.py"", line 700, in _query_context_dsa_module_table\n    raise missing_context_dsa_error() from exc\naiconfigurator_core.sdk.errors.PerfDataNotAvailableError: Context DSA module data not available for system='gb300', backend='sglang', version='0.5.12', architecture='DeepseekV32ForCausalLM', fmha_quant_mode=FMHAQuantMode.bfloat16, kvcache_quant_mode=KVCacheQuantMode.fp8, gemm_quant_mode=GEMMQuantMode.nvfp4, num_heads=16, s=128, prefix=128, b=1. Missing silicon data for the requested lookup.\n\nThe above exception was the direct cause of the following exception:\n\nTraceback (most recent call last):\n  File ""tools/support_matrix/support_matrix.py"", line 925, in _attempt\n    python_pareto_df = SupportMatrix._run_mode(\n                       ^^^^^^^^^^^^^^^^^^^^^^^^\n  File ""tools/support_matrix/support_matrix.py"", line 814, in _run_mode\n    pareto_df = task.run()\n                ^^^^^^^^^^\n  File ""src/aiconfigurator/sdk/task_v2.py"", line 1607, in run\n    return sweep_disagg(\n           ^^^^^^^^^^^^^\n  File ""src/aiconfigurator/sdk/sweep.py"", line 850, in sweep_disagg\n    prefill_summary_df = _get_disagg_worker_candidates(\n                         ^^^^^^^^^^^^^^^^^^^^^^^^^^^^^^\n  File ""src/aiconfigurator/sdk/sweep.py"", line 642, in _get_disagg_worker_candidates\n    raise RuntimeError(\nRuntimeError: sweep_disagg/prefill: no results for any parallel config. Last exception: Context DSA module data not available for system='gb300', backend='sglang', version='0.5.12', architecture='DeepseekV32ForCausalLM', fmha_quant_mode=FMHAQuantMode.bfloat16, kvcache_quant_mode=KVCacheQuantMode.fp8, gemm_quant_mode=GEMMQuantMode.nvfp4, num_heads=16, s=128, prefix=128, b=1. Missing silicon data for the requested lookup.\n",uv run aiconfigurator cli default --model-path nvidia/DeepSeek-V3.2-NVFP4 --total-gpus 128 --system gb300 --backend sglang --backend-version 0.5.12 --database-mode SILICON --isl 256 --osl 256 --prefix 128 --ttft 2000000.0 --tpot 50000.0 --top-n 1 --no-color,
nvidia/DeepSeek-V3.2-NVFP4,DeepseekV32ForCausalLM,gb300,sglang,0.5.14,agg,FAIL,"Traceback (most recent call last):\n  File ""aic-core/src/aiconfigurator_core/sdk/operations/dsa.py"", line 692, in _query_context_dsa_module_table\n    dsa_dict = util_empirical.require_data_slice(\n               ^^^^^^^^^^^^^^^^^^^^^^^^^^^^^^^^^^\n  File ""aic-core/src/aiconfigurator_core/sdk/operations/util_empirical.py"", line 224, in require_data_slice\n    raise PerfDataNotAvailableError(\naiconfigurator_core.sdk.errors.PerfDataNotAvailableError: Missing silicon data for the requested lookup; requested slice (<FMHAQuantMode.bfloat16: QuantMapping(memory=2, compute=1, name='bfloat16')>, <KVCacheQuantMode.fp8: QuantMapping(memory=1, compute=0, name='fp8')>, <GEMMQuantMode.nvfp4: QuantMapping(memory=0.5625, compute=4, name='nvfp4')>) is not available.\n\nThe above exception was the direct cause of the following exception:\n\nTraceback (most recent call last):\n  File ""src/aiconfigurator/sdk/sweep.py"", line 485, in sweep_agg\n    point_df, point_saw_model_fit, point_saw_memory_fit = _sweep_one_parallel_agg(\n                                                          ^^^^^^^^^^^^^^^^^^^^^^^^\n  File ""src/aiconfigurator/sdk/sweep.py"", line 335, in _sweep_one_parallel_agg\n    summary = predict_agg_worker(\n              ^^^^^^^^^^^^^^^^^^^\n  File ""src/aiconfigurator/sdk/predict.py"", line 143, in predict_agg_worker\n    summary = (predictor or DEFAULT_PREDICTOR).predict_agg_worker(\n              ^^^^^^^^^^^^^^^^^^^^^^^^^^^^^^^^^^^^^^^^^^^^^^^^^^^^\n  File ""src/aiconfigurator/sdk/predictor.py"", line 118, in predict_agg_worker\n    return backend.run_agg(\n           ^^^^^^^^^^^^^^^^\n  File ""aic-core/src/aiconfigurator_core/sdk/backends/base_backend.py"", line 1466, in run_agg\n    mix_step_estimate = self.run_mixed(\n                        ^^^^^^^^^^^^^^^\n  File ""aic-core/src/aiconfigurator_core/sdk/backends/base_backend.py"", line 1147, in run_mixed\n    summary = self.run_static(\n              ^^^^^^^^^^^^^^^^\n  File ""aic-core/src/aiconfigurator_core/sdk/backends/base_backend.py"", line 685, in run_static\n    ) = self._run_static_breakdown(\n        ^^^^^^^^^^^^^^^^^^^^^^^^^^^\n  File ""aic-core/src/aiconfigurator_core/sdk/backends/base_backend.py"", line 503, in _run_static_breakdown\n    context_latency_dict, context_energy_wms_dict, context_source_dict = self._run_context_phase(\n                                                                         ^^^^^^^^^^^^^^^^^^^^^^^^\n  File ""aic-core/src/aiconfigurator_core/sdk/backends/base_backend.py"", line 338, in _run_context_phase\n    result = op.query(\n             ^^^^^^^^^\n  File ""aic-core/src/aiconfigurator_core/sdk/operations/dsa.py"", line 811, in query\n    full = _q(False)\n           ^^^^^^^^^\n  File ""aic-core/src/aiconfigurator_core/sdk/operations/dsa.py"", line 799, in _q\n    return database.query_context_dsa_module(\n           ^^^^^^^^^^^^^^^^^^^^^^^^^^^^^^^^^^\n  File ""aic-core/src/aiconfigurator_core/sdk/perf_database.py"", line 3197, in query_context_dsa_module\n    return ContextDSAModule._query_context_dsa_module_table(\n           ^^^^^^^^^^^^^^^^^^^^^^^^^^^^^^^^^^^^^^^^^^^^^^^^^\n  File ""aic-core/src/aiconfigurator_core/sdk/operations/dsa.py"", line 700, in _query_context_dsa_module_table\n    raise missing_context_dsa_error() from exc\naiconfigurator_core.sdk.errors.PerfDataNotAvailableError: Context DSA module data not available for system='gb300', backend='sglang', version='0.5.14', architecture='DeepseekV32ForCausalLM', fmha_quant_mode=FMHAQuantMode.bfloat16, kvcache_quant_mode=KVCacheQuantMode.fp8, gemm_quant_mode=GEMMQuantMode.nvfp4, num_heads=16, s=128.0, prefix=128.0, b=1. Missing silicon data for the requested lookup.\n\nThe above exception was the direct cause of the following exception:\n\nTraceback (most recent call last):\n  File ""tools/support_matrix/support_matrix.py"", line 925, in _attempt\n    python_pareto_df = SupportMatrix._run_mode(\n                       ^^^^^^^^^^^^^^^^^^^^^^^^\n  File ""tools/support_matrix/support_matrix.py"", line 814, in _run_mode\n    pareto_df = task.run()\n                ^^^^^^^^^^\n  File ""src/aiconfigurator/sdk/task_v2.py"", line 1595, in run\n    return sweep_agg(\n           ^^^^^^^^^^\n  File ""src/aiconfigurator/sdk/sweep.py"", line 526, in sweep_agg\n    raise RuntimeError(\nRuntimeError: sweep_agg: no results for any parallel configuration. Last exception: Context DSA module data not available for system='gb300', backend='sglang', version='0.5.14', architecture='DeepseekV32ForCausalLM', fmha_quant_mode=FMHAQuantMode.bfloat16, kvcache_quant_mode=KVCacheQuantMode.fp8, gemm_quant_mode=GEMMQuantMode.nvfp4, num_heads=16, s=128.0, prefix=128.0, b=1. Missing silicon data for the requested lookup.\n",uv run aiconfigurator cli default --model-path nvidia/DeepSeek-V3.2-NVFP4 --total-gpus 128 --system gb300 --backend sglang --backend-version 0.5.14 --database-mode SILICON --isl 256 --osl 256 --prefix 128 --ttft 2000000.0 --tpot 50000.0 --top-n 1 --no-color,
nvidia/DeepSeek-V3.2-NVFP4,DeepseekV32ForCausalLM,gb300,sglang,0.5.14,disagg,FAIL,"Traceback (most recent call last):\n  File ""aic-core/src/aiconfigurator_core/sdk/operations/dsa.py"", line 692, in _query_context_dsa_module_table\n    dsa_dict = util_empirical.require_data_slice(\n               ^^^^^^^^^^^^^^^^^^^^^^^^^^^^^^^^^^\n  File ""aic-core/src/aiconfigurator_core/sdk/operations/util_empirical.py"", line 224, in require_data_slice\n    raise PerfDataNotAvailableError(\naiconfigurator_core.sdk.errors.PerfDataNotAvailableError: Missing silicon data for the requested lookup; requested slice (<FMHAQuantMode.bfloat16: QuantMapping(memory=2, compute=1, name='bfloat16')>, <KVCacheQuantMode.fp8: QuantMapping(memory=1, compute=0, name='fp8')>, <GEMMQuantMode.nvfp4: QuantMapping(memory=0.5625, compute=4, name='nvfp4')>) is not available.\n\nThe above exception was the direct cause of the following exception:\n\nTraceback (most recent call last):\n  File ""src/aiconfigurator/sdk/sweep.py"", line 603, in _get_disagg_worker_candidates\n    summary = predict_disagg_worker(\n              ^^^^^^^^^^^^^^^^^^^^^^\n  File ""src/aiconfigurator/sdk/predict.py"", line 91, in predict_disagg_worker\n    summary = (predictor or DEFAULT_PREDICTOR).predict_disagg_worker(\n              ^^^^^^^^^^^^^^^^^^^^^^^^^^^^^^^^^^^^^^^^^^^^^^^^^^^^^^^\n  File ""src/aiconfigurator/sdk/predictor.py"", line 139, in predict_disagg_worker\n    return backend.run_static(\n           ^^^^^^^^^^^^^^^^^^^\n  File ""aic-core/src/aiconfigurator_core/sdk/backends/base_backend.py"", line 685, in run_static\n    ) = self._run_static_breakdown(\n        ^^^^^^^^^^^^^^^^^^^^^^^^^^^\n  File ""aic-core/src/aiconfigurator_core/sdk/backends/base_backend.py"", line 503, in _run_static_breakdown\n    context_latency_dict, context_energy_wms_dict, context_source_dict = self._run_context_phase(\n                                                                         ^^^^^^^^^^^^^^^^^^^^^^^^\n  File ""aic-core/src/aiconfigurator_core/sdk/backends/base_backend.py"", line 338, in _run_context_phase\n    result = op.query(\n             ^^^^^^^^^\n  File ""aic-core/src/aiconfigurator_core/sdk/operations/dsa.py"", line 811, in query\n    full = _q(False)\n           ^^^^^^^^^\n  File ""aic-core/src/aiconfigurator_core/sdk/operations/dsa.py"", line 799, in _q\n    return database.query_context_dsa_module(\n           ^^^^^^^^^^^^^^^^^^^^^^^^^^^^^^^^^^\n  File ""aic-core/src/aiconfigurator_core/sdk/perf_database.py"", line 3197, in query_context_dsa_module\n    return ContextDSAModule._query_context_dsa_module_table(\n           ^^^^^^^^^^^^^^^^^^^^^^^^^^^^^^^^^^^^^^^^^^^^^^^^^\n  File ""aic-core/src/aiconfigurator_core/sdk/operations/dsa.py"", line 700, in _query_context_dsa_module_table\n    raise missing_context_dsa_error() from exc\naiconfigurator_core.sdk.errors.PerfDataNotAvailableError: Context DSA module data not available for system='gb300', backend='sglang', version='0.5.14', architecture='DeepseekV32ForCausalLM', fmha_quant_mode=FMHAQuantMode.bfloat16, kvcache_quant_mode=KVCacheQuantMode.fp8, gemm_quant_mode=GEMMQuantMode.nvfp4, num_heads=16, s=128, prefix=128, b=1. Missing silicon data for the requested lookup.\n\nThe above exception was the direct cause of the following exception:\n\nTraceback (most recent call last):\n  File ""tools/support_matrix/support_matrix.py"", line 925, in _attempt\n    python_pareto_df = SupportMatrix._run_mode(\n                       ^^^^^^^^^^^^^^^^^^^^^^^^\n  File ""tools/support_matrix/support_matrix.py"", line 814, in _run_mode\n    pareto_df = task.run()\n                ^^^^^^^^^^\n  File ""src/aiconfigurator/sdk/task_v2.py"", line 1607, in run\n    return sweep_disagg(\n           ^^^^^^^^^^^^^\n  File ""src/aiconfigurator/sdk/sweep.py"", line 850, in sweep_disagg\n    prefill_summary_df = _get_disagg_worker_candidates(\n                         ^^^^^^^^^^^^^^^^^^^^^^^^^^^^^^\n  File ""src/aiconfigurator/sdk/sweep.py"", line 642, in _get_disagg_worker_candidates\n    raise RuntimeError(\nRuntimeError: sweep_disagg/prefill: no results for any parallel config. Last exception: Context DSA module data not available for system='gb300', backend='sglang', version='0.5.14', architecture='DeepseekV32ForCausalLM', fmha_quant_mode=FMHAQuantMode.bfloat16, kvcache_quant_mode=KVCacheQuantMode.fp8, gemm_quant_mode=GEMMQuantMode.nvfp4, num_heads=16, s=128, prefix=128, b=1. Missing silicon data for the requested lookup.\n",uv run aiconfigurator cli default --model-path nvidia/DeepSeek-V3.2-NVFP4 --total-gpus 128 --system gb300 --backend sglang --backend-version 0.5.14 --database-mode SILICON --isl 256 --osl 256 --prefix 128 --ttft 2000000.0 --tpot 50000.0 --top-n 1 --no-color,
nvidia/DeepSeek-V3.2-NVFP4,DeepseekV32ForCausalLM,gb300,sglang,0.5.9,agg,FAIL,"Traceback (most recent call last):\n  File ""aic-core/src/aiconfigurator_core/sdk/operations/dsa.py"", line 692, in _query_context_dsa_module_table\n    dsa_dict = util_empirical.require_data_slice(\n               ^^^^^^^^^^^^^^^^^^^^^^^^^^^^^^^^^^\n  File ""aic-core/src/aiconfigurator_core/sdk/operations/util_empirical.py"", line 223, in require_data_slice\n    if key not in node:\n       ^^^^^^^^^^^^^^^\n  File ""aic-core/src/aiconfigurator_core/sdk/perf_database.py"", line 1516, in __contains__\n    self.raise_if_not_loaded()\n  File ""aic-core/src/aiconfigurator_core/sdk/perf_database.py"", line 1498, in raise_if_not_loaded\n    raise PerfDataNotAvailableError(\naiconfigurator_core.sdk.errors.PerfDataNotAvailableError: Error loading silicon data for op PerfDataFilename.dsa_context_module: File does not exist at aic-core/src/aiconfigurator_core/systems/data/gb300/sglang/0.5.9/dsa_context_module_perf.parquet. This combination of model, system, backend, and backend version is not supported by AIC in SILICON mode.\n\nThe above exception was the direct cause of the following exception:\n\nTraceback (most recent call last):\n  File ""src/aiconfigurator/sdk/sweep.py"", line 485, in sweep_agg\n    point_df, point_saw_model_fit, point_saw_memory_fit = _sweep_one_parallel_agg(\n                                                          ^^^^^^^^^^^^^^^^^^^^^^^^\n  File ""src/aiconfigurator/sdk/sweep.py"", line 335, in _sweep_one_parallel_agg\n    summary = predict_agg_worker(\n              ^^^^^^^^^^^^^^^^^^^\n  File ""src/aiconfigurator/sdk/predict.py"", line 143, in predict_agg_worker\n    summary = (predictor or DEFAULT_PREDICTOR).predict_agg_worker(\n              ^^^^^^^^^^^^^^^^^^^^^^^^^^^^^^^^^^^^^^^^^^^^^^^^^^^^\n  File ""src/aiconfigurator/sdk/predictor.py"", line 118, in predict_agg_worker\n    return backend.run_agg(\n           ^^^^^^^^^^^^^^^^\n  File ""aic-core/src/aiconfigurator_core/sdk/backends/base_backend.py"", line 1466, in run_agg\n    mix_step_estimate = self.run_mixed(\n                        ^^^^^^^^^^^^^^^\n  File ""aic-core/src/aiconfigurator_core/sdk/backends/base_backend.py"", line 1147, in run_mixed\n    summary = self.run_static(\n              ^^^^^^^^^^^^^^^^\n  File ""aic-core/src/aiconfigurator_core/sdk/backends/base_backend.py"", line 685, in run_static\n    ) = self._run_static_breakdown(\n        ^^^^^^^^^^^^^^^^^^^^^^^^^^^\n  File ""aic-core/src/aiconfigurator_core/sdk/backends/base_backend.py"", line 503, in _run_static_breakdown\n    context_latency_dict, context_energy_wms_dict, context_source_dict = self._run_context_phase(\n                                                                         ^^^^^^^^^^^^^^^^^^^^^^^^\n  File ""aic-core/src/aiconfigurator_core/sdk/backends/base_backend.py"", line 338, in _run_context_phase\n    result = op.query(\n             ^^^^^^^^^\n  File ""aic-core/src/aiconfigurator_core/sdk/operations/dsa.py"", line 811, in query\n    full = _q(False)\n           ^^^^^^^^^\n  File ""aic-core/src/aiconfigurator_core/sdk/operations/dsa.py"", line 799, in _q\n    return database.query_context_dsa_module(\n           ^^^^^^^^^^^^^^^^^^^^^^^^^^^^^^^^^^\n  File ""aic-core/src/aiconfigurator_core/sdk/perf_database.py"", line 3197, in query_context_dsa_module\n    return ContextDSAModule._query_context_dsa_module_table(\n           ^^^^^^^^^^^^^^^^^^^^^^^^^^^^^^^^^^^^^^^^^^^^^^^^^\n  File ""aic-core/src/aiconfigurator_core/sdk/operations/dsa.py"", line 700, in _query_context_dsa_module_table\n    raise missing_context_dsa_error() from exc\naiconfigurator_core.sdk.errors.PerfDataNotAvailableError: Context DSA module data not available for system='gb300', backend='sglang', version='0.5.9', architecture='DeepseekV32ForCausalLM', fmha_quant_mode=FMHAQuantMode.fp8, kvcache_quant_mode=KVCacheQuantMode.fp8, gemm_quant_mode=GEMMQuantMode.nvfp4, num_heads=16, s=128.0, prefix=128.0, b=1. Missing silicon data for the requested lookup.\n\nThe above exception was the direct cause of the following exception:\n\nTraceback (most recent call last):\n  File ""tools/support_matrix/support_matrix.py"", line 925, in _attempt\n    python_pareto_df = SupportMatrix._run_mode(\n                       ^^^^^^^^^^^^^^^^^^^^^^^^\n  File ""tools/support_matrix/support_matrix.py"", line 814, in _run_mode\n    pareto_df = task.run()\n                ^^^^^^^^^^\n  File ""src/aiconfigurator/sdk/task_v2.py"", line 1595, in run\n    return sweep_agg(\n           ^^^^^^^^^^\n  File ""src/aiconfigurator/sdk/sweep.py"", line 526, in sweep_agg\n    raise RuntimeError(\nRuntimeError: sweep_agg: no results for any parallel configuration. Last exception: Context DSA module data not available for system='gb300', backend='sglang', version='0.5.9', architecture='DeepseekV32ForCausalLM', fmha_quant_mode=FMHAQuantMode.fp8, kvcache_quant_mode=KVCacheQuantMode.fp8, gemm_quant_mode=GEMMQuantMode.nvfp4, num_heads=16, s=128.0, prefix=128.0, b=1. Missing silicon data for the requested lookup.\n",uv run aiconfigurator cli default --model-path nvidia/DeepSeek-V3.2-NVFP4 --total-gpus 128 --system gb300 --backend sglang --backend-version 0.5.9 --database-mode SILICON --isl 256 --osl 256 --prefix 128 --ttft 2000000.0 --tpot 50000.0 --top-n 1 --no-color,
nvidia/DeepSeek-V3.2-NVFP4,DeepseekV32ForCausalLM,gb300,sglang,0.5.9,disagg,FAIL,"Traceback (most recent call last):\n  File ""aic-core/src/aiconfigurator_core/sdk/operations/dsa.py"", line 692, in _query_context_dsa_module_table\n    dsa_dict = util_empirical.require_data_slice(\n               ^^^^^^^^^^^^^^^^^^^^^^^^^^^^^^^^^^\n  File ""aic-core/src/aiconfigurator_core/sdk/operations/util_empirical.py"", line 223, in require_data_slice\n    if key not in node:\n       ^^^^^^^^^^^^^^^\n  File ""aic-core/src/aiconfigurator_core/sdk/perf_database.py"", line 1516, in __contains__\n    self.raise_if_not_loaded()\n  File ""aic-core/src/aiconfigurator_core/sdk/perf_database.py"", line 1498, in raise_if_not_loaded\n    raise PerfDataNotAvailableError(\naiconfigurator_core.sdk.errors.PerfDataNotAvailableError: Error loading silicon data for op PerfDataFilename.dsa_context_module: File does not exist at aic-core/src/aiconfigurator_core/systems/data/gb300/sglang/0.5.9/dsa_context_module_perf.parquet. This combination of model, system, backend, and backend version is not supported by AIC in SILICON mode.\n\nThe above exception was the direct cause of the following exception:\n\nTraceback (most recent call last):\n  File ""src/aiconfigurator/sdk/sweep.py"", line 603, in _get_disagg_worker_candidates\n    summary = predict_disagg_worker(\n              ^^^^^^^^^^^^^^^^^^^^^^\n  File ""src/aiconfigurator/sdk/predict.py"", line 91, in predict_disagg_worker\n    summary = (predictor or DEFAULT_PREDICTOR).predict_disagg_worker(\n              ^^^^^^^^^^^^^^^^^^^^^^^^^^^^^^^^^^^^^^^^^^^^^^^^^^^^^^^\n  File ""src/aiconfigurator/sdk/predictor.py"", line 139, in predict_disagg_worker\n    return backend.run_static(\n           ^^^^^^^^^^^^^^^^^^^\n  File ""aic-core/src/aiconfigurator_core/sdk/backends/base_backend.py"", line 685, in run_static\n    ) = self._run_static_breakdown(\n        ^^^^^^^^^^^^^^^^^^^^^^^^^^^\n  File ""aic-core/src/aiconfigurator_core/sdk/backends/base_backend.py"", line 503, in _run_static_breakdown\n    context_latency_dict, context_energy_wms_dict, context_source_dict = self._run_context_phase(\n                                                                         ^^^^^^^^^^^^^^^^^^^^^^^^\n  File ""aic-core/src/aiconfigurator_core/sdk/backends/base_backend.py"", line 338, in _run_context_phase\n    result = op.query(\n             ^^^^^^^^^\n  File ""aic-core/src/aiconfigurator_core/sdk/operations/dsa.py"", line 811, in query\n    full = _q(False)\n           ^^^^^^^^^\n  File ""aic-core/src/aiconfigurator_core/sdk/operations/dsa.py"", line 799, in _q\n    return database.query_context_dsa_module(\n           ^^^^^^^^^^^^^^^^^^^^^^^^^^^^^^^^^^\n  File ""aic-core/src/aiconfigurator_core/sdk/perf_database.py"", line 3197, in query_context_dsa_module\n    return ContextDSAModule._query_context_dsa_module_table(\n           ^^^^^^^^^^^^^^^^^^^^^^^^^^^^^^^^^^^^^^^^^^^^^^^^^\n  File ""aic-core/src/aiconfigurator_core/sdk/operations/dsa.py"", line 700, in _query_context_dsa_module_table\n    raise missing_context_dsa_error() from exc\naiconfigurator_core.sdk.errors.PerfDataNotAvailableError: Context DSA module data not available for system='gb300', backend='sglang', version='0.5.9', architecture='DeepseekV32ForCausalLM', fmha_quant_mode=FMHAQuantMode.fp8, kvcache_quant_mode=KVCacheQuantMode.fp8, gemm_quant_mode=GEMMQuantMode.nvfp4, num_heads=16, s=128, prefix=128, b=1. Missing silicon data for the requested lookup.\n\nThe above exception was the direct cause of the following exception:\n\nTraceback (most recent call last):\n  File ""tools/support_matrix/support_matrix.py"", line 925, in _attempt\n    python_pareto_df = SupportMatrix._run_mode(\n                       ^^^^^^^^^^^^^^^^^^^^^^^^\n  File ""tools/support_matrix/support_matrix.py"", line 814, in _run_mode\n    pareto_df = task.run()\n                ^^^^^^^^^^\n  File ""src/aiconfigurator/sdk/task_v2.py"", line 1607, in run\n    return sweep_disagg(\n           ^^^^^^^^^^^^^\n  File ""src/aiconfigurator/sdk/sweep.py"", line 850, in sweep_disagg\n    prefill_summary_df = _get_disagg_worker_candidates(\n                         ^^^^^^^^^^^^^^^^^^^^^^^^^^^^^^\n  File ""src/aiconfigurator/sdk/sweep.py"", line 642, in _get_disagg_worker_candidates\n    raise RuntimeError(\nRuntimeError: sweep_disagg/prefill: no results for any parallel config. Last exception: Context DSA module data not available for system='gb300', backend='sglang', version='0.5.9', architecture='DeepseekV32ForCausalLM', fmha_quant_mode=FMHAQuantMode.fp8, kvcache_quant_mode=KVCacheQuantMode.fp8, gemm_quant_mode=GEMMQuantMode.nvfp4, num_heads=16, s=128, prefix=128, b=1. Missing silicon data for the requested lookup.\n",uv run aiconfigurator cli default --model-path nvidia/DeepSeek-V3.2-NVFP4 --total-gpus 128 --system gb300 --backend sglang --backend-version 0.5.9 --database-mode SILICON --isl 256 --osl 256 --prefix 128 --ttft 2000000.0 --tpot 50000.0 --top-n 1 --no-color,
nvidia/DeepSeek-V3.2-NVFP4,DeepseekV32ForCausalLM,gb300,trtllm,1.3.0rc10,agg,PASS,,uv run aiconfigurator cli default --model-path nvidia/DeepSeek-V3.2-NVFP4 --total-gpus 128 --system gb300 --backend trtllm --backend-version 1.3.0rc10 --database-mode SILICON --isl 256 --osl 256 --prefix 128 --ttft 2000000.0 --tpot 50000.0 --top-n 1 --no-color,silicon
nvidia/DeepSeek-V3.2-NVFP4,DeepseekV32ForCausalLM,gb300,trtllm,1.3.0rc10,disagg,PASS,,uv run aiconfigurator cli default --model-path nvidia/DeepSeek-V3.2-NVFP4 --total-gpus 128 --system gb300 --backend trtllm --backend-version 1.3.0rc10 --database-mode SILICON --isl 256 --osl 256 --prefix 128 --ttft 2000000.0 --tpot 50000.0 --top-n 1 --no-color,silicon
nvidia/DeepSeek-V3.2-NVFP4,DeepseekV32ForCausalLM,gb300,trtllm,1.3.0rc15,agg,PASS,,uv run aiconfigurator cli default --model-path nvidia/DeepSeek-V3.2-NVFP4 --total-gpus 128 --system gb300 --backend trtllm --backend-version 1.3.0rc15 --database-mode SILICON --isl 256 --osl 256 --prefix 128 --ttft 2000000.0 --tpot 50000.0 --top-n 1 --no-color,silicon
nvidia/DeepSeek-V3.2-NVFP4,DeepseekV32ForCausalLM,gb300,trtllm,1.3.0rc15,disagg,PASS,,uv run aiconfigurator cli default --model-path nvidia/DeepSeek-V3.2-NVFP4 --total-gpus 128 --system gb300 --backend trtllm --backend-version 1.3.0rc15 --database-mode SILICON --isl 256 --osl 256 --prefix 128 --ttft 2000000.0 --tpot 50000.0 --top-n 1 --no-color,silicon
nvidia/DeepSeek-V3.2-NVFP4,DeepseekV32ForCausalLM,gb300,trtllm,1.3.0rc20,agg,PASS,,uv run aiconfigurator cli default --model-path nvidia/DeepSeek-V3.2-NVFP4 --total-gpus 128 --system gb300 --backend trtllm --backend-version 1.3.0rc20 --database-mode SILICON --isl 256 --osl 256 --prefix 128 --ttft 2000000.0 --tpot 50000.0 --top-n 1 --no-color,silicon
nvidia/DeepSeek-V3.2-NVFP4,DeepseekV32ForCausalLM,gb300,trtllm,1.3.0rc20,disagg,PASS,,uv run aiconfigurator cli default --model-path nvidia/DeepSeek-V3.2-NVFP4 --total-gpus 128 --system gb300 --backend trtllm --backend-version 1.3.0rc20 --database-mode SILICON --isl 256 --osl 256 --prefix 128 --ttft 2000000.0 --tpot 50000.0 --top-n 1 --no-color,silicon
nvidia/DeepSeek-V3.2-NVFP4,DeepseekV32ForCausalLM,gb300,vllm,0.19.0,agg,PASS,,uv run aiconfigurator cli default --model-path nvidia/DeepSeek-V3.2-NVFP4 --total-gpus 128 --system gb300 --backend vllm --backend-version 0.19.0 --database-mode SILICON --isl 256 --osl 256 --prefix 128 --ttft 2000000.0 --tpot 50000.0 --top-n 1 --no-color,silicon
nvidia/DeepSeek-V3.2-NVFP4,DeepseekV32ForCausalLM,gb300,vllm,0.19.0,disagg,PASS,,uv run aiconfigurator cli default --model-path nvidia/DeepSeek-V3.2-NVFP4 --total-gpus 128 --system gb300 --backend vllm --backend-version 0.19.0 --database-mode SILICON --isl 256 --osl 256 --prefix 128 --ttft 2000000.0 --tpot 50000.0 --top-n 1 --no-color,silicon
nvidia/DeepSeek-V3.2-NVFP4,DeepseekV32ForCausalLM,gb300,vllm,0.22.0,agg,PASS,,uv run aiconfigurator cli default --model-path nvidia/DeepSeek-V3.2-NVFP4 --total-gpus 128 --system gb300 --backend vllm --backend-version 0.22.0 --database-mode SILICON --isl 256 --osl 256 --prefix 128 --ttft 2000000.0 --tpot 50000.0 --top-n 1 --no-color,silicon
nvidia/DeepSeek-V3.2-NVFP4,DeepseekV32ForCausalLM,gb300,vllm,0.22.0,disagg,PASS,,uv run aiconfigurator cli default --model-path nvidia/DeepSeek-V3.2-NVFP4 --total-gpus 128 --system gb300 --backend vllm --backend-version 0.22.0 --database-mode SILICON --isl 256 --osl 256 --prefix 128 --ttft 2000000.0 --tpot 50000.0 --top-n 1 --no-color,silicon
nvidia/DeepSeek-V3.2-NVFP4,DeepseekV32ForCausalLM,gb300,vllm,0.24.0,agg,PASS,,uv run aiconfigurator cli default --model-path nvidia/DeepSeek-V3.2-NVFP4 --total-gpus 128 --system gb300 --backend vllm --backend-version 0.24.0 --database-mode SILICON --isl 256 --osl 256 --prefix 128 --ttft 2000000.0 --tpot 50000.0 --top-n 1 --no-color,silicon
nvidia/DeepSeek-V3.2-NVFP4,DeepseekV32ForCausalLM,gb300,vllm,0.24.0,disagg,PASS,,uv run aiconfigurator cli default --model-path nvidia/DeepSeek-V3.2-NVFP4 --total-gpus 128 --system gb300 --backend vllm --backend-version 0.24.0 --database-mode SILICON --isl 256 --osl 256 --prefix 128 --ttft 2000000.0 --tpot 50000.0 --top-n 1 --no-color,silicon
nvidia/GLM-5.2-NVFP4,GlmMoeDsaForCausalLM,gb300,sglang,0.5.10,agg,FAIL,"Traceback (most recent call last):\n  File ""tools/support_matrix/support_matrix.py"", line 925, in _attempt\n    python_pareto_df = SupportMatrix._run_mode(\n                       ^^^^^^^^^^^^^^^^^^^^^^^^\n  File ""tools/support_matrix/support_matrix.py"", line 814, in _run_mode\n    pareto_df = task.run()\n                ^^^^^^^^^^\n  File ""src/aiconfigurator/sdk/task_v2.py"", line 1588, in run\n    self.validate()\n  File ""src/aiconfigurator/sdk/task_v2.py"", line 1237, in validate\n    self._validate_database_quant_modes()\n  File ""src/aiconfigurator/sdk/task_v2.py"", line 1286, in _validate_database_quant_modes\n    self._check_role_against_db(""agg"", validate_context=True, validate_generation=True)\n  File ""src/aiconfigurator/sdk/task_v2.py"", line 1402, in _check_role_against_db\n    _check(ctx_op, self._role_attr(role, ""fmha_quant_mode""))\n  File ""src/aiconfigurator/sdk/task_v2.py"", line 1379, in _check\n    raise exc_type(\nValueError: Unsupported dsa_context_module quant mode 'fp8' for system='gb300', backend='sglang', version='0.5.10'. Supported dsa_context_module modes: ['bfloat16']\n",uv run aiconfigurator cli default --model-path nvidia/GLM-5.2-NVFP4 --total-gpus 128 --system gb300 --backend sglang --backend-version 0.5.10 --database-mode SILICON --isl 256 --osl 256 --prefix 128 --ttft 2000000.0 --tpot 50000.0 --top-n 1 --no-color,
nvidia/GLM-5.2-NVFP4,GlmMoeDsaForCausalLM,gb300,sglang,0.5.10,disagg,FAIL,"Traceback (most recent call last):\n  File ""tools/support_matrix/support_matrix.py"", line 925, in _attempt\n    python_pareto_df = SupportMatrix._run_mode(\n                       ^^^^^^^^^^^^^^^^^^^^^^^^\n  File ""tools/support_matrix/support_matrix.py"", line 814, in _run_mode\n    pareto_df = task.run()\n                ^^^^^^^^^^\n  File ""src/aiconfigurator/sdk/task_v2.py"", line 1588, in run\n    self.validate()\n  File ""src/aiconfigurator/sdk/task_v2.py"", line 1237, in validate\n    self._validate_database_quant_modes()\n  File ""src/aiconfigurator/sdk/task_v2.py"", line 1288, in _validate_database_quant_modes\n    self._check_role_against_db(""prefill"", validate_context=True, validate_generation=False)\n  File ""src/aiconfigurator/sdk/task_v2.py"", line 1402, in _check_role_against_db\n    _check(ctx_op, self._role_attr(role, ""fmha_quant_mode""))\n  File ""src/aiconfigurator/sdk/task_v2.py"", line 1379, in _check\n    raise exc_type(\nValueError: Unsupported dsa_context_module quant mode 'fp8' for system='gb300', backend='sglang', version='0.5.10'. Supported dsa_context_module modes: ['bfloat16']\n",uv run aiconfigurator cli default --model-path nvidia/GLM-5.2-NVFP4 --total-gpus 128 --system gb300 --backend sglang --backend-version 0.5.10 --database-mode SILICON --isl 256 --osl 256 --prefix 128 --ttft 2000000.0 --tpot 50000.0 --top-n 1 --no-color,
nvidia/GLM-5.2-NVFP4,GlmMoeDsaForCausalLM,gb300,sglang,0.5.12,agg,PASS,,uv run aiconfigurator cli default --model-path nvidia/GLM-5.2-NVFP4 --total-gpus 128 --system gb300 --backend sglang --backend-version 0.5.12 --database-mode SILICON --isl 256 --osl 256 --prefix 128 --ttft 2000000.0 --tpot 50000.0 --top-n 1 --no-color,silicon
nvidia/GLM-5.2-NVFP4,GlmMoeDsaForCausalLM,gb300,sglang,0.5.12,disagg,PASS,,uv run aiconfigurator cli default --model-path nvidia/GLM-5.2-NVFP4 --total-gpus 128 --system gb300 --backend sglang --backend-version 0.5.12 --database-mode SILICON --isl 256 --osl 256 --prefix 128 --ttft 2000000.0 --tpot 50000.0 --top-n 1 --no-color,silicon
nvidia/GLM-5.2-NVFP4,GlmMoeDsaForCausalLM,gb300,sglang,0.5.14,agg,PASS,,uv run aiconfigurator cli default --model-path nvidia/GLM-5.2-NVFP4 --total-gpus 128 --system gb300 --backend sglang --backend-version 0.5.14 --database-mode SILICON --isl 256 --osl 256 --prefix 128 --ttft 2000000.0 --tpot 50000.0 --top-n 1 --no-color,silicon
nvidia/GLM-5.2-NVFP4,GlmMoeDsaForCausalLM,gb300,sglang,0.5.14,disagg,PASS,,uv run aiconfigurator cli default --model-path nvidia/GLM-5.2-NVFP4 --total-gpus 128 --system gb300 --backend sglang --backend-version 0.5.14 --database-mode SILICON --isl 256 --osl 256 --prefix 128 --ttft 2000000.0 --tpot 50000.0 --top-n 1 --no-color,silicon
nvidia/GLM-5.2-NVFP4,GlmMoeDsaForCausalLM,gb300,sglang,0.5.9,agg,FAIL,"Traceback (most recent call last):\n  File ""aic-core/src/aiconfigurator_core/sdk/operations/dsa.py"", line 692, in _query_context_dsa_module_table\n    dsa_dict = util_empirical.require_data_slice(\n               ^^^^^^^^^^^^^^^^^^^^^^^^^^^^^^^^^^\n  File ""aic-core/src/aiconfigurator_core/sdk/operations/util_empirical.py"", line 223, in require_data_slice\n    if key not in node:\n       ^^^^^^^^^^^^^^^\n  File ""aic-core/src/aiconfigurator_core/sdk/perf_database.py"", line 1516, in __contains__\n    self.raise_if_not_loaded()\n  File ""aic-core/src/aiconfigurator_core/sdk/perf_database.py"", line 1498, in raise_if_not_loaded\n    raise PerfDataNotAvailableError(\naiconfigurator_core.sdk.errors.PerfDataNotAvailableError: Error loading silicon data for op PerfDataFilename.dsa_context_module: File does not exist at aic-core/src/aiconfigurator_core/systems/data/gb300/sglang/0.5.9/dsa_context_module_perf.parquet. This combination of model, system, backend, and backend version is not supported by AIC in SILICON mode.\n\nThe above exception was the direct cause of the following exception:\n\nTraceback (most recent call last):\n  File ""src/aiconfigurator/sdk/sweep.py"", line 485, in sweep_agg\n    point_df, point_saw_model_fit, point_saw_memory_fit = _sweep_one_parallel_agg(\n                                                          ^^^^^^^^^^^^^^^^^^^^^^^^\n  File ""src/aiconfigurator/sdk/sweep.py"", line 335, in _sweep_one_parallel_agg\n    summary = predict_agg_worker(\n              ^^^^^^^^^^^^^^^^^^^\n  File ""src/aiconfigurator/sdk/predict.py"", line 143, in predict_agg_worker\n    summary = (predictor or DEFAULT_PREDICTOR).predict_agg_worker(\n              ^^^^^^^^^^^^^^^^^^^^^^^^^^^^^^^^^^^^^^^^^^^^^^^^^^^^\n  File ""src/aiconfigurator/sdk/predictor.py"", line 118, in predict_agg_worker\n    return backend.run_agg(\n           ^^^^^^^^^^^^^^^^\n  File ""aic-core/src/aiconfigurator_core/sdk/backends/base_backend.py"", line 1466, in run_agg\n    mix_step_estimate = self.run_mixed(\n                        ^^^^^^^^^^^^^^^\n  File ""aic-core/src/aiconfigurator_core/sdk/backends/base_backend.py"", line 1147, in run_mixed\n    summary = self.run_static(\n              ^^^^^^^^^^^^^^^^\n  File ""aic-core/src/aiconfigurator_core/sdk/backends/base_backend.py"", line 685, in run_static\n    ) = self._run_static_breakdown(\n        ^^^^^^^^^^^^^^^^^^^^^^^^^^^\n  File ""aic-core/src/aiconfigurator_core/sdk/backends/base_backend.py"", line 503, in _run_static_breakdown\n    context_latency_dict, context_energy_wms_dict, context_source_dict = self._run_context_phase(\n                                                                         ^^^^^^^^^^^^^^^^^^^^^^^^\n  File ""aic-core/src/aiconfigurator_core/sdk/backends/base_backend.py"", line 338, in _run_context_phase\n    result = op.query(\n             ^^^^^^^^^\n  File ""aic-core/src/aiconfigurator_core/sdk/operations/dsa.py"", line 811, in query\n    full = _q(False)\n           ^^^^^^^^^\n  File ""aic-core/src/aiconfigurator_core/sdk/operations/dsa.py"", line 799, in _q\n    return database.query_context_dsa_module(\n           ^^^^^^^^^^^^^^^^^^^^^^^^^^^^^^^^^^\n  File ""aic-core/src/aiconfigurator_core/sdk/perf_database.py"", line 3197, in query_context_dsa_module\n    return ContextDSAModule._query_context_dsa_module_table(\n           ^^^^^^^^^^^^^^^^^^^^^^^^^^^^^^^^^^^^^^^^^^^^^^^^^\n  File ""aic-core/src/aiconfigurator_core/sdk/operations/dsa.py"", line 700, in _query_context_dsa_module_table\n    raise missing_context_dsa_error() from exc\naiconfigurator_core.sdk.errors.PerfDataNotAvailableError: Context DSA module data not available for system='gb300', backend='sglang', version='0.5.9', architecture='GlmMoeDsaForCausalLM', fmha_quant_mode=FMHAQuantMode.fp8, kvcache_quant_mode=KVCacheQuantMode.fp8, gemm_quant_mode=GEMMQuantMode.bfloat16, num_heads=8, s=128.0, prefix=128.0, b=1. Missing silicon data for the requested lookup.\n\nThe above exception was the direct cause of the following exception:\n\nTraceback (most recent call last):\n  File ""tools/support_matrix/support_matrix.py"", line 925, in _attempt\n    python_pareto_df = SupportMatrix._run_mode(\n                       ^^^^^^^^^^^^^^^^^^^^^^^^\n  File ""tools/support_matrix/support_matrix.py"", line 814, in _run_mode\n    pareto_df = task.run()\n                ^^^^^^^^^^\n  File ""src/aiconfigurator/sdk/task_v2.py"", line 1595, in run\n    return sweep_agg(\n           ^^^^^^^^^^\n  File ""src/aiconfigurator/sdk/sweep.py"", line 526, in sweep_agg\n    raise RuntimeError(\nRuntimeError: sweep_agg: no results for any parallel configuration. Last exception: Context DSA module data not available for system='gb300', backend='sglang', version='0.5.9', architecture='GlmMoeDsaForCausalLM', fmha_quant_mode=FMHAQuantMode.fp8, kvcache_quant_mode=KVCacheQuantMode.fp8, gemm_quant_mode=GEMMQuantMode.bfloat16, num_heads=8, s=128.0, prefix=128.0, b=1. Missing silicon data for the requested lookup.\n",uv run aiconfigurator cli default --model-path nvidia/GLM-5.2-NVFP4 --total-gpus 128 --system gb300 --backend sglang --backend-version 0.5.9 --database-mode SILICON --isl 256 --osl 256 --prefix 128 --ttft 2000000.0 --tpot 50000.0 --top-n 1 --no-color,
nvidia/GLM-5.2-NVFP4,GlmMoeDsaForCausalLM,gb300,sglang,0.5.9,disagg,FAIL,"Traceback (most recent call last):\n  File ""aic-core/src/aiconfigurator_core/sdk/operations/dsa.py"", line 692, in _query_context_dsa_module_table\n    dsa_dict = util_empirical.require_data_slice(\n               ^^^^^^^^^^^^^^^^^^^^^^^^^^^^^^^^^^\n  File ""aic-core/src/aiconfigurator_core/sdk/operations/util_empirical.py"", line 223, in require_data_slice\n    if key not in node:\n       ^^^^^^^^^^^^^^^\n  File ""aic-core/src/aiconfigurator_core/sdk/perf_database.py"", line 1516, in __contains__\n    self.raise_if_not_loaded()\n  File ""aic-core/src/aiconfigurator_core/sdk/perf_database.py"", line 1498, in raise_if_not_loaded\n    raise PerfDataNotAvailableError(\naiconfigurator_core.sdk.errors.PerfDataNotAvailableError: Error loading silicon data for op PerfDataFilename.dsa_context_module: File does not exist at aic-core/src/aiconfigurator_core/systems/data/gb300/sglang/0.5.9/dsa_context_module_perf.parquet. This combination of model, system, backend, and backend version is not supported by AIC in SILICON mode.\n\nThe above exception was the direct cause of the following exception:\n\nTraceback (most recent call last):\n  File ""src/aiconfigurator/sdk/sweep.py"", line 603, in _get_disagg_worker_candidates\n    summary = predict_disagg_worker(\n              ^^^^^^^^^^^^^^^^^^^^^^\n  File ""src/aiconfigurator/sdk/predict.py"", line 91, in predict_disagg_worker\n    summary = (predictor or DEFAULT_PREDICTOR).predict_disagg_worker(\n              ^^^^^^^^^^^^^^^^^^^^^^^^^^^^^^^^^^^^^^^^^^^^^^^^^^^^^^^\n  File ""src/aiconfigurator/sdk/predictor.py"", line 139, in predict_disagg_worker\n    return backend.run_static(\n           ^^^^^^^^^^^^^^^^^^^\n  File ""aic-core/src/aiconfigurator_core/sdk/backends/base_backend.py"", line 685, in run_static\n    ) = self._run_static_breakdown(\n        ^^^^^^^^^^^^^^^^^^^^^^^^^^^\n  File ""aic-core/src/aiconfigurator_core/sdk/backends/base_backend.py"", line 503, in _run_static_breakdown\n    context_latency_dict, context_energy_wms_dict, context_source_dict = self._run_context_phase(\n                                                                         ^^^^^^^^^^^^^^^^^^^^^^^^\n  File ""aic-core/src/aiconfigurator_core/sdk/backends/base_backend.py"", line 338, in _run_context_phase\n    result = op.query(\n             ^^^^^^^^^\n  File ""aic-core/src/aiconfigurator_core/sdk/operations/dsa.py"", line 811, in query\n    full = _q(False)\n           ^^^^^^^^^\n  File ""aic-core/src/aiconfigurator_core/sdk/operations/dsa.py"", line 799, in _q\n    return database.query_context_dsa_module(\n           ^^^^^^^^^^^^^^^^^^^^^^^^^^^^^^^^^^\n  File ""aic-core/src/aiconfigurator_core/sdk/perf_database.py"", line 3197, in query_context_dsa_module\n    return ContextDSAModule._query_context_dsa_module_table(\n           ^^^^^^^^^^^^^^^^^^^^^^^^^^^^^^^^^^^^^^^^^^^^^^^^^\n  File ""aic-core/src/aiconfigurator_core/sdk/operations/dsa.py"", line 700, in _query_context_dsa_module_table\n    raise missing_context_dsa_error() from exc\naiconfigurator_core.sdk.errors.PerfDataNotAvailableError: Context DSA module data not available for system='gb300', backend='sglang', version='0.5.9', architecture='GlmMoeDsaForCausalLM', fmha_quant_mode=FMHAQuantMode.fp8, kvcache_quant_mode=KVCacheQuantMode.fp8, gemm_quant_mode=GEMMQuantMode.bfloat16, num_heads=8, s=128, prefix=128, b=1. Missing silicon data for the requested lookup.\n\nThe above exception was the direct cause of the following exception:\n\nTraceback (most recent call last):\n  File ""tools/support_matrix/support_matrix.py"", line 925, in _attempt\n    python_pareto_df = SupportMatrix._run_mode(\n                       ^^^^^^^^^^^^^^^^^^^^^^^^\n  File ""tools/support_matrix/support_matrix.py"", line 814, in _run_mode\n    pareto_df = task.run()\n                ^^^^^^^^^^\n  File ""src/aiconfigurator/sdk/task_v2.py"", line 1607, in run\n    return sweep_disagg(\n           ^^^^^^^^^^^^^\n  File ""src/aiconfigurator/sdk/sweep.py"", line 850, in sweep_disagg\n    prefill_summary_df = _get_disagg_worker_candidates(\n                         ^^^^^^^^^^^^^^^^^^^^^^^^^^^^^^\n  File ""src/aiconfigurator/sdk/sweep.py"", line 642, in _get_disagg_worker_candidates\n    raise RuntimeError(\nRuntimeError: sweep_disagg/prefill: no results for any parallel config. Last exception: Context DSA module data not available for system='gb300', backend='sglang', version='0.5.9', architecture='GlmMoeDsaForCausalLM', fmha_quant_mode=FMHAQuantMode.fp8, kvcache_quant_mode=KVCacheQuantMode.fp8, gemm_quant_mode=GEMMQuantMode.bfloat16, num_heads=8, s=128, prefix=128, b=1. Missing silicon data for the requested lookup.\n",uv run aiconfigurator cli default --model-path nvidia/GLM-5.2-NVFP4 --total-gpus 128 --system gb300 --backend sglang --backend-version 0.5.9 --database-mode SILICON --isl 256 --osl 256 --prefix 128 --ttft 2000000.0 --tpot 50000.0 --top-n 1 --no-color,
nvidia/GLM-5.2-NVFP4,GlmMoeDsaForCausalLM,gb300,trtllm,1.3.0rc10,agg,PASS,,uv run aiconfigurator cli default --model-path nvidia/GLM-5.2-NVFP4 --total-gpus 128 --system gb300 --backend trtllm --backend-version 1.3.0rc10 --database-mode SILICON --isl 256 --osl 256 --prefix 128 --ttft 2000000.0 --tpot 50000.0 --top-n 1 --no-color,silicon
nvidia/GLM-5.2-NVFP4,GlmMoeDsaForCausalLM,gb300,trtllm,1.3.0rc10,disagg,PASS,,uv run aiconfigurator cli default --model-path nvidia/GLM-5.2-NVFP4 --total-gpus 128 --system gb300 --backend trtllm --backend-version 1.3.0rc10 --database-mode SILICON --isl 256 --osl 256 --prefix 128 --ttft 2000000.0 --tpot 50000.0 --top-n 1 --no-color,silicon
nvidia/GLM-5.2-NVFP4,GlmMoeDsaForCausalLM,gb300,trtllm,1.3.0rc15,agg,PASS,,uv run aiconfigurator cli default --model-path nvidia/GLM-5.2-NVFP4 --total-gpus 128 --system gb300 --backend trtllm --backend-version 1.3.0rc15 --database-mode SILICON --isl 256 --osl 256 --prefix 128 --ttft 2000000.0 --tpot 50000.0 --top-n 1 --no-color,silicon
nvidia/GLM-5.2-NVFP4,GlmMoeDsaForCausalLM,gb300,trtllm,1.3.0rc15,disagg,PASS,,uv run aiconfigurator cli default --model-path nvidia/GLM-5.2-NVFP4 --total-gpus 128 --system gb300 --backend trtllm --backend-version 1.3.0rc15 --database-mode SILICON --isl 256 --osl 256 --prefix 128 --ttft 2000000.0 --tpot 50000.0 --top-n 1 --no-color,silicon
nvidia/GLM-5.2-NVFP4,GlmMoeDsaForCausalLM,gb300,trtllm,1.3.0rc20,agg,PASS,,uv run aiconfigurator cli default --model-path nvidia/GLM-5.2-NVFP4 --total-gpus 128 --system gb300 --backend trtllm --backend-version 1.3.0rc20 --database-mode SILICON --isl 256 --osl 256 --prefix 128 --ttft 2000000.0 --tpot 50000.0 --top-n 1 --no-color,silicon
nvidia/GLM-5.2-NVFP4,GlmMoeDsaForCausalLM,gb300,trtllm,1.3.0rc20,disagg,PASS,,uv run aiconfigurator cli default --model-path nvidia/GLM-5.2-NVFP4 --total-gpus 128 --system gb300 --backend trtllm --backend-version 1.3.0rc20 --database-mode SILICON --isl 256 --osl 256 --prefix 128 --ttft 2000000.0 --tpot 50000.0 --top-n 1 --no-color,silicon
nvidia/GLM-5.2-NVFP4,GlmMoeDsaForCausalLM,gb300,vllm,0.19.0,agg,PASS,,uv run aiconfigurator cli default --model-path nvidia/GLM-5.2-NVFP4 --total-gpus 128 --system gb300 --backend vllm --backend-version 0.19.0 --database-mode SILICON --isl 256 --osl 256 --prefix 128 --ttft 2000000.0 --tpot 50000.0 --top-n 1 --no-color,silicon
nvidia/GLM-5.2-NVFP4,GlmMoeDsaForCausalLM,gb300,vllm,0.19.0,disagg,PASS,,uv run aiconfigurator cli default --model-path nvidia/GLM-5.2-NVFP4 --total-gpus 128 --system gb300 --backend vllm --backend-version 0.19.0 --database-mode SILICON --isl 256 --osl 256 --prefix 128 --ttft 2000000.0 --tpot 50000.0 --top-n 1 --no-color,silicon
nvidia/GLM-5.2-NVFP4,GlmMoeDsaForCausalLM,gb300,vllm,0.22.0,agg,PASS,,uv run aiconfigurator cli default --model-path nvidia/GLM-5.2-NVFP4 --total-gpus 128 --system gb300 --backend vllm --backend-version 0.22.0 --database-mode SILICON --isl 256 --osl 256 --prefix 128 --ttft 2000000.0 --tpot 50000.0 --top-n 1 --no-color,silicon
nvidia/GLM-5.2-NVFP4,GlmMoeDsaForCausalLM,gb300,vllm,0.22.0,disagg,PASS,,uv run aiconfigurator cli default --model-path nvidia/GLM-5.2-NVFP4 --total-gpus 128 --system gb300 --backend vllm --backend-version 0.22.0 --database-mode SILICON --isl 256 --osl 256 --prefix 128 --ttft 2000000.0 --tpot 50000.0 --top-n 1 --no-color,silicon
nvidia/GLM-5.2-NVFP4,GlmMoeDsaForCausalLM,gb300,vllm,0.24.0,agg,PASS,,uv run aiconfigurator cli default --model-path nvidia/GLM-5.2-NVFP4 --total-gpus 128 --system gb300 --backend vllm --backend-version 0.24.0 --database-mode SILICON --isl 256 --osl 256 --prefix 128 --ttft 2000000.0 --tpot 50000.0 --top-n 1 --no-color,silicon
nvidia/GLM-5.2-NVFP4,GlmMoeDsaForCausalLM,gb300,vllm,0.24.0,disagg,PASS,,uv run aiconfigurator cli default --model-path nvidia/GLM-5.2-NVFP4 --total-gpus 128 --system gb300 --backend vllm --backend-version 0.24.0 --database-mode SILICON --isl 256 --osl 256 --prefix 128 --ttft 2000000.0 --tpot 50000.0 --top-n 1 --no-color,silicon
nvidia/Kimi-K2.5-NVFP4,KimiK25ForConditionalGeneration,gb300,sglang,0.5.10,agg,PASS,,uv run aiconfigurator cli default --model-path nvidia/Kimi-K2.5-NVFP4 --total-gpus 128 --system gb300 --backend sglang --backend-version 0.5.10 --database-mode SILICON --isl 256 --osl 256 --prefix 128 --ttft 2000000.0 --tpot 50000.0 --top-n 1 --no-color,silicon
nvidia/Kimi-K2.5-NVFP4,KimiK25ForConditionalGeneration,gb300,sglang,0.5.10,disagg,PASS,,uv run aiconfigurator cli default --model-path nvidia/Kimi-K2.5-NVFP4 --total-gpus 128 --system gb300 --backend sglang --backend-version 0.5.10 --database-mode SILICON --isl 256 --osl 256 --prefix 128 --ttft 2000000.0 --tpot 50000.0 --top-n 1 --no-color,silicon
nvidia/Kimi-K2.5-NVFP4,KimiK25ForConditionalGeneration,gb300,sglang,0.5.12,agg,PASS,,uv run aiconfigurator cli default --model-path nvidia/Kimi-K2.5-NVFP4 --total-gpus 128 --system gb300 --backend sglang --backend-version 0.5.12 --database-mode SILICON --isl 256 --osl 256 --prefix 128 --ttft 2000000.0 --tpot 50000.0 --top-n 1 --no-color,silicon
nvidia/Kimi-K2.5-NVFP4,KimiK25ForConditionalGeneration,gb300,sglang,0.5.12,disagg,PASS,,uv run aiconfigurator cli default --model-path nvidia/Kimi-K2.5-NVFP4 --total-gpus 128 --system gb300 --backend sglang --backend-version 0.5.12 --database-mode SILICON --isl 256 --osl 256 --prefix 128 --ttft 2000000.0 --tpot 50000.0 --top-n 1 --no-color,silicon
nvidia/Kimi-K2.5-NVFP4,KimiK25ForConditionalGeneration,gb300,sglang,0.5.14,agg,PASS,,uv run aiconfigurator cli default --model-path nvidia/Kimi-K2.5-NVFP4 --total-gpus 128 --system gb300 --backend sglang --backend-version 0.5.14 --database-mode SILICON --isl 256 --osl 256 --prefix 128 --ttft 2000000.0 --tpot 50000.0 --top-n 1 --no-color,silicon
nvidia/Kimi-K2.5-NVFP4,KimiK25ForConditionalGeneration,gb300,sglang,0.5.14,disagg,PASS,,uv run aiconfigurator cli default --model-path nvidia/Kimi-K2.5-NVFP4 --total-gpus 128 --system gb300 --backend sglang --backend-version 0.5.14 --database-mode SILICON --isl 256 --osl 256 --prefix 128 --ttft 2000000.0 --tpot 50000.0 --top-n 1 --no-color,silicon
nvidia/Kimi-K2.5-NVFP4,KimiK25ForConditionalGeneration,gb300,sglang,0.5.9,agg,PASS,,uv run aiconfigurator cli default --model-path nvidia/Kimi-K2.5-NVFP4 --total-gpus 128 --system gb300 --backend sglang --backend-version 0.5.9 --database-mode SILICON --isl 256 --osl 256 --prefix 128 --ttft 2000000.0 --tpot 50000.0 --top-n 1 --no-color,silicon
nvidia/Kimi-K2.5-NVFP4,KimiK25ForConditionalGeneration,gb300,sglang,0.5.9,disagg,PASS,,uv run aiconfigurator cli default --model-path nvidia/Kimi-K2.5-NVFP4 --total-gpus 128 --system gb300 --backend sglang --backend-version 0.5.9 --database-mode SILICON --isl 256 --osl 256 --prefix 128 --ttft 2000000.0 --tpot 50000.0 --top-n 1 --no-color,silicon
nvidia/Kimi-K2.5-NVFP4,KimiK25ForConditionalGeneration,gb300,trtllm,1.3.0rc10,agg,PASS,,uv run aiconfigurator cli default --model-path nvidia/Kimi-K2.5-NVFP4 --total-gpus 128 --system gb300 --backend trtllm --backend-version 1.3.0rc10 --database-mode SILICON --isl 256 --osl 256 --prefix 128 --ttft 2000000.0 --tpot 50000.0 --top-n 1 --no-color,silicon
nvidia/Kimi-K2.5-NVFP4,KimiK25ForConditionalGeneration,gb300,trtllm,1.3.0rc10,disagg,PASS,,uv run aiconfigurator cli default --model-path nvidia/Kimi-K2.5-NVFP4 --total-gpus 128 --system gb300 --backend trtllm --backend-version 1.3.0rc10 --database-mode SILICON --isl 256 --osl 256 --prefix 128 --ttft 2000000.0 --tpot 50000.0 --top-n 1 --no-color,silicon
nvidia/Kimi-K2.5-NVFP4,KimiK25ForConditionalGeneration,gb300,trtllm,1.3.0rc15,agg,PASS,,uv run aiconfigurator cli default --model-path nvidia/Kimi-K2.5-NVFP4 --total-gpus 128 --system gb300 --backend trtllm --backend-version 1.3.0rc15 --database-mode SILICON --isl 256 --osl 256 --prefix 128 --ttft 2000000.0 --tpot 50000.0 --top-n 1 --no-color,silicon
nvidia/Kimi-K2.5-NVFP4,KimiK25ForConditionalGeneration,gb300,trtllm,1.3.0rc15,disagg,PASS,,uv run aiconfigurator cli default --model-path nvidia/Kimi-K2.5-NVFP4 --total-gpus 128 --system gb300 --backend trtllm --backend-version 1.3.0rc15 --database-mode SILICON --isl 256 --osl 256 --prefix 128 --ttft 2000000.0 --tpot 50000.0 --top-n 1 --no-color,silicon
nvidia/Kimi-K2.5-NVFP4,KimiK25ForConditionalGeneration,gb300,trtllm,1.3.0rc20,agg,PASS,,uv run aiconfigurator cli default --model-path nvidia/Kimi-K2.5-NVFP4 --total-gpus 128 --system gb300 --backend trtllm --backend-version 1.3.0rc20 --database-mode SILICON --isl 256 --osl 256 --prefix 128 --ttft 2000000.0 --tpot 50000.0 --top-n 1 --no-color,silicon
nvidia/Kimi-K2.5-NVFP4,KimiK25ForConditionalGeneration,gb300,trtllm,1.3.0rc20,disagg,PASS,,uv run aiconfigurator cli default --model-path nvidia/Kimi-K2.5-NVFP4 --total-gpus 128 --system gb300 --backend trtllm --backend-version 1.3.0rc20 --database-mode SILICON --isl 256 --osl 256 --prefix 128 --ttft 2000000.0 --tpot 50000.0 --top-n 1 --no-color,silicon
nvidia/Kimi-K2.5-NVFP4,KimiK25ForConditionalGeneration,gb300,vllm,0.19.0,agg,PASS,,uv run aiconfigurator cli default --model-path nvidia/Kimi-K2.5-NVFP4 --total-gpus 128 --system gb300 --backend vllm --backend-version 0.19.0 --database-mode SILICON --isl 256 --osl 256 --prefix 128 --ttft 2000000.0 --tpot 50000.0 --top-n 1 --no-color,silicon
nvidia/Kimi-K2.5-NVFP4,KimiK25ForConditionalGeneration,gb300,vllm,0.19.0,disagg,PASS,,uv run aiconfigurator cli default --model-path nvidia/Kimi-K2.5-NVFP4 --total-gpus 128 --system gb300 --backend vllm --backend-version 0.19.0 --database-mode SILICON --isl 256 --osl 256 --prefix 128 --ttft 2000000.0 --tpot 50000.0 --top-n 1 --no-color,silicon
nvidia/Kimi-K2.5-NVFP4,KimiK25ForConditionalGeneration,gb300,vllm,0.22.0,agg,PASS,,uv run aiconfigurator cli default --model-path nvidia/Kimi-K2.5-NVFP4 --total-gpus 128 --system gb300 --backend vllm --backend-version 0.22.0 --database-mode SILICON --isl 256 --osl 256 --prefix 128 --ttft 2000000.0 --tpot 50000.0 --top-n 1 --no-color,silicon
nvidia/Kimi-K2.5-NVFP4,KimiK25ForConditionalGeneration,gb300,vllm,0.22.0,disagg,PASS,,uv run aiconfigurator cli default --model-path nvidia/Kimi-K2.5-NVFP4 --total-gpus 128 --system gb300 --backend vllm --backend-version 0.22.0 --database-mode SILICON --isl 256 --osl 256 --prefix 128 --ttft 2000000.0 --tpot 50000.0 --top-n 1 --no-color,silicon
nvidia/Kimi-K2.5-NVFP4,KimiK25ForConditionalGeneration,gb300,vllm,0.24.0,agg,PASS,,uv run aiconfigurator cli default --model-path nvidia/Kimi-K2.5-NVFP4 --total-gpus 128 --system gb300 --backend vllm --backend-version 0.24.0 --database-mode SILICON --isl 256 --osl 256 --prefix 128 --ttft 2000000.0 --tpot 50000.0 --top-n 1 --no-color,silicon
nvidia/Kimi-K2.5-NVFP4,KimiK25ForConditionalGeneration,gb300,vllm,0.24.0,disagg,PASS,,uv run aiconfigurator cli default --model-path nvidia/Kimi-K2.5-NVFP4 --total-gpus 128 --system gb300 --backend vllm --backend-version 0.24.0 --database-mode SILICON --isl 256 --osl 256 --prefix 128 --ttft 2000000.0 --tpot 50000.0 --top-n 1 --no-color,silicon
nvidia/Llama-3.1-70B-Instruct-FP8,LlamaForCausalLM,gb300,sglang,0.5.10,agg,FRAMEWORK_INCOMPATIBLE,"Traceback (most recent call last):\n  File ""tools/support_matrix/support_matrix.py"", line 925, in _attempt\n    python_pareto_df = SupportMatrix._run_mode(\n                       ^^^^^^^^^^^^^^^^^^^^^^^^\n  File ""tools/support_matrix/support_matrix.py"", line 814, in _run_mode\n    pareto_df = task.run()\n                ^^^^^^^^^^\n  File ""src/aiconfigurator/sdk/task_v2.py"", line 1588, in run\n    self.validate()\n  File ""src/aiconfigurator/sdk/task_v2.py"", line 1237, in validate\n    self._validate_database_quant_modes()\n  File ""src/aiconfigurator/sdk/task_v2.py"", line 1286, in _validate_database_quant_modes\n    self._check_role_against_db(""agg"", validate_context=True, validate_generation=True)\n  File ""src/aiconfigurator/sdk/task_v2.py"", line 1386, in _check_role_against_db\n    _check(""gemm"", self._role_attr(role, ""gemm_quant_mode""))\n  File ""src/aiconfigurator/sdk/task_v2.py"", line 1379, in _check\n    raise exc_type(\nValueError: Unsupported gemm quant mode 'fp8_static' for system='gb300', backend='sglang', version='0.5.10'. Supported gemm modes: ['bfloat16', 'fp8', 'fp8_block', 'nvfp4']\n",uv run aiconfigurator cli default --model-path nvidia/Llama-3.1-70B-Instruct-FP8 --total-gpus 32 --system gb300 --backend sglang --backend-version 0.5.10 --database-mode SILICON --isl 256 --osl 256 --prefix 128 --ttft 2000.0 --tpot 50.0 --top-n 1 --no-color,
nvidia/Llama-3.1-70B-Instruct-FP8,LlamaForCausalLM,gb300,sglang,0.5.10,disagg,FRAMEWORK_INCOMPATIBLE,"Traceback (most recent call last):\n  File ""tools/support_matrix/support_matrix.py"", line 925, in _attempt\n    python_pareto_df = SupportMatrix._run_mode(\n                       ^^^^^^^^^^^^^^^^^^^^^^^^\n  File ""tools/support_matrix/support_matrix.py"", line 814, in _run_mode\n    pareto_df = task.run()\n                ^^^^^^^^^^\n  File ""src/aiconfigurator/sdk/task_v2.py"", line 1588, in run\n    self.validate()\n  File ""src/aiconfigurator/sdk/task_v2.py"", line 1237, in validate\n    self._validate_database_quant_modes()\n  File ""src/aiconfigurator/sdk/task_v2.py"", line 1288, in _validate_database_quant_modes\n    self._check_role_against_db(""prefill"", validate_context=True, validate_generation=False)\n  File ""src/aiconfigurator/sdk/task_v2.py"", line 1386, in _check_role_against_db\n    _check(""gemm"", self._role_attr(role, ""gemm_quant_mode""))\n  File ""src/aiconfigurator/sdk/task_v2.py"", line 1379, in _check\n    raise exc_type(\nValueError: Unsupported gemm quant mode 'fp8_static' for system='gb300', backend='sglang', version='0.5.10'. Supported gemm modes: ['bfloat16', 'fp8', 'fp8_block', 'nvfp4']\n",uv run aiconfigurator cli default --model-path nvidia/Llama-3.1-70B-Instruct-FP8 --total-gpus 32 --system gb300 --backend sglang --backend-version 0.5.10 --database-mode SILICON --isl 256 --osl 256 --prefix 128 --ttft 2000.0 --tpot 50.0 --top-n 1 --no-color,
nvidia/Llama-3.1-70B-Instruct-FP8,LlamaForCausalLM,gb300,sglang,0.5.12,agg,PASS,,uv run aiconfigurator cli default --model-path nvidia/Llama-3.1-70B-Instruct-FP8 --total-gpus 32 --system gb300 --backend sglang --backend-version 0.5.12 --database-mode SILICON --isl 256 --osl 256 --prefix 128 --ttft 2000.0 --tpot 50.0 --top-n 1 --no-color,silicon
nvidia/Llama-3.1-70B-Instruct-FP8,LlamaForCausalLM,gb300,sglang,0.5.12,disagg,PASS,,uv run aiconfigurator cli default --model-path nvidia/Llama-3.1-70B-Instruct-FP8 --total-gpus 32 --system gb300 --backend sglang --backend-version 0.5.12 --database-mode SILICON --isl 256 --osl 256 --prefix 128 --ttft 2000.0 --tpot 50.0 --top-n 1 --no-color,silicon
nvidia/Llama-3.1-70B-Instruct-FP8,LlamaForCausalLM,gb300,sglang,0.5.14,agg,PASS,,uv run aiconfigurator cli default --model-path nvidia/Llama-3.1-70B-Instruct-FP8 --total-gpus 32 --system gb300 --backend sglang --backend-version 0.5.14 --database-mode SILICON --isl 256 --osl 256 --prefix 128 --ttft 2000.0 --tpot 50.0 --top-n 1 --no-color,silicon
nvidia/Llama-3.1-70B-Instruct-FP8,LlamaForCausalLM,gb300,sglang,0.5.14,disagg,PASS,,uv run aiconfigurator cli default --model-path nvidia/Llama-3.1-70B-Instruct-FP8 --total-gpus 32 --system gb300 --backend sglang --backend-version 0.5.14 --database-mode SILICON --isl 256 --osl 256 --prefix 128 --ttft 2000.0 --tpot 50.0 --top-n 1 --no-color,silicon
nvidia/Llama-3.1-70B-Instruct-FP8,LlamaForCausalLM,gb300,sglang,0.5.9,agg,FRAMEWORK_INCOMPATIBLE,"Traceback (most recent call last):\n  File ""tools/support_matrix/support_matrix.py"", line 925, in _attempt\n    python_pareto_df = SupportMatrix._run_mode(\n                       ^^^^^^^^^^^^^^^^^^^^^^^^\n  File ""tools/support_matrix/support_matrix.py"", line 814, in _run_mode\n    pareto_df = task.run()\n                ^^^^^^^^^^\n  File ""src/aiconfigurator/sdk/task_v2.py"", line 1588, in run\n    self.validate()\n  File ""src/aiconfigurator/sdk/task_v2.py"", line 1237, in validate\n    self._validate_database_quant_modes()\n  File ""src/aiconfigurator/sdk/task_v2.py"", line 1286, in _validate_database_quant_modes\n    self._check_role_against_db(""agg"", validate_context=True, validate_generation=True)\n  File ""src/aiconfigurator/sdk/task_v2.py"", line 1386, in _check_role_against_db\n    _check(""gemm"", self._role_attr(role, ""gemm_quant_mode""))\n  File ""src/aiconfigurator/sdk/task_v2.py"", line 1379, in _check\n    raise exc_type(\nValueError: Unsupported gemm quant mode 'fp8_static' for system='gb300', backend='sglang', version='0.5.9'. Supported gemm modes: ['bfloat16', 'fp8', 'fp8_block', 'nvfp4']\n",uv run aiconfigurator cli default --model-path nvidia/Llama-3.1-70B-Instruct-FP8 --total-gpus 32 --system gb300 --backend sglang --backend-version 0.5.9 --database-mode SILICON --isl 256 --osl 256 --prefix 128 --ttft 2000.0 --tpot 50.0 --top-n 1 --no-color,
nvidia/Llama-3.1-70B-Instruct-FP8,LlamaForCausalLM,gb300,sglang,0.5.9,disagg,FRAMEWORK_INCOMPATIBLE,"Traceback (most recent call last):\n  File ""tools/support_matrix/support_matrix.py"", line 925, in _attempt\n    python_pareto_df = SupportMatrix._run_mode(\n                       ^^^^^^^^^^^^^^^^^^^^^^^^\n  File ""tools/support_matrix/support_matrix.py"", line 814, in _run_mode\n    pareto_df = task.run()\n                ^^^^^^^^^^\n  File ""src/aiconfigurator/sdk/task_v2.py"", line 1588, in run\n    self.validate()\n  File ""src/aiconfigurator/sdk/task_v2.py"", line 1237, in validate\n    self._validate_database_quant_modes()\n  File ""src/aiconfigurator/sdk/task_v2.py"", line 1288, in _validate_database_quant_modes\n    self._check_role_against_db(""prefill"", validate_context=True, validate_generation=False)\n  File ""src/aiconfigurator/sdk/task_v2.py"", line 1386, in _check_role_against_db\n    _check(""gemm"", self._role_attr(role, ""gemm_quant_mode""))\n  File ""src/aiconfigurator/sdk/task_v2.py"", line 1379, in _check\n    raise exc_type(\nValueError: Unsupported gemm quant mode 'fp8_static' for system='gb300', backend='sglang', version='0.5.9'. Supported gemm modes: ['bfloat16', 'fp8', 'fp8_block', 'nvfp4']\n",uv run aiconfigurator cli default --model-path nvidia/Llama-3.1-70B-Instruct-FP8 --total-gpus 32 --system gb300 --backend sglang --backend-version 0.5.9 --database-mode SILICON --isl 256 --osl 256 --prefix 128 --ttft 2000.0 --tpot 50.0 --top-n 1 --no-color,
nvidia/Llama-3.1-70B-Instruct-FP8,LlamaForCausalLM,gb300,trtllm,1.3.0rc10,agg,PASS,,uv run aiconfigurator cli default --model-path nvidia/Llama-3.1-70B-Instruct-FP8 --total-gpus 32 --system gb300 --backend trtllm --backend-version 1.3.0rc10 --database-mode SILICON --isl 256 --osl 256 --prefix 128 --ttft 2000.0 --tpot 50.0 --top-n 1 --no-color,silicon
nvidia/Llama-3.1-70B-Instruct-FP8,LlamaForCausalLM,gb300,trtllm,1.3.0rc10,disagg,PASS,,uv run aiconfigurator cli default --model-path nvidia/Llama-3.1-70B-Instruct-FP8 --total-gpus 32 --system gb300 --backend trtllm --backend-version 1.3.0rc10 --database-mode SILICON --isl 256 --osl 256 --prefix 128 --ttft 2000.0 --tpot 50.0 --top-n 1 --no-color,silicon
nvidia/Llama-3.1-70B-Instruct-FP8,LlamaForCausalLM,gb300,trtllm,1.3.0rc15,agg,PASS,,uv run aiconfigurator cli default --model-path nvidia/Llama-3.1-70B-Instruct-FP8 --total-gpus 32 --system gb300 --backend trtllm --backend-version 1.3.0rc15 --database-mode SILICON --isl 256 --osl 256 --prefix 128 --ttft 2000.0 --tpot 50.0 --top-n 1 --no-color,silicon
nvidia/Llama-3.1-70B-Instruct-FP8,LlamaForCausalLM,gb300,trtllm,1.3.0rc15,disagg,PASS,,uv run aiconfigurator cli default --model-path nvidia/Llama-3.1-70B-Instruct-FP8 --total-gpus 32 --system gb300 --backend trtllm --backend-version 1.3.0rc15 --database-mode SILICON --isl 256 --osl 256 --prefix 128 --ttft 2000.0 --tpot 50.0 --top-n 1 --no-color,silicon
nvidia/Llama-3.1-70B-Instruct-FP8,LlamaForCausalLM,gb300,trtllm,1.3.0rc20,agg,PASS,,uv run aiconfigurator cli default --model-path nvidia/Llama-3.1-70B-Instruct-FP8 --total-gpus 32 --system gb300 --backend trtllm --backend-version 1.3.0rc20 --database-mode SILICON --isl 256 --osl 256 --prefix 128 --ttft 2000.0 --tpot 50.0 --top-n 1 --no-color,silicon
nvidia/Llama-3.1-70B-Instruct-FP8,LlamaForCausalLM,gb300,trtllm,1.3.0rc20,disagg,PASS,,uv run aiconfigurator cli default --model-path nvidia/Llama-3.1-70B-Instruct-FP8 --total-gpus 32 --system gb300 --backend trtllm --backend-version 1.3.0rc20 --database-mode SILICON --isl 256 --osl 256 --prefix 128 --ttft 2000.0 --tpot 50.0 --top-n 1 --no-color,silicon
nvidia/Llama-3.1-70B-Instruct-FP8,LlamaForCausalLM,gb300,vllm,0.19.0,agg,FRAMEWORK_INCOMPATIBLE,"Traceback (most recent call last):\n  File ""tools/support_matrix/support_matrix.py"", line 925, in _attempt\n    python_pareto_df = SupportMatrix._run_mode(\n                       ^^^^^^^^^^^^^^^^^^^^^^^^\n  File ""tools/support_matrix/support_matrix.py"", line 814, in _run_mode\n    pareto_df = task.run()\n                ^^^^^^^^^^\n  File ""src/aiconfigurator/sdk/task_v2.py"", line 1588, in run\n    self.validate()\n  File ""src/aiconfigurator/sdk/task_v2.py"", line 1237, in validate\n    self._validate_database_quant_modes()\n  File ""src/aiconfigurator/sdk/task_v2.py"", line 1286, in _validate_database_quant_modes\n    self._check_role_against_db(""agg"", validate_context=True, validate_generation=True)\n  File ""src/aiconfigurator/sdk/task_v2.py"", line 1386, in _check_role_against_db\n    _check(""gemm"", self._role_attr(role, ""gemm_quant_mode""))\n  File ""src/aiconfigurator/sdk/task_v2.py"", line 1379, in _check\n    raise exc_type(\nValueError: Unsupported gemm quant mode 'fp8_static' for system='gb300', backend='vllm', version='0.19.0'. Supported gemm modes: ['bfloat16', 'fp8', 'fp8_block', 'nvfp4']\n",uv run aiconfigurator cli default --model-path nvidia/Llama-3.1-70B-Instruct-FP8 --total-gpus 32 --system gb300 --backend vllm --backend-version 0.19.0 --database-mode SILICON --isl 256 --osl 256 --prefix 128 --ttft 2000.0 --tpot 50.0 --top-n 1 --no-color,
nvidia/Llama-3.1-70B-Instruct-FP8,LlamaForCausalLM,gb300,vllm,0.19.0,disagg,FRAMEWORK_INCOMPATIBLE,"Traceback (most recent call last):\n  File ""tools/support_matrix/support_matrix.py"", line 925, in _attempt\n    python_pareto_df = SupportMatrix._run_mode(\n                       ^^^^^^^^^^^^^^^^^^^^^^^^\n  File ""tools/support_matrix/support_matrix.py"", line 814, in _run_mode\n    pareto_df = task.run()\n                ^^^^^^^^^^\n  File ""src/aiconfigurator/sdk/task_v2.py"", line 1588, in run\n    self.validate()\n  File ""src/aiconfigurator/sdk/task_v2.py"", line 1237, in validate\n    self._validate_database_quant_modes()\n  File ""src/aiconfigurator/sdk/task_v2.py"", line 1288, in _validate_database_quant_modes\n    self._check_role_against_db(""prefill"", validate_context=True, validate_generation=False)\n  File ""src/aiconfigurator/sdk/task_v2.py"", line 1386, in _check_role_against_db\n    _check(""gemm"", self._role_attr(role, ""gemm_quant_mode""))\n  File ""src/aiconfigurator/sdk/task_v2.py"", line 1379, in _check\n    raise exc_type(\nValueError: Unsupported gemm quant mode 'fp8_static' for system='gb300', backend='vllm', version='0.19.0'. Supported gemm modes: ['bfloat16', 'fp8', 'fp8_block', 'nvfp4']\n",uv run aiconfigurator cli default --model-path nvidia/Llama-3.1-70B-Instruct-FP8 --total-gpus 32 --system gb300 --backend vllm --backend-version 0.19.0 --database-mode SILICON --isl 256 --osl 256 --prefix 128 --ttft 2000.0 --tpot 50.0 --top-n 1 --no-color,
nvidia/Llama-3.1-70B-Instruct-FP8,LlamaForCausalLM,gb300,vllm,0.22.0,agg,PASS,,uv run aiconfigurator cli default --model-path nvidia/Llama-3.1-70B-Instruct-FP8 --total-gpus 32 --system gb300 --backend vllm --backend-version 0.22.0 --database-mode SILICON --isl 256 --osl 256 --prefix 128 --ttft 2000.0 --tpot 50.0 --top-n 1 --no-color,silicon
nvidia/Llama-3.1-70B-Instruct-FP8,LlamaForCausalLM,gb300,vllm,0.22.0,disagg,PASS,,uv run aiconfigurator cli default --model-path nvidia/Llama-3.1-70B-Instruct-FP8 --total-gpus 32 --system gb300 --backend vllm --backend-version 0.22.0 --database-mode SILICON --isl 256 --osl 256 --prefix 128 --ttft 2000.0 --tpot 50.0 --top-n 1 --no-color,silicon
nvidia/Llama-3.1-70B-Instruct-FP8,LlamaForCausalLM,gb300,vllm,0.24.0,agg,PASS,,uv run aiconfigurator cli default --model-path nvidia/Llama-3.1-70B-Instruct-FP8 --total-gpus 32 --system gb300 --backend vllm --backend-version 0.24.0 --database-mode SILICON --isl 256 --osl 256 --prefix 128 --ttft 2000.0 --tpot 50.0 --top-n 1 --no-color,silicon
nvidia/Llama-3.1-70B-Instruct-FP8,LlamaForCausalLM,gb300,vllm,0.24.0,disagg,PASS,,uv run aiconfigurator cli default --model-path nvidia/Llama-3.1-70B-Instruct-FP8 --total-gpus 32 --system gb300 --backend vllm --backend-version 0.24.0 --database-mode SILICON --isl 256 --osl 256 --prefix 128 --ttft 2000.0 --tpot 50.0 --top-n 1 --no-color,silicon
nvidia/MiniMax-M2.7-NVFP4,MiniMaxM2ForCausalLM,gb300,sglang,0.5.10,agg,PASS,,uv run aiconfigurator cli default --model-path nvidia/MiniMax-M2.7-NVFP4 --total-gpus 128 --system gb300 --backend sglang --backend-version 0.5.10 --database-mode SILICON --isl 256 --osl 256 --prefix 128 --ttft 2000000.0 --tpot 50000.0 --top-n 1 --no-color,silicon
nvidia/MiniMax-M2.7-NVFP4,MiniMaxM2ForCausalLM,gb300,sglang,0.5.10,disagg,PASS,,uv run aiconfigurator cli default --model-path nvidia/MiniMax-M2.7-NVFP4 --total-gpus 128 --system gb300 --backend sglang --backend-version 0.5.10 --database-mode SILICON --isl 256 --osl 256 --prefix 128 --ttft 2000000.0 --tpot 50000.0 --top-n 1 --no-color,silicon
nvidia/MiniMax-M2.7-NVFP4,MiniMaxM2ForCausalLM,gb300,sglang,0.5.12,agg,PASS,,uv run aiconfigurator cli default --model-path nvidia/MiniMax-M2.7-NVFP4 --total-gpus 128 --system gb300 --backend sglang --backend-version 0.5.12 --database-mode SILICON --isl 256 --osl 256 --prefix 128 --ttft 2000000.0 --tpot 50000.0 --top-n 1 --no-color,silicon
nvidia/MiniMax-M2.7-NVFP4,MiniMaxM2ForCausalLM,gb300,sglang,0.5.12,disagg,PASS,,uv run aiconfigurator cli default --model-path nvidia/MiniMax-M2.7-NVFP4 --total-gpus 128 --system gb300 --backend sglang --backend-version 0.5.12 --database-mode SILICON --isl 256 --osl 256 --prefix 128 --ttft 2000000.0 --tpot 50000.0 --top-n 1 --no-color,silicon
nvidia/MiniMax-M2.7-NVFP4,MiniMaxM2ForCausalLM,gb300,sglang,0.5.14,agg,PASS,,uv run aiconfigurator cli default --model-path nvidia/MiniMax-M2.7-NVFP4 --total-gpus 128 --system gb300 --backend sglang --backend-version 0.5.14 --database-mode SILICON --isl 256 --osl 256 --prefix 128 --ttft 2000000.0 --tpot 50000.0 --top-n 1 --no-color,silicon
nvidia/MiniMax-M2.7-NVFP4,MiniMaxM2ForCausalLM,gb300,sglang,0.5.14,disagg,PASS,,uv run aiconfigurator cli default --model-path nvidia/MiniMax-M2.7-NVFP4 --total-gpus 128 --system gb300 --backend sglang --backend-version 0.5.14 --database-mode SILICON --isl 256 --osl 256 --prefix 128 --ttft 2000000.0 --tpot 50000.0 --top-n 1 --no-color,silicon
nvidia/MiniMax-M2.7-NVFP4,MiniMaxM2ForCausalLM,gb300,sglang,0.5.9,agg,PASS,,uv run aiconfigurator cli default --model-path nvidia/MiniMax-M2.7-NVFP4 --total-gpus 128 --system gb300 --backend sglang --backend-version 0.5.9 --database-mode SILICON --isl 256 --osl 256 --prefix 128 --ttft 2000000.0 --tpot 50000.0 --top-n 1 --no-color,silicon
nvidia/MiniMax-M2.7-NVFP4,MiniMaxM2ForCausalLM,gb300,sglang,0.5.9,disagg,PASS,,uv run aiconfigurator cli default --model-path nvidia/MiniMax-M2.7-NVFP4 --total-gpus 128 --system gb300 --backend sglang --backend-version 0.5.9 --database-mode SILICON --isl 256 --osl 256 --prefix 128 --ttft 2000000.0 --tpot 50000.0 --top-n 1 --no-color,silicon
nvidia/MiniMax-M2.7-NVFP4,MiniMaxM2ForCausalLM,gb300,trtllm,1.3.0rc10,agg,PASS,,uv run aiconfigurator cli default --model-path nvidia/MiniMax-M2.7-NVFP4 --total-gpus 128 --system gb300 --backend trtllm --backend-version 1.3.0rc10 --database-mode SILICON --isl 256 --osl 256 --prefix 128 --ttft 2000000.0 --tpot 50000.0 --top-n 1 --no-color,silicon
nvidia/MiniMax-M2.7-NVFP4,MiniMaxM2ForCausalLM,gb300,trtllm,1.3.0rc10,disagg,PASS,,uv run aiconfigurator cli default --model-path nvidia/MiniMax-M2.7-NVFP4 --total-gpus 128 --system gb300 --backend trtllm --backend-version 1.3.0rc10 --database-mode SILICON --isl 256 --osl 256 --prefix 128 --ttft 2000000.0 --tpot 50000.0 --top-n 1 --no-color,silicon
nvidia/MiniMax-M2.7-NVFP4,MiniMaxM2ForCausalLM,gb300,trtllm,1.3.0rc15,agg,PASS,,uv run aiconfigurator cli default --model-path nvidia/MiniMax-M2.7-NVFP4 --total-gpus 128 --system gb300 --backend trtllm --backend-version 1.3.0rc15 --database-mode SILICON --isl 256 --osl 256 --prefix 128 --ttft 2000000.0 --tpot 50000.0 --top-n 1 --no-color,silicon
nvidia/MiniMax-M2.7-NVFP4,MiniMaxM2ForCausalLM,gb300,trtllm,1.3.0rc15,disagg,PASS,,uv run aiconfigurator cli default --model-path nvidia/MiniMax-M2.7-NVFP4 --total-gpus 128 --system gb300 --backend trtllm --backend-version 1.3.0rc15 --database-mode SILICON --isl 256 --osl 256 --prefix 128 --ttft 2000000.0 --tpot 50000.0 --top-n 1 --no-color,silicon
nvidia/MiniMax-M2.7-NVFP4,MiniMaxM2ForCausalLM,gb300,trtllm,1.3.0rc20,agg,PASS,,uv run aiconfigurator cli default --model-path nvidia/MiniMax-M2.7-NVFP4 --total-gpus 128 --system gb300 --backend trtllm --backend-version 1.3.0rc20 --database-mode SILICON --isl 256 --osl 256 --prefix 128 --ttft 2000000.0 --tpot 50000.0 --top-n 1 --no-color,silicon
nvidia/MiniMax-M2.7-NVFP4,MiniMaxM2ForCausalLM,gb300,trtllm,1.3.0rc20,disagg,PASS,,uv run aiconfigurator cli default --model-path nvidia/MiniMax-M2.7-NVFP4 --total-gpus 128 --system gb300 --backend trtllm --backend-version 1.3.0rc20 --database-mode SILICON --isl 256 --osl 256 --prefix 128 --ttft 2000000.0 --tpot 50000.0 --top-n 1 --no-color,silicon
nvidia/MiniMax-M2.7-NVFP4,MiniMaxM2ForCausalLM,gb300,vllm,0.19.0,agg,PASS,,uv run aiconfigurator cli default --model-path nvidia/MiniMax-M2.7-NVFP4 --total-gpus 128 --system gb300 --backend vllm --backend-version 0.19.0 --database-mode SILICON --isl 256 --osl 256 --prefix 128 --ttft 2000000.0 --tpot 50000.0 --top-n 1 --no-color,silicon
nvidia/MiniMax-M2.7-NVFP4,MiniMaxM2ForCausalLM,gb300,vllm,0.19.0,disagg,PASS,,uv run aiconfigurator cli default --model-path nvidia/MiniMax-M2.7-NVFP4 --total-gpus 128 --system gb300 --backend vllm --backend-version 0.19.0 --database-mode SILICON --isl 256 --osl 256 --prefix 128 --ttft 2000000.0 --tpot 50000.0 --top-n 1 --no-color,silicon
nvidia/MiniMax-M2.7-NVFP4,MiniMaxM2ForCausalLM,gb300,vllm,0.22.0,agg,PASS,,uv run aiconfigurator cli default --model-path nvidia/MiniMax-M2.7-NVFP4 --total-gpus 128 --system gb300 --backend vllm --backend-version 0.22.0 --database-mode SILICON --isl 256 --osl 256 --prefix 128 --ttft 2000000.0 --tpot 50000.0 --top-n 1 --no-color,silicon
nvidia/MiniMax-M2.7-NVFP4,MiniMaxM2ForCausalLM,gb300,vllm,0.22.0,disagg,PASS,,uv run aiconfigurator cli default --model-path nvidia/MiniMax-M2.7-NVFP4 --total-gpus 128 --system gb300 --backend vllm --backend-version 0.22.0 --database-mode SILICON --isl 256 --osl 256 --prefix 128 --ttft 2000000.0 --tpot 50000.0 --top-n 1 --no-color,silicon
nvidia/MiniMax-M2.7-NVFP4,MiniMaxM2ForCausalLM,gb300,vllm,0.24.0,agg,PASS,,uv run aiconfigurator cli default --model-path nvidia/MiniMax-M2.7-NVFP4 --total-gpus 128 --system gb300 --backend vllm --backend-version 0.24.0 --database-mode SILICON --isl 256 --osl 256 --prefix 128 --ttft 2000000.0 --tpot 50000.0 --top-n 1 --no-color,silicon
nvidia/MiniMax-M2.7-NVFP4,MiniMaxM2ForCausalLM,gb300,vllm,0.24.0,disagg,PASS,,uv run aiconfigurator cli default --model-path nvidia/MiniMax-M2.7-NVFP4 --total-gpus 128 --system gb300 --backend vllm --backend-version 0.24.0 --database-mode SILICON --isl 256 --osl 256 --prefix 128 --ttft 2000000.0 --tpot 50000.0 --top-n 1 --no-color,silicon
nvidia/NVIDIA-Nemotron-3-Nano-30B-A3B-BF16,NemotronHForCausalLM,gb300,sglang,0.5.10,agg,PASS,,uv run aiconfigurator cli default --model-path nvidia/NVIDIA-Nemotron-3-Nano-30B-A3B-BF16 --total-gpus 128 --system gb300 --backend sglang --backend-version 0.5.10 --database-mode SILICON --isl 256 --osl 256 --prefix 128 --ttft 2000000.0 --tpot 50000.0 --top-n 1 --no-color,silicon
nvidia/NVIDIA-Nemotron-3-Nano-30B-A3B-BF16,NemotronHForCausalLM,gb300,sglang,0.5.10,disagg,PASS,,uv run aiconfigurator cli default --model-path nvidia/NVIDIA-Nemotron-3-Nano-30B-A3B-BF16 --total-gpus 128 --system gb300 --backend sglang --backend-version 0.5.10 --database-mode SILICON --isl 256 --osl 256 --prefix 128 --ttft 2000000.0 --tpot 50000.0 --top-n 1 --no-color,silicon
nvidia/NVIDIA-Nemotron-3-Nano-30B-A3B-BF16,NemotronHForCausalLM,gb300,sglang,0.5.12,agg,PASS,,uv run aiconfigurator cli default --model-path nvidia/NVIDIA-Nemotron-3-Nano-30B-A3B-BF16 --total-gpus 128 --system gb300 --backend sglang --backend-version 0.5.12 --database-mode SILICON --isl 256 --osl 256 --prefix 128 --ttft 2000000.0 --tpot 50000.0 --top-n 1 --no-color,silicon
nvidia/NVIDIA-Nemotron-3-Nano-30B-A3B-BF16,NemotronHForCausalLM,gb300,sglang,0.5.12,disagg,PASS,,uv run aiconfigurator cli default --model-path nvidia/NVIDIA-Nemotron-3-Nano-30B-A3B-BF16 --total-gpus 128 --system gb300 --backend sglang --backend-version 0.5.12 --database-mode SILICON --isl 256 --osl 256 --prefix 128 --ttft 2000000.0 --tpot 50000.0 --top-n 1 --no-color,silicon
nvidia/NVIDIA-Nemotron-3-Nano-30B-A3B-BF16,NemotronHForCausalLM,gb300,sglang,0.5.14,agg,PASS,,uv run aiconfigurator cli default --model-path nvidia/NVIDIA-Nemotron-3-Nano-30B-A3B-BF16 --total-gpus 128 --system gb300 --backend sglang --backend-version 0.5.14 --database-mode SILICON --isl 256 --osl 256 --prefix 128 --ttft 2000000.0 --tpot 50000.0 --top-n 1 --no-color,silicon
nvidia/NVIDIA-Nemotron-3-Nano-30B-A3B-BF16,NemotronHForCausalLM,gb300,sglang,0.5.14,disagg,PASS,,uv run aiconfigurator cli default --model-path nvidia/NVIDIA-Nemotron-3-Nano-30B-A3B-BF16 --total-gpus 128 --system gb300 --backend sglang --backend-version 0.5.14 --database-mode SILICON --isl 256 --osl 256 --prefix 128 --ttft 2000000.0 --tpot 50000.0 --top-n 1 --no-color,silicon
nvidia/NVIDIA-Nemotron-3-Nano-30B-A3B-BF16,NemotronHForCausalLM,gb300,sglang,0.5.9,agg,PASS,,uv run aiconfigurator cli default --model-path nvidia/NVIDIA-Nemotron-3-Nano-30B-A3B-BF16 --total-gpus 128 --system gb300 --backend sglang --backend-version 0.5.9 --database-mode SILICON --isl 256 --osl 256 --prefix 128 --ttft 2000000.0 --tpot 50000.0 --top-n 1 --no-color,silicon
nvidia/NVIDIA-Nemotron-3-Nano-30B-A3B-BF16,NemotronHForCausalLM,gb300,sglang,0.5.9,disagg,PASS,,uv run aiconfigurator cli default --model-path nvidia/NVIDIA-Nemotron-3-Nano-30B-A3B-BF16 --total-gpus 128 --system gb300 --backend sglang --backend-version 0.5.9 --database-mode SILICON --isl 256 --osl 256 --prefix 128 --ttft 2000000.0 --tpot 50000.0 --top-n 1 --no-color,silicon
nvidia/NVIDIA-Nemotron-3-Nano-30B-A3B-BF16,NemotronHForCausalLM,gb300,trtllm,1.3.0rc10,agg,PASS,,uv run aiconfigurator cli default --model-path nvidia/NVIDIA-Nemotron-3-Nano-30B-A3B-BF16 --total-gpus 128 --system gb300 --backend trtllm --backend-version 1.3.0rc10 --database-mode SILICON --isl 256 --osl 256 --prefix 128 --ttft 2000000.0 --tpot 50000.0 --top-n 1 --no-color,silicon
nvidia/NVIDIA-Nemotron-3-Nano-30B-A3B-BF16,NemotronHForCausalLM,gb300,trtllm,1.3.0rc10,disagg,PASS,,uv run aiconfigurator cli default --model-path nvidia/NVIDIA-Nemotron-3-Nano-30B-A3B-BF16 --total-gpus 128 --system gb300 --backend trtllm --backend-version 1.3.0rc10 --database-mode SILICON --isl 256 --osl 256 --prefix 128 --ttft 2000000.0 --tpot 50000.0 --top-n 1 --no-color,silicon
nvidia/NVIDIA-Nemotron-3-Nano-30B-A3B-BF16,NemotronHForCausalLM,gb300,trtllm,1.3.0rc15,agg,PASS,,uv run aiconfigurator cli default --model-path nvidia/NVIDIA-Nemotron-3-Nano-30B-A3B-BF16 --total-gpus 128 --system gb300 --backend trtllm --backend-version 1.3.0rc15 --database-mode SILICON --isl 256 --osl 256 --prefix 128 --ttft 2000000.0 --tpot 50000.0 --top-n 1 --no-color,silicon
nvidia/NVIDIA-Nemotron-3-Nano-30B-A3B-BF16,NemotronHForCausalLM,gb300,trtllm,1.3.0rc15,disagg,PASS,,uv run aiconfigurator cli default --model-path nvidia/NVIDIA-Nemotron-3-Nano-30B-A3B-BF16 --total-gpus 128 --system gb300 --backend trtllm --backend-version 1.3.0rc15 --database-mode SILICON --isl 256 --osl 256 --prefix 128 --ttft 2000000.0 --tpot 50000.0 --top-n 1 --no-color,silicon
nvidia/NVIDIA-Nemotron-3-Nano-30B-A3B-BF16,NemotronHForCausalLM,gb300,trtllm,1.3.0rc20,agg,PASS,,uv run aiconfigurator cli default --model-path nvidia/NVIDIA-Nemotron-3-Nano-30B-A3B-BF16 --total-gpus 128 --system gb300 --backend trtllm --backend-version 1.3.0rc20 --database-mode SILICON --isl 256 --osl 256 --prefix 128 --ttft 2000000.0 --tpot 50000.0 --top-n 1 --no-color,silicon
nvidia/NVIDIA-Nemotron-3-Nano-30B-A3B-BF16,NemotronHForCausalLM,gb300,trtllm,1.3.0rc20,disagg,PASS,,uv run aiconfigurator cli default --model-path nvidia/NVIDIA-Nemotron-3-Nano-30B-A3B-BF16 --total-gpus 128 --system gb300 --backend trtllm --backend-version 1.3.0rc20 --database-mode SILICON --isl 256 --osl 256 --prefix 128 --ttft 2000000.0 --tpot 50000.0 --top-n 1 --no-color,silicon
nvidia/NVIDIA-Nemotron-3-Nano-30B-A3B-BF16,NemotronHForCausalLM,gb300,vllm,0.19.0,agg,PASS,,uv run aiconfigurator cli default --model-path nvidia/NVIDIA-Nemotron-3-Nano-30B-A3B-BF16 --total-gpus 128 --system gb300 --backend vllm --backend-version 0.19.0 --database-mode SILICON --isl 256 --osl 256 --prefix 128 --ttft 2000000.0 --tpot 50000.0 --top-n 1 --no-color,silicon
nvidia/NVIDIA-Nemotron-3-Nano-30B-A3B-BF16,NemotronHForCausalLM,gb300,vllm,0.19.0,disagg,PASS,,uv run aiconfigurator cli default --model-path nvidia/NVIDIA-Nemotron-3-Nano-30B-A3B-BF16 --total-gpus 128 --system gb300 --backend vllm --backend-version 0.19.0 --database-mode SILICON --isl 256 --osl 256 --prefix 128 --ttft 2000000.0 --tpot 50000.0 --top-n 1 --no-color,silicon
nvidia/NVIDIA-Nemotron-3-Nano-30B-A3B-BF16,NemotronHForCausalLM,gb300,vllm,0.22.0,agg,PASS,,uv run aiconfigurator cli default --model-path nvidia/NVIDIA-Nemotron-3-Nano-30B-A3B-BF16 --total-gpus 128 --system gb300 --backend vllm --backend-version 0.22.0 --database-mode SILICON --isl 256 --osl 256 --prefix 128 --ttft 2000000.0 --tpot 50000.0 --top-n 1 --no-color,silicon
nvidia/NVIDIA-Nemotron-3-Nano-30B-A3B-BF16,NemotronHForCausalLM,gb300,vllm,0.22.0,disagg,PASS,,uv run aiconfigurator cli default --model-path nvidia/NVIDIA-Nemotron-3-Nano-30B-A3B-BF16 --total-gpus 128 --system gb300 --backend vllm --backend-version 0.22.0 --database-mode SILICON --isl 256 --osl 256 --prefix 128 --ttft 2000000.0 --tpot 50000.0 --top-n 1 --no-color,silicon
nvidia/NVIDIA-Nemotron-3-Nano-30B-A3B-BF16,NemotronHForCausalLM,gb300,vllm,0.24.0,agg,PASS,,uv run aiconfigurator cli default --model-path nvidia/NVIDIA-Nemotron-3-Nano-30B-A3B-BF16 --total-gpus 128 --system gb300 --backend vllm --backend-version 0.24.0 --database-mode SILICON --isl 256 --osl 256 --prefix 128 --ttft 2000000.0 --tpot 50000.0 --top-n 1 --no-color,silicon
nvidia/NVIDIA-Nemotron-3-Nano-30B-A3B-BF16,NemotronHForCausalLM,gb300,vllm,0.24.0,disagg,PASS,,uv run aiconfigurator cli default --model-path nvidia/NVIDIA-Nemotron-3-Nano-30B-A3B-BF16 --total-gpus 128 --system gb300 --backend vllm --backend-version 0.24.0 --database-mode SILICON --isl 256 --osl 256 --prefix 128 --ttft 2000000.0 --tpot 50000.0 --top-n 1 --no-color,silicon
nvidia/NVIDIA-Nemotron-3-Super-120B-A12B-NVFP4,NemotronHForCausalLM,gb300,sglang,0.5.10,agg,HYBRID_PASS,,uv run aiconfigurator cli default --model-path nvidia/NVIDIA-Nemotron-3-Super-120B-A12B-NVFP4 --total-gpus 128 --system gb300 --backend sglang --backend-version 0.5.10 --database-mode HYBRID --isl 256 --osl 256 --prefix 128 --ttft 2000000.0 --tpot 50000.0 --top-n 1 --no-color,xshape
nvidia/NVIDIA-Nemotron-3-Super-120B-A12B-NVFP4,NemotronHForCausalLM,gb300,sglang,0.5.10,disagg,HYBRID_PASS,,uv run aiconfigurator cli default --model-path nvidia/NVIDIA-Nemotron-3-Super-120B-A12B-NVFP4 --total-gpus 128 --system gb300 --backend sglang --backend-version 0.5.10 --database-mode HYBRID --isl 256 --osl 256 --prefix 128 --ttft 2000000.0 --tpot 50000.0 --top-n 1 --no-color,xshape
nvidia/NVIDIA-Nemotron-3-Super-120B-A12B-NVFP4,NemotronHForCausalLM,gb300,sglang,0.5.12,agg,PASS,,uv run aiconfigurator cli default --model-path nvidia/NVIDIA-Nemotron-3-Super-120B-A12B-NVFP4 --total-gpus 128 --system gb300 --backend sglang --backend-version 0.5.12 --database-mode SILICON --isl 256 --osl 256 --prefix 128 --ttft 2000000.0 --tpot 50000.0 --top-n 1 --no-color,silicon
nvidia/NVIDIA-Nemotron-3-Super-120B-A12B-NVFP4,NemotronHForCausalLM,gb300,sglang,0.5.12,disagg,PASS,,uv run aiconfigurator cli default --model-path nvidia/NVIDIA-Nemotron-3-Super-120B-A12B-NVFP4 --total-gpus 128 --system gb300 --backend sglang --backend-version 0.5.12 --database-mode SILICON --isl 256 --osl 256 --prefix 128 --ttft 2000000.0 --tpot 50000.0 --top-n 1 --no-color,silicon
nvidia/NVIDIA-Nemotron-3-Super-120B-A12B-NVFP4,NemotronHForCausalLM,gb300,sglang,0.5.14,agg,PASS,,uv run aiconfigurator cli default --model-path nvidia/NVIDIA-Nemotron-3-Super-120B-A12B-NVFP4 --total-gpus 128 --system gb300 --backend sglang --backend-version 0.5.14 --database-mode SILICON --isl 256 --osl 256 --prefix 128 --ttft 2000000.0 --tpot 50000.0 --top-n 1 --no-color,silicon
nvidia/NVIDIA-Nemotron-3-Super-120B-A12B-NVFP4,NemotronHForCausalLM,gb300,sglang,0.5.14,disagg,PASS,,uv run aiconfigurator cli default --model-path nvidia/NVIDIA-Nemotron-3-Super-120B-A12B-NVFP4 --total-gpus 128 --system gb300 --backend sglang --backend-version 0.5.14 --database-mode SILICON --isl 256 --osl 256 --prefix 128 --ttft 2000000.0 --tpot 50000.0 --top-n 1 --no-color,silicon
nvidia/NVIDIA-Nemotron-3-Super-120B-A12B-NVFP4,NemotronHForCausalLM,gb300,sglang,0.5.9,agg,HYBRID_PASS,,uv run aiconfigurator cli default --model-path nvidia/NVIDIA-Nemotron-3-Super-120B-A12B-NVFP4 --total-gpus 128 --system gb300 --backend sglang --backend-version 0.5.9 --database-mode HYBRID --isl 256 --osl 256 --prefix 128 --ttft 2000000.0 --tpot 50000.0 --top-n 1 --no-color,xshape
nvidia/NVIDIA-Nemotron-3-Super-120B-A12B-NVFP4,NemotronHForCausalLM,gb300,sglang,0.5.9,disagg,HYBRID_PASS,,uv run aiconfigurator cli default --model-path nvidia/NVIDIA-Nemotron-3-Super-120B-A12B-NVFP4 --total-gpus 128 --system gb300 --backend sglang --backend-version 0.5.9 --database-mode HYBRID --isl 256 --osl 256 --prefix 128 --ttft 2000000.0 --tpot 50000.0 --top-n 1 --no-color,xshape
nvidia/NVIDIA-Nemotron-3-Super-120B-A12B-NVFP4,NemotronHForCausalLM,gb300,trtllm,1.3.0rc10,agg,HYBRID_PASS,,uv run aiconfigurator cli default --model-path nvidia/NVIDIA-Nemotron-3-Super-120B-A12B-NVFP4 --total-gpus 128 --system gb300 --backend trtllm --backend-version 1.3.0rc10 --database-mode HYBRID --isl 256 --osl 256 --prefix 128 --ttft 2000000.0 --tpot 50000.0 --top-n 1 --no-color,xshape
nvidia/NVIDIA-Nemotron-3-Super-120B-A12B-NVFP4,NemotronHForCausalLM,gb300,trtllm,1.3.0rc10,disagg,HYBRID_PASS,,uv run aiconfigurator cli default --model-path nvidia/NVIDIA-Nemotron-3-Super-120B-A12B-NVFP4 --total-gpus 128 --system gb300 --backend trtllm --backend-version 1.3.0rc10 --database-mode HYBRID --isl 256 --osl 256 --prefix 128 --ttft 2000000.0 --tpot 50000.0 --top-n 1 --no-color,xshape
nvidia/NVIDIA-Nemotron-3-Super-120B-A12B-NVFP4,NemotronHForCausalLM,gb300,trtllm,1.3.0rc15,agg,HYBRID_PASS,,uv run aiconfigurator cli default --model-path nvidia/NVIDIA-Nemotron-3-Super-120B-A12B-NVFP4 --total-gpus 128 --system gb300 --backend trtllm --backend-version 1.3.0rc15 --database-mode HYBRID --isl 256 --osl 256 --prefix 128 --ttft 2000000.0 --tpot 50000.0 --top-n 1 --no-color,xshape
nvidia/NVIDIA-Nemotron-3-Super-120B-A12B-NVFP4,NemotronHForCausalLM,gb300,trtllm,1.3.0rc15,disagg,HYBRID_PASS,,uv run aiconfigurator cli default --model-path nvidia/NVIDIA-Nemotron-3-Super-120B-A12B-NVFP4 --total-gpus 128 --system gb300 --backend trtllm --backend-version 1.3.0rc15 --database-mode HYBRID --isl 256 --osl 256 --prefix 128 --ttft 2000000.0 --tpot 50000.0 --top-n 1 --no-color,xshape
nvidia/NVIDIA-Nemotron-3-Super-120B-A12B-NVFP4,NemotronHForCausalLM,gb300,trtllm,1.3.0rc20,agg,PASS,,uv run aiconfigurator cli default --model-path nvidia/NVIDIA-Nemotron-3-Super-120B-A12B-NVFP4 --total-gpus 128 --system gb300 --backend trtllm --backend-version 1.3.0rc20 --database-mode SILICON --isl 256 --osl 256 --prefix 128 --ttft 2000000.0 --tpot 50000.0 --top-n 1 --no-color,silicon
nvidia/NVIDIA-Nemotron-3-Super-120B-A12B-NVFP4,NemotronHForCausalLM,gb300,trtllm,1.3.0rc20,disagg,PASS,,uv run aiconfigurator cli default --model-path nvidia/NVIDIA-Nemotron-3-Super-120B-A12B-NVFP4 --total-gpus 128 --system gb300 --backend trtllm --backend-version 1.3.0rc20 --database-mode SILICON --isl 256 --osl 256 --prefix 128 --ttft 2000000.0 --tpot 50000.0 --top-n 1 --no-color,silicon
nvidia/NVIDIA-Nemotron-3-Super-120B-A12B-NVFP4,NemotronHForCausalLM,gb300,vllm,0.19.0,agg,HYBRID_PASS,,uv run aiconfigurator cli default --model-path nvidia/NVIDIA-Nemotron-3-Super-120B-A12B-NVFP4 --total-gpus 128 --system gb300 --backend vllm --backend-version 0.19.0 --database-mode HYBRID --isl 256 --osl 256 --prefix 128 --ttft 2000000.0 --tpot 50000.0 --top-n 1 --no-color,xshape
nvidia/NVIDIA-Nemotron-3-Super-120B-A12B-NVFP4,NemotronHForCausalLM,gb300,vllm,0.19.0,disagg,HYBRID_PASS,,uv run aiconfigurator cli default --model-path nvidia/NVIDIA-Nemotron-3-Super-120B-A12B-NVFP4 --total-gpus 128 --system gb300 --backend vllm --backend-version 0.19.0 --database-mode HYBRID --isl 256 --osl 256 --prefix 128 --ttft 2000000.0 --tpot 50000.0 --top-n 1 --no-color,xshape
nvidia/NVIDIA-Nemotron-3-Super-120B-A12B-NVFP4,NemotronHForCausalLM,gb300,vllm,0.22.0,agg,HYBRID_PASS,,uv run aiconfigurator cli default --model-path nvidia/NVIDIA-Nemotron-3-Super-120B-A12B-NVFP4 --total-gpus 128 --system gb300 --backend vllm --backend-version 0.22.0 --database-mode HYBRID --isl 256 --osl 256 --prefix 128 --ttft 2000000.0 --tpot 50000.0 --top-n 1 --no-color,xshape
nvidia/NVIDIA-Nemotron-3-Super-120B-A12B-NVFP4,NemotronHForCausalLM,gb300,vllm,0.22.0,disagg,HYBRID_PASS,,uv run aiconfigurator cli default --model-path nvidia/NVIDIA-Nemotron-3-Super-120B-A12B-NVFP4 --total-gpus 128 --system gb300 --backend vllm --backend-version 0.22.0 --database-mode HYBRID --isl 256 --osl 256 --prefix 128 --ttft 2000000.0 --tpot 50000.0 --top-n 1 --no-color,xshape
nvidia/NVIDIA-Nemotron-3-Super-120B-A12B-NVFP4,NemotronHForCausalLM,gb300,vllm,0.24.0,agg,HYBRID_PASS,,uv run aiconfigurator cli default --model-path nvidia/NVIDIA-Nemotron-3-Super-120B-A12B-NVFP4 --total-gpus 128 --system gb300 --backend vllm --backend-version 0.24.0 --database-mode HYBRID --isl 256 --osl 256 --prefix 128 --ttft 2000000.0 --tpot 50000.0 --top-n 1 --no-color,xshape
nvidia/NVIDIA-Nemotron-3-Super-120B-A12B-NVFP4,NemotronHForCausalLM,gb300,vllm,0.24.0,disagg,HYBRID_PASS,,uv run aiconfigurator cli default --model-path nvidia/NVIDIA-Nemotron-3-Super-120B-A12B-NVFP4 --total-gpus 128 --system gb300 --backend vllm --backend-version 0.24.0 --database-mode HYBRID --isl 256 --osl 256 --prefix 128 --ttft 2000000.0 --tpot 50000.0 --top-n 1 --no-color,xshape
nvidia/NVIDIA-Nemotron-3-Ultra-550B-A55B-BF16,NemotronHForCausalLM,gb300,sglang,0.5.10,agg,HYBRID_PASS,,uv run aiconfigurator cli default --model-path nvidia/NVIDIA-Nemotron-3-Ultra-550B-A55B-BF16 --total-gpus 128 --system gb300 --backend sglang --backend-version 0.5.10 --database-mode HYBRID --isl 256 --osl 256 --prefix 128 --ttft 2000000.0 --tpot 50000.0 --top-n 1 --no-color,xshape
nvidia/NVIDIA-Nemotron-3-Ultra-550B-A55B-BF16,NemotronHForCausalLM,gb300,sglang,0.5.10,disagg,HYBRID_PASS,,uv run aiconfigurator cli default --model-path nvidia/NVIDIA-Nemotron-3-Ultra-550B-A55B-BF16 --total-gpus 128 --system gb300 --backend sglang --backend-version 0.5.10 --database-mode HYBRID --isl 256 --osl 256 --prefix 128 --ttft 2000000.0 --tpot 50000.0 --top-n 1 --no-color,xshape
nvidia/NVIDIA-Nemotron-3-Ultra-550B-A55B-BF16,NemotronHForCausalLM,gb300,sglang,0.5.12,agg,PASS,,uv run aiconfigurator cli default --model-path nvidia/NVIDIA-Nemotron-3-Ultra-550B-A55B-BF16 --total-gpus 128 --system gb300 --backend sglang --backend-version 0.5.12 --database-mode SILICON --isl 256 --osl 256 --prefix 128 --ttft 2000000.0 --tpot 50000.0 --top-n 1 --no-color,silicon
nvidia/NVIDIA-Nemotron-3-Ultra-550B-A55B-BF16,NemotronHForCausalLM,gb300,sglang,0.5.12,disagg,PASS,,uv run aiconfigurator cli default --model-path nvidia/NVIDIA-Nemotron-3-Ultra-550B-A55B-BF16 --total-gpus 128 --system gb300 --backend sglang --backend-version 0.5.12 --database-mode SILICON --isl 256 --osl 256 --prefix 128 --ttft 2000000.0 --tpot 50000.0 --top-n 1 --no-color,silicon
nvidia/NVIDIA-Nemotron-3-Ultra-550B-A55B-BF16,NemotronHForCausalLM,gb300,sglang,0.5.14,agg,PASS,,uv run aiconfigurator cli default --model-path nvidia/NVIDIA-Nemotron-3-Ultra-550B-A55B-BF16 --total-gpus 128 --system gb300 --backend sglang --backend-version 0.5.14 --database-mode SILICON --isl 256 --osl 256 --prefix 128 --ttft 2000000.0 --tpot 50000.0 --top-n 1 --no-color,silicon
nvidia/NVIDIA-Nemotron-3-Ultra-550B-A55B-BF16,NemotronHForCausalLM,gb300,sglang,0.5.14,disagg,PASS,,uv run aiconfigurator cli default --model-path nvidia/NVIDIA-Nemotron-3-Ultra-550B-A55B-BF16 --total-gpus 128 --system gb300 --backend sglang --backend-version 0.5.14 --database-mode SILICON --isl 256 --osl 256 --prefix 128 --ttft 2000000.0 --tpot 50000.0 --top-n 1 --no-color,silicon
nvidia/NVIDIA-Nemotron-3-Ultra-550B-A55B-BF16,NemotronHForCausalLM,gb300,sglang,0.5.9,agg,HYBRID_PASS,,uv run aiconfigurator cli default --model-path nvidia/NVIDIA-Nemotron-3-Ultra-550B-A55B-BF16 --total-gpus 128 --system gb300 --backend sglang --backend-version 0.5.9 --database-mode HYBRID --isl 256 --osl 256 --prefix 128 --ttft 2000000.0 --tpot 50000.0 --top-n 1 --no-color,xshape
nvidia/NVIDIA-Nemotron-3-Ultra-550B-A55B-BF16,NemotronHForCausalLM,gb300,sglang,0.5.9,disagg,HYBRID_PASS,,uv run aiconfigurator cli default --model-path nvidia/NVIDIA-Nemotron-3-Ultra-550B-A55B-BF16 --total-gpus 128 --system gb300 --backend sglang --backend-version 0.5.9 --database-mode HYBRID --isl 256 --osl 256 --prefix 128 --ttft 2000000.0 --tpot 50000.0 --top-n 1 --no-color,xshape
nvidia/NVIDIA-Nemotron-3-Ultra-550B-A55B-BF16,NemotronHForCausalLM,gb300,trtllm,1.3.0rc10,agg,HYBRID_PASS,,uv run aiconfigurator cli default --model-path nvidia/NVIDIA-Nemotron-3-Ultra-550B-A55B-BF16 --total-gpus 128 --system gb300 --backend trtllm --backend-version 1.3.0rc10 --database-mode HYBRID --isl 256 --osl 256 --prefix 128 --ttft 2000000.0 --tpot 50000.0 --top-n 1 --no-color,xshape
nvidia/NVIDIA-Nemotron-3-Ultra-550B-A55B-BF16,NemotronHForCausalLM,gb300,trtllm,1.3.0rc10,disagg,HYBRID_PASS,,uv run aiconfigurator cli default --model-path nvidia/NVIDIA-Nemotron-3-Ultra-550B-A55B-BF16 --total-gpus 128 --system gb300 --backend trtllm --backend-version 1.3.0rc10 --database-mode HYBRID --isl 256 --osl 256 --prefix 128 --ttft 2000000.0 --tpot 50000.0 --top-n 1 --no-color,xshape
nvidia/NVIDIA-Nemotron-3-Ultra-550B-A55B-BF16,NemotronHForCausalLM,gb300,trtllm,1.3.0rc15,agg,HYBRID_PASS,,uv run aiconfigurator cli default --model-path nvidia/NVIDIA-Nemotron-3-Ultra-550B-A55B-BF16 --total-gpus 128 --system gb300 --backend trtllm --backend-version 1.3.0rc15 --database-mode HYBRID --isl 256 --osl 256 --prefix 128 --ttft 2000000.0 --tpot 50000.0 --top-n 1 --no-color,xshape
nvidia/NVIDIA-Nemotron-3-Ultra-550B-A55B-BF16,NemotronHForCausalLM,gb300,trtllm,1.3.0rc15,disagg,HYBRID_PASS,,uv run aiconfigurator cli default --model-path nvidia/NVIDIA-Nemotron-3-Ultra-550B-A55B-BF16 --total-gpus 128 --system gb300 --backend trtllm --backend-version 1.3.0rc15 --database-mode HYBRID --isl 256 --osl 256 --prefix 128 --ttft 2000000.0 --tpot 50000.0 --top-n 1 --no-color,xshape
nvidia/NVIDIA-Nemotron-3-Ultra-550B-A55B-BF16,NemotronHForCausalLM,gb300,trtllm,1.3.0rc20,agg,PASS,,uv run aiconfigurator cli default --model-path nvidia/NVIDIA-Nemotron-3-Ultra-550B-A55B-BF16 --total-gpus 128 --system gb300 --backend trtllm --backend-version 1.3.0rc20 --database-mode SILICON --isl 256 --osl 256 --prefix 128 --ttft 2000000.0 --tpot 50000.0 --top-n 1 --no-color,silicon
nvidia/NVIDIA-Nemotron-3-Ultra-550B-A55B-BF16,NemotronHForCausalLM,gb300,trtllm,1.3.0rc20,disagg,PASS,,uv run aiconfigurator cli default --model-path nvidia/NVIDIA-Nemotron-3-Ultra-550B-A55B-BF16 --total-gpus 128 --system gb300 --backend trtllm --backend-version 1.3.0rc20 --database-mode SILICON --isl 256 --osl 256 --prefix 128 --ttft 2000000.0 --tpot 50000.0 --top-n 1 --no-color,silicon
nvidia/NVIDIA-Nemotron-3-Ultra-550B-A55B-BF16,NemotronHForCausalLM,gb300,vllm,0.19.0,agg,HYBRID_PASS,,uv run aiconfigurator cli default --model-path nvidia/NVIDIA-Nemotron-3-Ultra-550B-A55B-BF16 --total-gpus 128 --system gb300 --backend vllm --backend-version 0.19.0 --database-mode HYBRID --isl 256 --osl 256 --prefix 128 --ttft 2000000.0 --tpot 50000.0 --top-n 1 --no-color,xshape
nvidia/NVIDIA-Nemotron-3-Ultra-550B-A55B-BF16,NemotronHForCausalLM,gb300,vllm,0.19.0,disagg,HYBRID_PASS,,uv run aiconfigurator cli default --model-path nvidia/NVIDIA-Nemotron-3-Ultra-550B-A55B-BF16 --total-gpus 128 --system gb300 --backend vllm --backend-version 0.19.0 --database-mode HYBRID --isl 256 --osl 256 --prefix 128 --ttft 2000000.0 --tpot 50000.0 --top-n 1 --no-color,xshape
nvidia/NVIDIA-Nemotron-3-Ultra-550B-A55B-BF16,NemotronHForCausalLM,gb300,vllm,0.22.0,agg,PASS,,uv run aiconfigurator cli default --model-path nvidia/NVIDIA-Nemotron-3-Ultra-550B-A55B-BF16 --total-gpus 128 --system gb300 --backend vllm --backend-version 0.22.0 --database-mode SILICON --isl 256 --osl 256 --prefix 128 --ttft 2000000.0 --tpot 50000.0 --top-n 1 --no-color,silicon
nvidia/NVIDIA-Nemotron-3-Ultra-550B-A55B-BF16,NemotronHForCausalLM,gb300,vllm,0.22.0,disagg,PASS,,uv run aiconfigurator cli default --model-path nvidia/NVIDIA-Nemotron-3-Ultra-550B-A55B-BF16 --total-gpus 128 --system gb300 --backend vllm --backend-version 0.22.0 --database-mode SILICON --isl 256 --osl 256 --prefix 128 --ttft 2000000.0 --tpot 50000.0 --top-n 1 --no-color,silicon
nvidia/NVIDIA-Nemotron-3-Ultra-550B-A55B-BF16,NemotronHForCausalLM,gb300,vllm,0.24.0,agg,PASS,,uv run aiconfigurator cli default --model-path nvidia/NVIDIA-Nemotron-3-Ultra-550B-A55B-BF16 --total-gpus 128 --system gb300 --backend vllm --backend-version 0.24.0 --database-mode SILICON --isl 256 --osl 256 --prefix 128 --ttft 2000000.0 --tpot 50000.0 --top-n 1 --no-color,silicon
nvidia/NVIDIA-Nemotron-3-Ultra-550B-A55B-BF16,NemotronHForCausalLM,gb300,vllm,0.24.0,disagg,PASS,,uv run aiconfigurator cli default --model-path nvidia/NVIDIA-Nemotron-3-Ultra-550B-A55B-BF16 --total-gpus 128 --system gb300 --backend vllm --backend-version 0.24.0 --database-mode SILICON --isl 256 --osl 256 --prefix 128 --ttft 2000000.0 --tpot 50000.0 --top-n 1 --no-color,silicon
nvidia/NVIDIA-Nemotron-3-Ultra-550B-A55B-FP8,NemotronHForCausalLM,gb300,sglang,0.5.10,agg,FRAMEWORK_INCOMPATIBLE,"Traceback (most recent call last):\n  File ""tools/support_matrix/support_matrix.py"", line 925, in _attempt\n    python_pareto_df = SupportMatrix._run_mode(\n                       ^^^^^^^^^^^^^^^^^^^^^^^^\n  File ""tools/support_matrix/support_matrix.py"", line 814, in _run_mode\n    pareto_df = task.run()\n                ^^^^^^^^^^\n  File ""src/aiconfigurator/sdk/task_v2.py"", line 1588, in run\n    self.validate()\n  File ""src/aiconfigurator/sdk/task_v2.py"", line 1237, in validate\n    self._validate_database_quant_modes()\n  File ""src/aiconfigurator/sdk/task_v2.py"", line 1286, in _validate_database_quant_modes\n    self._check_role_against_db(""agg"", validate_context=True, validate_generation=True)\n  File ""src/aiconfigurator/sdk/task_v2.py"", line 1386, in _check_role_against_db\n    _check(""gemm"", self._role_attr(role, ""gemm_quant_mode""))\n  File ""src/aiconfigurator/sdk/task_v2.py"", line 1379, in _check\n    raise exc_type(\nValueError: Unsupported gemm quant mode 'fp8_static' for system='gb300', backend='sglang', version='0.5.10'. Supported gemm modes: ['bfloat16', 'fp8', 'fp8_block', 'nvfp4']\n",uv run aiconfigurator cli default --model-path nvidia/NVIDIA-Nemotron-3-Ultra-550B-A55B-FP8 --total-gpus 128 --system gb300 --backend sglang --backend-version 0.5.10 --database-mode SILICON --isl 256 --osl 256 --prefix 128 --ttft 2000000.0 --tpot 50000.0 --top-n 1 --no-color,
nvidia/NVIDIA-Nemotron-3-Ultra-550B-A55B-FP8,NemotronHForCausalLM,gb300,sglang,0.5.10,disagg,FRAMEWORK_INCOMPATIBLE,"Traceback (most recent call last):\n  File ""tools/support_matrix/support_matrix.py"", line 925, in _attempt\n    python_pareto_df = SupportMatrix._run_mode(\n                       ^^^^^^^^^^^^^^^^^^^^^^^^\n  File ""tools/support_matrix/support_matrix.py"", line 814, in _run_mode\n    pareto_df = task.run()\n                ^^^^^^^^^^\n  File ""src/aiconfigurator/sdk/task_v2.py"", line 1588, in run\n    self.validate()\n  File ""src/aiconfigurator/sdk/task_v2.py"", line 1237, in validate\n    self._validate_database_quant_modes()\n  File ""src/aiconfigurator/sdk/task_v2.py"", line 1288, in _validate_database_quant_modes\n    self._check_role_against_db(""prefill"", validate_context=True, validate_generation=False)\n  File ""src/aiconfigurator/sdk/task_v2.py"", line 1386, in _check_role_against_db\n    _check(""gemm"", self._role_attr(role, ""gemm_quant_mode""))\n  File ""src/aiconfigurator/sdk/task_v2.py"", line 1379, in _check\n    raise exc_type(\nValueError: Unsupported gemm quant mode 'fp8_static' for system='gb300', backend='sglang', version='0.5.10'. Supported gemm modes: ['bfloat16', 'fp8', 'fp8_block', 'nvfp4']\n",uv run aiconfigurator cli default --model-path nvidia/NVIDIA-Nemotron-3-Ultra-550B-A55B-FP8 --total-gpus 128 --system gb300 --backend sglang --backend-version 0.5.10 --database-mode SILICON --isl 256 --osl 256 --prefix 128 --ttft 2000000.0 --tpot 50000.0 --top-n 1 --no-color,
nvidia/NVIDIA-Nemotron-3-Ultra-550B-A55B-FP8,NemotronHForCausalLM,gb300,sglang,0.5.12,agg,FAIL,"Traceback (most recent call last):\n  File ""tools/support_matrix/support_matrix.py"", line 925, in _attempt\n    python_pareto_df = SupportMatrix._run_mode(\n                       ^^^^^^^^^^^^^^^^^^^^^^^^\n  File ""tools/support_matrix/support_matrix.py"", line 814, in _run_mode\n    pareto_df = task.run()\n                ^^^^^^^^^^\n  File ""src/aiconfigurator/sdk/task_v2.py"", line 1588, in run\n    self.validate()\n  File ""src/aiconfigurator/sdk/task_v2.py"", line 1237, in validate\n    self._validate_database_quant_modes()\n  File ""src/aiconfigurator/sdk/task_v2.py"", line 1286, in _validate_database_quant_modes\n    self._check_role_against_db(""agg"", validate_context=True, validate_generation=True)\n  File ""src/aiconfigurator/sdk/task_v2.py"", line 1398, in _check_role_against_db\n    _check(""moe"", moe_mode, profile_transfer=True)\n  File ""src/aiconfigurator/sdk/task_v2.py"", line 1379, in _check\n    raise exc_type(\nValueError: Unsupported moe quant mode 'fp8' for system='gb300', backend='sglang', version='0.5.12'. Supported moe modes: ['bfloat16', 'fp8_block', 'int4_wo', 'nvfp4', 'w4a16_mxfp4', 'w4a8_mxfp4_mxfp8', 'w4a8_mxfp4_mxfp8_trtllm']\n",uv run aiconfigurator cli default --model-path nvidia/NVIDIA-Nemotron-3-Ultra-550B-A55B-FP8 --total-gpus 128 --system gb300 --backend sglang --backend-version 0.5.12 --database-mode SILICON --isl 256 --osl 256 --prefix 128 --ttft 2000000.0 --tpot 50000.0 --top-n 1 --no-color,
nvidia/NVIDIA-Nemotron-3-Ultra-550B-A55B-FP8,NemotronHForCausalLM,gb300,sglang,0.5.12,disagg,FAIL,"Traceback (most recent call last):\n  File ""tools/support_matrix/support_matrix.py"", line 925, in _attempt\n    python_pareto_df = SupportMatrix._run_mode(\n                       ^^^^^^^^^^^^^^^^^^^^^^^^\n  File ""tools/support_matrix/support_matrix.py"", line 814, in _run_mode\n    pareto_df = task.run()\n                ^^^^^^^^^^\n  File ""src/aiconfigurator/sdk/task_v2.py"", line 1588, in run\n    self.validate()\n  File ""src/aiconfigurator/sdk/task_v2.py"", line 1237, in validate\n    self._validate_database_quant_modes()\n  File ""src/aiconfigurator/sdk/task_v2.py"", line 1288, in _validate_database_quant_modes\n    self._check_role_against_db(""prefill"", validate_context=True, validate_generation=False)\n  File ""src/aiconfigurator/sdk/task_v2.py"", line 1398, in _check_role_against_db\n    _check(""moe"", moe_mode, profile_transfer=True)\n  File ""src/aiconfigurator/sdk/task_v2.py"", line 1379, in _check\n    raise exc_type(\nValueError: Unsupported moe quant mode 'fp8' for system='gb300', backend='sglang', version='0.5.12'. Supported moe modes: ['bfloat16', 'fp8_block', 'int4_wo', 'nvfp4', 'w4a16_mxfp4', 'w4a8_mxfp4_mxfp8', 'w4a8_mxfp4_mxfp8_trtllm']\n",uv run aiconfigurator cli default --model-path nvidia/NVIDIA-Nemotron-3-Ultra-550B-A55B-FP8 --total-gpus 128 --system gb300 --backend sglang --backend-version 0.5.12 --database-mode SILICON --isl 256 --osl 256 --prefix 128 --ttft 2000000.0 --tpot 50000.0 --top-n 1 --no-color,
nvidia/NVIDIA-Nemotron-3-Ultra-550B-A55B-FP8,NemotronHForCausalLM,gb300,sglang,0.5.14,agg,FAIL,"Traceback (most recent call last):\n  File ""tools/support_matrix/support_matrix.py"", line 925, in _attempt\n    python_pareto_df = SupportMatrix._run_mode(\n                       ^^^^^^^^^^^^^^^^^^^^^^^^\n  File ""tools/support_matrix/support_matrix.py"", line 814, in _run_mode\n    pareto_df = task.run()\n                ^^^^^^^^^^\n  File ""src/aiconfigurator/sdk/task_v2.py"", line 1588, in run\n    self.validate()\n  File ""src/aiconfigurator/sdk/task_v2.py"", line 1237, in validate\n    self._validate_database_quant_modes()\n  File ""src/aiconfigurator/sdk/task_v2.py"", line 1286, in _validate_database_quant_modes\n    self._check_role_against_db(""agg"", validate_context=True, validate_generation=True)\n  File ""src/aiconfigurator/sdk/task_v2.py"", line 1398, in _check_role_against_db\n    _check(""moe"", moe_mode, profile_transfer=True)\n  File ""src/aiconfigurator/sdk/task_v2.py"", line 1379, in _check\n    raise exc_type(\nValueError: Unsupported moe quant mode 'fp8' for system='gb300', backend='sglang', version='0.5.14'. Supported moe modes: ['bfloat16', 'fp8_block', 'int4_wo', 'nvfp4', 'w4a16_mxfp4', 'w4a8_mxfp4_mxfp8', 'w4a8_mxfp4_mxfp8_trtllm']\n",uv run aiconfigurator cli default --model-path nvidia/NVIDIA-Nemotron-3-Ultra-550B-A55B-FP8 --total-gpus 128 --system gb300 --backend sglang --backend-version 0.5.14 --database-mode SILICON --isl 256 --osl 256 --prefix 128 --ttft 2000000.0 --tpot 50000.0 --top-n 1 --no-color,
nvidia/NVIDIA-Nemotron-3-Ultra-550B-A55B-FP8,NemotronHForCausalLM,gb300,sglang,0.5.14,disagg,FAIL,"Traceback (most recent call last):\n  File ""tools/support_matrix/support_matrix.py"", line 925, in _attempt\n    python_pareto_df = SupportMatrix._run_mode(\n                       ^^^^^^^^^^^^^^^^^^^^^^^^\n  File ""tools/support_matrix/support_matrix.py"", line 814, in _run_mode\n    pareto_df = task.run()\n                ^^^^^^^^^^\n  File ""src/aiconfigurator/sdk/task_v2.py"", line 1588, in run\n    self.validate()\n  File ""src/aiconfigurator/sdk/task_v2.py"", line 1237, in validate\n    self._validate_database_quant_modes()\n  File ""src/aiconfigurator/sdk/task_v2.py"", line 1288, in _validate_database_quant_modes\n    self._check_role_against_db(""prefill"", validate_context=True, validate_generation=False)\n  File ""src/aiconfigurator/sdk/task_v2.py"", line 1398, in _check_role_against_db\n    _check(""moe"", moe_mode, profile_transfer=True)\n  File ""src/aiconfigurator/sdk/task_v2.py"", line 1379, in _check\n    raise exc_type(\nValueError: Unsupported moe quant mode 'fp8' for system='gb300', backend='sglang', version='0.5.14'. Supported moe modes: ['bfloat16', 'fp8_block', 'int4_wo', 'nvfp4', 'w4a16_mxfp4', 'w4a8_mxfp4_mxfp8', 'w4a8_mxfp4_mxfp8_trtllm']\n",uv run aiconfigurator cli default --model-path nvidia/NVIDIA-Nemotron-3-Ultra-550B-A55B-FP8 --total-gpus 128 --system gb300 --backend sglang --backend-version 0.5.14 --database-mode SILICON --isl 256 --osl 256 --prefix 128 --ttft 2000000.0 --tpot 50000.0 --top-n 1 --no-color,
nvidia/NVIDIA-Nemotron-3-Ultra-550B-A55B-FP8,NemotronHForCausalLM,gb300,sglang,0.5.9,agg,FRAMEWORK_INCOMPATIBLE,"Traceback (most recent call last):\n  File ""tools/support_matrix/support_matrix.py"", line 925, in _attempt\n    python_pareto_df = SupportMatrix._run_mode(\n                       ^^^^^^^^^^^^^^^^^^^^^^^^\n  File ""tools/support_matrix/support_matrix.py"", line 814, in _run_mode\n    pareto_df = task.run()\n                ^^^^^^^^^^\n  File ""src/aiconfigurator/sdk/task_v2.py"", line 1588, in run\n    self.validate()\n  File ""src/aiconfigurator/sdk/task_v2.py"", line 1237, in validate\n    self._validate_database_quant_modes()\n  File ""src/aiconfigurator/sdk/task_v2.py"", line 1286, in _validate_database_quant_modes\n    self._check_role_against_db(""agg"", validate_context=True, validate_generation=True)\n  File ""src/aiconfigurator/sdk/task_v2.py"", line 1386, in _check_role_against_db\n    _check(""gemm"", self._role_attr(role, ""gemm_quant_mode""))\n  File ""src/aiconfigurator/sdk/task_v2.py"", line 1379, in _check\n    raise exc_type(\nValueError: Unsupported gemm quant mode 'fp8_static' for system='gb300', backend='sglang', version='0.5.9'. Supported gemm modes: ['bfloat16', 'fp8', 'fp8_block', 'nvfp4']\n",uv run aiconfigurator cli default --model-path nvidia/NVIDIA-Nemotron-3-Ultra-550B-A55B-FP8 --total-gpus 128 --system gb300 --backend sglang --backend-version 0.5.9 --database-mode SILICON --isl 256 --osl 256 --prefix 128 --ttft 2000000.0 --tpot 50000.0 --top-n 1 --no-color,
nvidia/NVIDIA-Nemotron-3-Ultra-550B-A55B-FP8,NemotronHForCausalLM,gb300,sglang,0.5.9,disagg,FRAMEWORK_INCOMPATIBLE,"Traceback (most recent call last):\n  File ""tools/support_matrix/support_matrix.py"", line 925, in _attempt\n    python_pareto_df = SupportMatrix._run_mode(\n                       ^^^^^^^^^^^^^^^^^^^^^^^^\n  File ""tools/support_matrix/support_matrix.py"", line 814, in _run_mode\n    pareto_df = task.run()\n                ^^^^^^^^^^\n  File ""src/aiconfigurator/sdk/task_v2.py"", line 1588, in run\n    self.validate()\n  File ""src/aiconfigurator/sdk/task_v2.py"", line 1237, in validate\n    self._validate_database_quant_modes()\n  File ""src/aiconfigurator/sdk/task_v2.py"", line 1288, in _validate_database_quant_modes\n    self._check_role_against_db(""prefill"", validate_context=True, validate_generation=False)\n  File ""src/aiconfigurator/sdk/task_v2.py"", line 1386, in _check_role_against_db\n    _check(""gemm"", self._role_attr(role, ""gemm_quant_mode""))\n  File ""src/aiconfigurator/sdk/task_v2.py"", line 1379, in _check\n    raise exc_type(\nValueError: Unsupported gemm quant mode 'fp8_static' for system='gb300', backend='sglang', version='0.5.9'. Supported gemm modes: ['bfloat16', 'fp8', 'fp8_block', 'nvfp4']\n",uv run aiconfigurator cli default --model-path nvidia/NVIDIA-Nemotron-3-Ultra-550B-A55B-FP8 --total-gpus 128 --system gb300 --backend sglang --backend-version 0.5.9 --database-mode SILICON --isl 256 --osl 256 --prefix 128 --ttft 2000000.0 --tpot 50000.0 --top-n 1 --no-color,
nvidia/NVIDIA-Nemotron-3-Ultra-550B-A55B-FP8,NemotronHForCausalLM,gb300,trtllm,1.3.0rc10,agg,HYBRID_PASS,,uv run aiconfigurator cli default --model-path nvidia/NVIDIA-Nemotron-3-Ultra-550B-A55B-FP8 --total-gpus 128 --system gb300 --backend trtllm --backend-version 1.3.0rc10 --database-mode HYBRID --isl 256 --osl 256 --prefix 128 --ttft 2000000.0 --tpot 50000.0 --top-n 1 --no-color,xshape
nvidia/NVIDIA-Nemotron-3-Ultra-550B-A55B-FP8,NemotronHForCausalLM,gb300,trtllm,1.3.0rc10,disagg,HYBRID_PASS,,uv run aiconfigurator cli default --model-path nvidia/NVIDIA-Nemotron-3-Ultra-550B-A55B-FP8 --total-gpus 128 --system gb300 --backend trtllm --backend-version 1.3.0rc10 --database-mode HYBRID --isl 256 --osl 256 --prefix 128 --ttft 2000000.0 --tpot 50000.0 --top-n 1 --no-color,xshape
nvidia/NVIDIA-Nemotron-3-Ultra-550B-A55B-FP8,NemotronHForCausalLM,gb300,trtllm,1.3.0rc15,agg,HYBRID_PASS,,uv run aiconfigurator cli default --model-path nvidia/NVIDIA-Nemotron-3-Ultra-550B-A55B-FP8 --total-gpus 128 --system gb300 --backend trtllm --backend-version 1.3.0rc15 --database-mode HYBRID --isl 256 --osl 256 --prefix 128 --ttft 2000000.0 --tpot 50000.0 --top-n 1 --no-color,xshape
nvidia/NVIDIA-Nemotron-3-Ultra-550B-A55B-FP8,NemotronHForCausalLM,gb300,trtllm,1.3.0rc15,disagg,HYBRID_PASS,,uv run aiconfigurator cli default --model-path nvidia/NVIDIA-Nemotron-3-Ultra-550B-A55B-FP8 --total-gpus 128 --system gb300 --backend trtllm --backend-version 1.3.0rc15 --database-mode HYBRID --isl 256 --osl 256 --prefix 128 --ttft 2000000.0 --tpot 50000.0 --top-n 1 --no-color,xshape
nvidia/NVIDIA-Nemotron-3-Ultra-550B-A55B-FP8,NemotronHForCausalLM,gb300,trtllm,1.3.0rc20,agg,PASS,,uv run aiconfigurator cli default --model-path nvidia/NVIDIA-Nemotron-3-Ultra-550B-A55B-FP8 --total-gpus 128 --system gb300 --backend trtllm --backend-version 1.3.0rc20 --database-mode SILICON --isl 256 --osl 256 --prefix 128 --ttft 2000000.0 --tpot 50000.0 --top-n 1 --no-color,silicon
nvidia/NVIDIA-Nemotron-3-Ultra-550B-A55B-FP8,NemotronHForCausalLM,gb300,trtllm,1.3.0rc20,disagg,PASS,,uv run aiconfigurator cli default --model-path nvidia/NVIDIA-Nemotron-3-Ultra-550B-A55B-FP8 --total-gpus 128 --system gb300 --backend trtllm --backend-version 1.3.0rc20 --database-mode SILICON --isl 256 --osl 256 --prefix 128 --ttft 2000000.0 --tpot 50000.0 --top-n 1 --no-color,silicon
nvidia/NVIDIA-Nemotron-3-Ultra-550B-A55B-FP8,NemotronHForCausalLM,gb300,vllm,0.19.0,agg,FRAMEWORK_INCOMPATIBLE,"Traceback (most recent call last):\n  File ""tools/support_matrix/support_matrix.py"", line 925, in _attempt\n    python_pareto_df = SupportMatrix._run_mode(\n                       ^^^^^^^^^^^^^^^^^^^^^^^^\n  File ""tools/support_matrix/support_matrix.py"", line 814, in _run_mode\n    pareto_df = task.run()\n                ^^^^^^^^^^\n  File ""src/aiconfigurator/sdk/task_v2.py"", line 1588, in run\n    self.validate()\n  File ""src/aiconfigurator/sdk/task_v2.py"", line 1237, in validate\n    self._validate_database_quant_modes()\n  File ""src/aiconfigurator/sdk/task_v2.py"", line 1286, in _validate_database_quant_modes\n    self._check_role_against_db(""agg"", validate_context=True, validate_generation=True)\n  File ""src/aiconfigurator/sdk/task_v2.py"", line 1386, in _check_role_against_db\n    _check(""gemm"", self._role_attr(role, ""gemm_quant_mode""))\n  File ""src/aiconfigurator/sdk/task_v2.py"", line 1379, in _check\n    raise exc_type(\nValueError: Unsupported gemm quant mode 'fp8_static' for system='gb300', backend='vllm', version='0.19.0'. Supported gemm modes: ['bfloat16', 'fp8', 'fp8_block', 'nvfp4']\n",uv run aiconfigurator cli default --model-path nvidia/NVIDIA-Nemotron-3-Ultra-550B-A55B-FP8 --total-gpus 128 --system gb300 --backend vllm --backend-version 0.19.0 --database-mode SILICON --isl 256 --osl 256 --prefix 128 --ttft 2000000.0 --tpot 50000.0 --top-n 1 --no-color,
nvidia/NVIDIA-Nemotron-3-Ultra-550B-A55B-FP8,NemotronHForCausalLM,gb300,vllm,0.19.0,disagg,FRAMEWORK_INCOMPATIBLE,"Traceback (most recent call last):\n  File ""tools/support_matrix/support_matrix.py"", line 925, in _attempt\n    python_pareto_df = SupportMatrix._run_mode(\n                       ^^^^^^^^^^^^^^^^^^^^^^^^\n  File ""tools/support_matrix/support_matrix.py"", line 814, in _run_mode\n    pareto_df = task.run()\n                ^^^^^^^^^^\n  File ""src/aiconfigurator/sdk/task_v2.py"", line 1588, in run\n    self.validate()\n  File ""src/aiconfigurator/sdk/task_v2.py"", line 1237, in validate\n    self._validate_database_quant_modes()\n  File ""src/aiconfigurator/sdk/task_v2.py"", line 1288, in _validate_database_quant_modes\n    self._check_role_against_db(""prefill"", validate_context=True, validate_generation=False)\n  File ""src/aiconfigurator/sdk/task_v2.py"", line 1386, in _check_role_against_db\n    _check(""gemm"", self._role_attr(role, ""gemm_quant_mode""))\n  File ""src/aiconfigurator/sdk/task_v2.py"", line 1379, in _check\n    raise exc_type(\nValueError: Unsupported gemm quant mode 'fp8_static' for system='gb300', backend='vllm', version='0.19.0'. Supported gemm modes: ['bfloat16', 'fp8', 'fp8_block', 'nvfp4']\n",uv run aiconfigurator cli default --model-path nvidia/NVIDIA-Nemotron-3-Ultra-550B-A55B-FP8 --total-gpus 128 --system gb300 --backend vllm --backend-version 0.19.0 --database-mode SILICON --isl 256 --osl 256 --prefix 128 --ttft 2000000.0 --tpot 50000.0 --top-n 1 --no-color,
nvidia/NVIDIA-Nemotron-3-Ultra-550B-A55B-FP8,NemotronHForCausalLM,gb300,vllm,0.22.0,agg,PASS,,uv run aiconfigurator cli default --model-path nvidia/NVIDIA-Nemotron-3-Ultra-550B-A55B-FP8 --total-gpus 128 --system gb300 --backend vllm --backend-version 0.22.0 --database-mode SILICON --isl 256 --osl 256 --prefix 128 --ttft 2000000.0 --tpot 50000.0 --top-n 1 --no-color,silicon
nvidia/NVIDIA-Nemotron-3-Ultra-550B-A55B-FP8,NemotronHForCausalLM,gb300,vllm,0.22.0,disagg,PASS,,uv run aiconfigurator cli default --model-path nvidia/NVIDIA-Nemotron-3-Ultra-550B-A55B-FP8 --total-gpus 128 --system gb300 --backend vllm --backend-version 0.22.0 --database-mode SILICON --isl 256 --osl 256 --prefix 128 --ttft 2000000.0 --tpot 50000.0 --top-n 1 --no-color,silicon
nvidia/NVIDIA-Nemotron-3-Ultra-550B-A55B-FP8,NemotronHForCausalLM,gb300,vllm,0.24.0,agg,PASS,,uv run aiconfigurator cli default --model-path nvidia/NVIDIA-Nemotron-3-Ultra-550B-A55B-FP8 --total-gpus 128 --system gb300 --backend vllm --backend-version 0.24.0 --database-mode SILICON --isl 256 --osl 256 --prefix 128 --ttft 2000000.0 --tpot 50000.0 --top-n 1 --no-color,silicon
nvidia/NVIDIA-Nemotron-3-Ultra-550B-A55B-FP8,NemotronHForCausalLM,gb300,vllm,0.24.0,disagg,PASS,,uv run aiconfigurator cli default --model-path nvidia/NVIDIA-Nemotron-3-Ultra-550B-A55B-FP8 --total-gpus 128 --system gb300 --backend vllm --backend-version 0.24.0 --database-mode SILICON --isl 256 --osl 256 --prefix 128 --ttft 2000000.0 --tpot 50000.0 --top-n 1 --no-color,silicon
nvidia/NVIDIA-Nemotron-3-Ultra-550B-A55B-NVFP4,NemotronHForCausalLM,gb300,sglang,0.5.10,agg,HYBRID_PASS,,uv run aiconfigurator cli default --model-path nvidia/NVIDIA-Nemotron-3-Ultra-550B-A55B-NVFP4 --total-gpus 128 --system gb300 --backend sglang --backend-version 0.5.10 --database-mode HYBRID --isl 256 --osl 256 --prefix 128 --ttft 2000000.0 --tpot 50000.0 --top-n 1 --no-color,xshape
nvidia/NVIDIA-Nemotron-3-Ultra-550B-A55B-NVFP4,NemotronHForCausalLM,gb300,sglang,0.5.10,disagg,HYBRID_PASS,,uv run aiconfigurator cli default --model-path nvidia/NVIDIA-Nemotron-3-Ultra-550B-A55B-NVFP4 --total-gpus 128 --system gb300 --backend sglang --backend-version 0.5.10 --database-mode HYBRID --isl 256 --osl 256 --prefix 128 --ttft 2000000.0 --tpot 50000.0 --top-n 1 --no-color,xshape
nvidia/NVIDIA-Nemotron-3-Ultra-550B-A55B-NVFP4,NemotronHForCausalLM,gb300,sglang,0.5.12,agg,PASS,,uv run aiconfigurator cli default --model-path nvidia/NVIDIA-Nemotron-3-Ultra-550B-A55B-NVFP4 --total-gpus 128 --system gb300 --backend sglang --backend-version 0.5.12 --database-mode SILICON --isl 256 --osl 256 --prefix 128 --ttft 2000000.0 --tpot 50000.0 --top-n 1 --no-color,silicon
nvidia/NVIDIA-Nemotron-3-Ultra-550B-A55B-NVFP4,NemotronHForCausalLM,gb300,sglang,0.5.12,disagg,PASS,,uv run aiconfigurator cli default --model-path nvidia/NVIDIA-Nemotron-3-Ultra-550B-A55B-NVFP4 --total-gpus 128 --system gb300 --backend sglang --backend-version 0.5.12 --database-mode SILICON --isl 256 --osl 256 --prefix 128 --ttft 2000000.0 --tpot 50000.0 --top-n 1 --no-color,silicon
nvidia/NVIDIA-Nemotron-3-Ultra-550B-A55B-NVFP4,NemotronHForCausalLM,gb300,sglang,0.5.14,agg,PASS,,uv run aiconfigurator cli default --model-path nvidia/NVIDIA-Nemotron-3-Ultra-550B-A55B-NVFP4 --total-gpus 128 --system gb300 --backend sglang --backend-version 0.5.14 --database-mode SILICON --isl 256 --osl 256 --prefix 128 --ttft 2000000.0 --tpot 50000.0 --top-n 1 --no-color,silicon
nvidia/NVIDIA-Nemotron-3-Ultra-550B-A55B-NVFP4,NemotronHForCausalLM,gb300,sglang,0.5.14,disagg,PASS,,uv run aiconfigurator cli default --model-path nvidia/NVIDIA-Nemotron-3-Ultra-550B-A55B-NVFP4 --total-gpus 128 --system gb300 --backend sglang --backend-version 0.5.14 --database-mode SILICON --isl 256 --osl 256 --prefix 128 --ttft 2000000.0 --tpot 50000.0 --top-n 1 --no-color,silicon
nvidia/NVIDIA-Nemotron-3-Ultra-550B-A55B-NVFP4,NemotronHForCausalLM,gb300,sglang,0.5.9,agg,HYBRID_PASS,,uv run aiconfigurator cli default --model-path nvidia/NVIDIA-Nemotron-3-Ultra-550B-A55B-NVFP4 --total-gpus 128 --system gb300 --backend sglang --backend-version 0.5.9 --database-mode HYBRID --isl 256 --osl 256 --prefix 128 --ttft 2000000.0 --tpot 50000.0 --top-n 1 --no-color,xshape
nvidia/NVIDIA-Nemotron-3-Ultra-550B-A55B-NVFP4,NemotronHForCausalLM,gb300,sglang,0.5.9,disagg,HYBRID_PASS,,uv run aiconfigurator cli default --model-path nvidia/NVIDIA-Nemotron-3-Ultra-550B-A55B-NVFP4 --total-gpus 128 --system gb300 --backend sglang --backend-version 0.5.9 --database-mode HYBRID --isl 256 --osl 256 --prefix 128 --ttft 2000000.0 --tpot 50000.0 --top-n 1 --no-color,xshape
nvidia/NVIDIA-Nemotron-3-Ultra-550B-A55B-NVFP4,NemotronHForCausalLM,gb300,trtllm,1.3.0rc10,agg,HYBRID_PASS,,uv run aiconfigurator cli default --model-path nvidia/NVIDIA-Nemotron-3-Ultra-550B-A55B-NVFP4 --total-gpus 128 --system gb300 --backend trtllm --backend-version 1.3.0rc10 --database-mode HYBRID --isl 256 --osl 256 --prefix 128 --ttft 2000000.0 --tpot 50000.0 --top-n 1 --no-color,xshape
nvidia/NVIDIA-Nemotron-3-Ultra-550B-A55B-NVFP4,NemotronHForCausalLM,gb300,trtllm,1.3.0rc10,disagg,HYBRID_PASS,,uv run aiconfigurator cli default --model-path nvidia/NVIDIA-Nemotron-3-Ultra-550B-A55B-NVFP4 --total-gpus 128 --system gb300 --backend trtllm --backend-version 1.3.0rc10 --database-mode HYBRID --isl 256 --osl 256 --prefix 128 --ttft 2000000.0 --tpot 50000.0 --top-n 1 --no-color,xshape
nvidia/NVIDIA-Nemotron-3-Ultra-550B-A55B-NVFP4,NemotronHForCausalLM,gb300,trtllm,1.3.0rc15,agg,HYBRID_PASS,,uv run aiconfigurator cli default --model-path nvidia/NVIDIA-Nemotron-3-Ultra-550B-A55B-NVFP4 --total-gpus 128 --system gb300 --backend trtllm --backend-version 1.3.0rc15 --database-mode HYBRID --isl 256 --osl 256 --prefix 128 --ttft 2000000.0 --tpot 50000.0 --top-n 1 --no-color,xshape
nvidia/NVIDIA-Nemotron-3-Ultra-550B-A55B-NVFP4,NemotronHForCausalLM,gb300,trtllm,1.3.0rc15,disagg,HYBRID_PASS,,uv run aiconfigurator cli default --model-path nvidia/NVIDIA-Nemotron-3-Ultra-550B-A55B-NVFP4 --total-gpus 128 --system gb300 --backend trtllm --backend-version 1.3.0rc15 --database-mode HYBRID --isl 256 --osl 256 --prefix 128 --ttft 2000000.0 --tpot 50000.0 --top-n 1 --no-color,xshape
nvidia/NVIDIA-Nemotron-3-Ultra-550B-A55B-NVFP4,NemotronHForCausalLM,gb300,trtllm,1.3.0rc20,agg,PASS,,uv run aiconfigurator cli default --model-path nvidia/NVIDIA-Nemotron-3-Ultra-550B-A55B-NVFP4 --total-gpus 128 --system gb300 --backend trtllm --backend-version 1.3.0rc20 --database-mode SILICON --isl 256 --osl 256 --prefix 128 --ttft 2000000.0 --tpot 50000.0 --top-n 1 --no-color,silicon
nvidia/NVIDIA-Nemotron-3-Ultra-550B-A55B-NVFP4,NemotronHForCausalLM,gb300,trtllm,1.3.0rc20,disagg,PASS,,uv run aiconfigurator cli default --model-path nvidia/NVIDIA-Nemotron-3-Ultra-550B-A55B-NVFP4 --total-gpus 128 --system gb300 --backend trtllm --backend-version 1.3.0rc20 --database-mode SILICON --isl 256 --osl 256 --prefix 128 --ttft 2000000.0 --tpot 50000.0 --top-n 1 --no-color,silicon
nvidia/NVIDIA-Nemotron-3-Ultra-550B-A55B-NVFP4,NemotronHForCausalLM,gb300,vllm,0.19.0,agg,HYBRID_PASS,,uv run aiconfigurator cli default --model-path nvidia/NVIDIA-Nemotron-3-Ultra-550B-A55B-NVFP4 --total-gpus 128 --system gb300 --backend vllm --backend-version 0.19.0 --database-mode HYBRID --isl 256 --osl 256 --prefix 128 --ttft 2000000.0 --tpot 50000.0 --top-n 1 --no-color,xshape
nvidia/NVIDIA-Nemotron-3-Ultra-550B-A55B-NVFP4,NemotronHForCausalLM,gb300,vllm,0.19.0,disagg,HYBRID_PASS,,uv run aiconfigurator cli default --model-path nvidia/NVIDIA-Nemotron-3-Ultra-550B-A55B-NVFP4 --total-gpus 128 --system gb300 --backend vllm --backend-version 0.19.0 --database-mode HYBRID --isl 256 --osl 256 --prefix 128 --ttft 2000000.0 --tpot 50000.0 --top-n 1 --no-color,xshape
nvidia/NVIDIA-Nemotron-3-Ultra-550B-A55B-NVFP4,NemotronHForCausalLM,gb300,vllm,0.22.0,agg,HYBRID_PASS,,uv run aiconfigurator cli default --model-path nvidia/NVIDIA-Nemotron-3-Ultra-550B-A55B-NVFP4 --total-gpus 128 --system gb300 --backend vllm --backend-version 0.22.0 --database-mode HYBRID --isl 256 --osl 256 --prefix 128 --ttft 2000000.0 --tpot 50000.0 --top-n 1 --no-color,xshape
nvidia/NVIDIA-Nemotron-3-Ultra-550B-A55B-NVFP4,NemotronHForCausalLM,gb300,vllm,0.22.0,disagg,HYBRID_PASS,,uv run aiconfigurator cli default --model-path nvidia/NVIDIA-Nemotron-3-Ultra-550B-A55B-NVFP4 --total-gpus 128 --system gb300 --backend vllm --backend-version 0.22.0 --database-mode HYBRID --isl 256 --osl 256 --prefix 128 --ttft 2000000.0 --tpot 50000.0 --top-n 1 --no-color,xshape
nvidia/NVIDIA-Nemotron-3-Ultra-550B-A55B-NVFP4,NemotronHForCausalLM,gb300,vllm,0.24.0,agg,HYBRID_PASS,,uv run aiconfigurator cli default --model-path nvidia/NVIDIA-Nemotron-3-Ultra-550B-A55B-NVFP4 --total-gpus 128 --system gb300 --backend vllm --backend-version 0.24.0 --database-mode HYBRID --isl 256 --osl 256 --prefix 128 --ttft 2000000.0 --tpot 50000.0 --top-n 1 --no-color,xshape
nvidia/NVIDIA-Nemotron-3-Ultra-550B-A55B-NVFP4,NemotronHForCausalLM,gb300,vllm,0.24.0,disagg,HYBRID_PASS,,uv run aiconfigurator cli default --model-path nvidia/NVIDIA-Nemotron-3-Ultra-550B-A55B-NVFP4 --total-gpus 128 --system gb300 --backend vllm --backend-version 0.24.0 --database-mode HYBRID --isl 256 --osl 256 --prefix 128 --ttft 2000000.0 --tpot 50000.0 --top-n 1 --no-color,xshape
nvidia/Qwen3-235B-A22B-NVFP4,Qwen3MoeForCausalLM,gb300,sglang,0.5.10,agg,PASS,,uv run aiconfigurator cli default --model-path nvidia/Qwen3-235B-A22B-NVFP4 --total-gpus 128 --system gb300 --backend sglang --backend-version 0.5.10 --database-mode SILICON --isl 256 --osl 256 --prefix 128 --ttft 2000000.0 --tpot 50000.0 --top-n 1 --no-color,silicon
nvidia/Qwen3-235B-A22B-NVFP4,Qwen3MoeForCausalLM,gb300,sglang,0.5.10,disagg,PASS,,uv run aiconfigurator cli default --model-path nvidia/Qwen3-235B-A22B-NVFP4 --total-gpus 128 --system gb300 --backend sglang --backend-version 0.5.10 --database-mode SILICON --isl 256 --osl 256 --prefix 128 --ttft 2000000.0 --tpot 50000.0 --top-n 1 --no-color,silicon
nvidia/Qwen3-235B-A22B-NVFP4,Qwen3MoeForCausalLM,gb300,sglang,0.5.12,agg,PASS,,uv run aiconfigurator cli default --model-path nvidia/Qwen3-235B-A22B-NVFP4 --total-gpus 128 --system gb300 --backend sglang --backend-version 0.5.12 --database-mode SILICON --isl 256 --osl 256 --prefix 128 --ttft 2000000.0 --tpot 50000.0 --top-n 1 --no-color,silicon
nvidia/Qwen3-235B-A22B-NVFP4,Qwen3MoeForCausalLM,gb300,sglang,0.5.12,disagg,PASS,,uv run aiconfigurator cli default --model-path nvidia/Qwen3-235B-A22B-NVFP4 --total-gpus 128 --system gb300 --backend sglang --backend-version 0.5.12 --database-mode SILICON --isl 256 --osl 256 --prefix 128 --ttft 2000000.0 --tpot 50000.0 --top-n 1 --no-color,silicon
nvidia/Qwen3-235B-A22B-NVFP4,Qwen3MoeForCausalLM,gb300,sglang,0.5.14,agg,PASS,,uv run aiconfigurator cli default --model-path nvidia/Qwen3-235B-A22B-NVFP4 --total-gpus 128 --system gb300 --backend sglang --backend-version 0.5.14 --database-mode SILICON --isl 256 --osl 256 --prefix 128 --ttft 2000000.0 --tpot 50000.0 --top-n 1 --no-color,silicon
nvidia/Qwen3-235B-A22B-NVFP4,Qwen3MoeForCausalLM,gb300,sglang,0.5.14,disagg,PASS,,uv run aiconfigurator cli default --model-path nvidia/Qwen3-235B-A22B-NVFP4 --total-gpus 128 --system gb300 --backend sglang --backend-version 0.5.14 --database-mode SILICON --isl 256 --osl 256 --prefix 128 --ttft 2000000.0 --tpot 50000.0 --top-n 1 --no-color,silicon
nvidia/Qwen3-235B-A22B-NVFP4,Qwen3MoeForCausalLM,gb300,sglang,0.5.9,agg,PASS,,uv run aiconfigurator cli default --model-path nvidia/Qwen3-235B-A22B-NVFP4 --total-gpus 128 --system gb300 --backend sglang --backend-version 0.5.9 --database-mode SILICON --isl 256 --osl 256 --prefix 128 --ttft 2000000.0 --tpot 50000.0 --top-n 1 --no-color,silicon
nvidia/Qwen3-235B-A22B-NVFP4,Qwen3MoeForCausalLM,gb300,sglang,0.5.9,disagg,PASS,,uv run aiconfigurator cli default --model-path nvidia/Qwen3-235B-A22B-NVFP4 --total-gpus 128 --system gb300 --backend sglang --backend-version 0.5.9 --database-mode SILICON --isl 256 --osl 256 --prefix 128 --ttft 2000000.0 --tpot 50000.0 --top-n 1 --no-color,silicon
nvidia/Qwen3-235B-A22B-NVFP4,Qwen3MoeForCausalLM,gb300,trtllm,1.3.0rc10,agg,PASS,,uv run aiconfigurator cli default --model-path nvidia/Qwen3-235B-A22B-NVFP4 --total-gpus 128 --system gb300 --backend trtllm --backend-version 1.3.0rc10 --database-mode SILICON --isl 256 --osl 256 --prefix 128 --ttft 2000000.0 --tpot 50000.0 --top-n 1 --no-color,silicon
nvidia/Qwen3-235B-A22B-NVFP4,Qwen3MoeForCausalLM,gb300,trtllm,1.3.0rc10,disagg,PASS,,uv run aiconfigurator cli default --model-path nvidia/Qwen3-235B-A22B-NVFP4 --total-gpus 128 --system gb300 --backend trtllm --backend-version 1.3.0rc10 --database-mode SILICON --isl 256 --osl 256 --prefix 128 --ttft 2000000.0 --tpot 50000.0 --top-n 1 --no-color,silicon
nvidia/Qwen3-235B-A22B-NVFP4,Qwen3MoeForCausalLM,gb300,trtllm,1.3.0rc15,agg,PASS,,uv run aiconfigurator cli default --model-path nvidia/Qwen3-235B-A22B-NVFP4 --total-gpus 128 --system gb300 --backend trtllm --backend-version 1.3.0rc15 --database-mode SILICON --isl 256 --osl 256 --prefix 128 --ttft 2000000.0 --tpot 50000.0 --top-n 1 --no-color,silicon
nvidia/Qwen3-235B-A22B-NVFP4,Qwen3MoeForCausalLM,gb300,trtllm,1.3.0rc15,disagg,PASS,,uv run aiconfigurator cli default --model-path nvidia/Qwen3-235B-A22B-NVFP4 --total-gpus 128 --system gb300 --backend trtllm --backend-version 1.3.0rc15 --database-mode SILICON --isl 256 --osl 256 --prefix 128 --ttft 2000000.0 --tpot 50000.0 --top-n 1 --no-color,silicon
nvidia/Qwen3-235B-A22B-NVFP4,Qwen3MoeForCausalLM,gb300,trtllm,1.3.0rc20,agg,PASS,,uv run aiconfigurator cli default --model-path nvidia/Qwen3-235B-A22B-NVFP4 --total-gpus 128 --system gb300 --backend trtllm --backend-version 1.3.0rc20 --database-mode SILICON --isl 256 --osl 256 --prefix 128 --ttft 2000000.0 --tpot 50000.0 --top-n 1 --no-color,silicon
nvidia/Qwen3-235B-A22B-NVFP4,Qwen3MoeForCausalLM,gb300,trtllm,1.3.0rc20,disagg,PASS,,uv run aiconfigurator cli default --model-path nvidia/Qwen3-235B-A22B-NVFP4 --total-gpus 128 --system gb300 --backend trtllm --backend-version 1.3.0rc20 --database-mode SILICON --isl 256 --osl 256 --prefix 128 --ttft 2000000.0 --tpot 50000.0 --top-n 1 --no-color,silicon
nvidia/Qwen3-235B-A22B-NVFP4,Qwen3MoeForCausalLM,gb300,vllm,0.19.0,agg,PASS,,uv run aiconfigurator cli default --model-path nvidia/Qwen3-235B-A22B-NVFP4 --total-gpus 128 --system gb300 --backend vllm --backend-version 0.19.0 --database-mode SILICON --isl 256 --osl 256 --prefix 128 --ttft 2000000.0 --tpot 50000.0 --top-n 1 --no-color,silicon
nvidia/Qwen3-235B-A22B-NVFP4,Qwen3MoeForCausalLM,gb300,vllm,0.19.0,disagg,PASS,,uv run aiconfigurator cli default --model-path nvidia/Qwen3-235B-A22B-NVFP4 --total-gpus 128 --system gb300 --backend vllm --backend-version 0.19.0 --database-mode SILICON --isl 256 --osl 256 --prefix 128 --ttft 2000000.0 --tpot 50000.0 --top-n 1 --no-color,silicon
nvidia/Qwen3-235B-A22B-NVFP4,Qwen3MoeForCausalLM,gb300,vllm,0.22.0,agg,PASS,,uv run aiconfigurator cli default --model-path nvidia/Qwen3-235B-A22B-NVFP4 --total-gpus 128 --system gb300 --backend vllm --backend-version 0.22.0 --database-mode SILICON --isl 256 --osl 256 --prefix 128 --ttft 2000000.0 --tpot 50000.0 --top-n 1 --no-color,silicon
nvidia/Qwen3-235B-A22B-NVFP4,Qwen3MoeForCausalLM,gb300,vllm,0.22.0,disagg,PASS,,uv run aiconfigurator cli default --model-path nvidia/Qwen3-235B-A22B-NVFP4 --total-gpus 128 --system gb300 --backend vllm --backend-version 0.22.0 --database-mode SILICON --isl 256 --osl 256 --prefix 128 --ttft 2000000.0 --tpot 50000.0 --top-n 1 --no-color,silicon
nvidia/Qwen3-235B-A22B-NVFP4,Qwen3MoeForCausalLM,gb300,vllm,0.24.0,agg,PASS,,uv run aiconfigurator cli default --model-path nvidia/Qwen3-235B-A22B-NVFP4 --total-gpus 128 --system gb300 --backend vllm --backend-version 0.24.0 --database-mode SILICON --isl 256 --osl 256 --prefix 128 --ttft 2000000.0 --tpot 50000.0 --top-n 1 --no-color,silicon
nvidia/Qwen3-235B-A22B-NVFP4,Qwen3MoeForCausalLM,gb300,vllm,0.24.0,disagg,PASS,,uv run aiconfigurator cli default --model-path nvidia/Qwen3-235B-A22B-NVFP4 --total-gpus 128 --system gb300 --backend vllm --backend-version 0.24.0 --database-mode SILICON --isl 256 --osl 256 --prefix 128 --ttft 2000000.0 --tpot 50000.0 --top-n 1 --no-color,silicon
openai/gpt-oss-120b,GptOssForCausalLM,gb300,sglang,0.5.10,agg,FAIL,"Traceback (most recent call last):\n  File ""tools/support_matrix/support_matrix.py"", line 925, in _attempt\n    python_pareto_df = SupportMatrix._run_mode(\n                       ^^^^^^^^^^^^^^^^^^^^^^^^\n  File ""tools/support_matrix/support_matrix.py"", line 814, in _run_mode\n    pareto_df = task.run()\n                ^^^^^^^^^^\n  File ""src/aiconfigurator/sdk/task_v2.py"", line 1588, in run\n    self.validate()\n  File ""src/aiconfigurator/sdk/task_v2.py"", line 1237, in validate\n    self._validate_database_quant_modes()\n  File ""src/aiconfigurator/sdk/task_v2.py"", line 1286, in _validate_database_quant_modes\n    self._check_role_against_db(""agg"", validate_context=True, validate_generation=True)\n  File ""src/aiconfigurator/sdk/task_v2.py"", line 1398, in _check_role_against_db\n    _check(""moe"", moe_mode, profile_transfer=True)\n  File ""src/aiconfigurator/sdk/task_v2.py"", line 1379, in _check\n    raise exc_type(\nValueError: Unsupported moe quant mode 'w4a16_mxfp4' for system='gb300', backend='sglang', version='0.5.10'. Supported moe modes: ['bfloat16', 'fp8_block', 'int4_wo', 'nvfp4']\n",uv run aiconfigurator cli default --model-path openai/gpt-oss-120b --total-gpus 128 --system gb300 --backend sglang --backend-version 0.5.10 --database-mode SILICON --isl 256 --osl 256 --prefix 128 --ttft 2000000.0 --tpot 50000.0 --top-n 1 --no-color,
openai/gpt-oss-120b,GptOssForCausalLM,gb300,sglang,0.5.10,disagg,FAIL,"Traceback (most recent call last):\n  File ""tools/support_matrix/support_matrix.py"", line 925, in _attempt\n    python_pareto_df = SupportMatrix._run_mode(\n                       ^^^^^^^^^^^^^^^^^^^^^^^^\n  File ""tools/support_matrix/support_matrix.py"", line 814, in _run_mode\n    pareto_df = task.run()\n                ^^^^^^^^^^\n  File ""src/aiconfigurator/sdk/task_v2.py"", line 1588, in run\n    self.validate()\n  File ""src/aiconfigurator/sdk/task_v2.py"", line 1237, in validate\n    self._validate_database_quant_modes()\n  File ""src/aiconfigurator/sdk/task_v2.py"", line 1288, in _validate_database_quant_modes\n    self._check_role_against_db(""prefill"", validate_context=True, validate_generation=False)\n  File ""src/aiconfigurator/sdk/task_v2.py"", line 1398, in _check_role_against_db\n    _check(""moe"", moe_mode, profile_transfer=True)\n  File ""src/aiconfigurator/sdk/task_v2.py"", line 1379, in _check\n    raise exc_type(\nValueError: Unsupported moe quant mode 'w4a16_mxfp4' for system='gb300', backend='sglang', version='0.5.10'. Supported moe modes: ['bfloat16', 'fp8_block', 'int4_wo', 'nvfp4']\n",uv run aiconfigurator cli default --model-path openai/gpt-oss-120b --total-gpus 128 --system gb300 --backend sglang --backend-version 0.5.10 --database-mode SILICON --isl 256 --osl 256 --prefix 128 --ttft 2000000.0 --tpot 50000.0 --top-n 1 --no-color,
openai/gpt-oss-120b,GptOssForCausalLM,gb300,sglang,0.5.12,agg,PASS,,uv run aiconfigurator cli default --model-path openai/gpt-oss-120b --total-gpus 128 --system gb300 --backend sglang --backend-version 0.5.12 --database-mode SILICON --isl 256 --osl 256 --prefix 128 --ttft 2000000.0 --tpot 50000.0 --top-n 1 --no-color,silicon
openai/gpt-oss-120b,GptOssForCausalLM,gb300,sglang,0.5.12,disagg,PASS,,uv run aiconfigurator cli default --model-path openai/gpt-oss-120b --total-gpus 128 --system gb300 --backend sglang --backend-version 0.5.12 --database-mode SILICON --isl 256 --osl 256 --prefix 128 --ttft 2000000.0 --tpot 50000.0 --top-n 1 --no-color,silicon
openai/gpt-oss-120b,GptOssForCausalLM,gb300,sglang,0.5.14,agg,PASS,,uv run aiconfigurator cli default --model-path openai/gpt-oss-120b --total-gpus 128 --system gb300 --backend sglang --backend-version 0.5.14 --database-mode SILICON --isl 256 --osl 256 --prefix 128 --ttft 2000000.0 --tpot 50000.0 --top-n 1 --no-color,silicon
openai/gpt-oss-120b,GptOssForCausalLM,gb300,sglang,0.5.14,disagg,PASS,,uv run aiconfigurator cli default --model-path openai/gpt-oss-120b --total-gpus 128 --system gb300 --backend sglang --backend-version 0.5.14 --database-mode SILICON --isl 256 --osl 256 --prefix 128 --ttft 2000000.0 --tpot 50000.0 --top-n 1 --no-color,silicon
openai/gpt-oss-120b,GptOssForCausalLM,gb300,sglang,0.5.9,agg,FAIL,"Traceback (most recent call last):\n  File ""tools/support_matrix/support_matrix.py"", line 925, in _attempt\n    python_pareto_df = SupportMatrix._run_mode(\n                       ^^^^^^^^^^^^^^^^^^^^^^^^\n  File ""tools/support_matrix/support_matrix.py"", line 814, in _run_mode\n    pareto_df = task.run()\n                ^^^^^^^^^^\n  File ""src/aiconfigurator/sdk/task_v2.py"", line 1588, in run\n    self.validate()\n  File ""src/aiconfigurator/sdk/task_v2.py"", line 1237, in validate\n    self._validate_database_quant_modes()\n  File ""src/aiconfigurator/sdk/task_v2.py"", line 1286, in _validate_database_quant_modes\n    self._check_role_against_db(""agg"", validate_context=True, validate_generation=True)\n  File ""src/aiconfigurator/sdk/task_v2.py"", line 1398, in _check_role_against_db\n    _check(""moe"", moe_mode, profile_transfer=True)\n  File ""src/aiconfigurator/sdk/task_v2.py"", line 1379, in _check\n    raise exc_type(\nValueError: Unsupported moe quant mode 'w4a16_mxfp4' for system='gb300', backend='sglang', version='0.5.9'. Supported moe modes: ['bfloat16', 'fp8_block', 'int4_wo', 'nvfp4']\n",uv run aiconfigurator cli default --model-path openai/gpt-oss-120b --total-gpus 128 --system gb300 --backend sglang --backend-version 0.5.9 --database-mode SILICON --isl 256 --osl 256 --prefix 128 --ttft 2000000.0 --tpot 50000.0 --top-n 1 --no-color,
openai/gpt-oss-120b,GptOssForCausalLM,gb300,sglang,0.5.9,disagg,FAIL,"Traceback (most recent call last):\n  File ""tools/support_matrix/support_matrix.py"", line 925, in _attempt\n    python_pareto_df = SupportMatrix._run_mode(\n                       ^^^^^^^^^^^^^^^^^^^^^^^^\n  File ""tools/support_matrix/support_matrix.py"", line 814, in _run_mode\n    pareto_df = task.run()\n                ^^^^^^^^^^\n  File ""src/aiconfigurator/sdk/task_v2.py"", line 1588, in run\n    self.validate()\n  File ""src/aiconfigurator/sdk/task_v2.py"", line 1237, in validate\n    self._validate_database_quant_modes()\n  File ""src/aiconfigurator/sdk/task_v2.py"", line 1288, in _validate_database_quant_modes\n    self._check_role_against_db(""prefill"", validate_context=True, validate_generation=False)\n  File ""src/aiconfigurator/sdk/task_v2.py"", line 1398, in _check_role_against_db\n    _check(""moe"", moe_mode, profile_transfer=True)\n  File ""src/aiconfigurator/sdk/task_v2.py"", line 1379, in _check\n    raise exc_type(\nValueError: Unsupported moe quant mode 'w4a16_mxfp4' for system='gb300', backend='sglang', version='0.5.9'. Supported moe modes: ['bfloat16', 'fp8_block', 'int4_wo', 'nvfp4']\n",uv run aiconfigurator cli default --model-path openai/gpt-oss-120b --total-gpus 128 --system gb300 --backend sglang --backend-version 0.5.9 --database-mode SILICON --isl 256 --osl 256 --prefix 128 --ttft 2000000.0 --tpot 50000.0 --top-n 1 --no-color,
openai/gpt-oss-120b,GptOssForCausalLM,gb300,trtllm,1.3.0rc10,agg,PASS,,uv run aiconfigurator cli default --model-path openai/gpt-oss-120b --total-gpus 128 --system gb300 --backend trtllm --backend-version 1.3.0rc10 --database-mode SILICON --isl 256 --osl 256 --prefix 128 --ttft 2000000.0 --tpot 50000.0 --top-n 1 --no-color,silicon
openai/gpt-oss-120b,GptOssForCausalLM,gb300,trtllm,1.3.0rc10,disagg,PASS,,uv run aiconfigurator cli default --model-path openai/gpt-oss-120b --total-gpus 128 --system gb300 --backend trtllm --backend-version 1.3.0rc10 --database-mode SILICON --isl 256 --osl 256 --prefix 128 --ttft 2000000.0 --tpot 50000.0 --top-n 1 --no-color,silicon
openai/gpt-oss-120b,GptOssForCausalLM,gb300,trtllm,1.3.0rc15,agg,PASS,,uv run aiconfigurator cli default --model-path openai/gpt-oss-120b --total-gpus 128 --system gb300 --backend trtllm --backend-version 1.3.0rc15 --database-mode SILICON --isl 256 --osl 256 --prefix 128 --ttft 2000000.0 --tpot 50000.0 --top-n 1 --no-color,silicon
openai/gpt-oss-120b,GptOssForCausalLM,gb300,trtllm,1.3.0rc15,disagg,PASS,,uv run aiconfigurator cli default --model-path openai/gpt-oss-120b --total-gpus 128 --system gb300 --backend trtllm --backend-version 1.3.0rc15 --database-mode SILICON --isl 256 --osl 256 --prefix 128 --ttft 2000000.0 --tpot 50000.0 --top-n 1 --no-color,silicon
openai/gpt-oss-120b,GptOssForCausalLM,gb300,trtllm,1.3.0rc20,agg,PASS,,uv run aiconfigurator cli default --model-path openai/gpt-oss-120b --total-gpus 128 --system gb300 --backend trtllm --backend-version 1.3.0rc20 --database-mode SILICON --isl 256 --osl 256 --prefix 128 --ttft 2000000.0 --tpot 50000.0 --top-n 1 --no-color,silicon
openai/gpt-oss-120b,GptOssForCausalLM,gb300,trtllm,1.3.0rc20,disagg,PASS,,uv run aiconfigurator cli default --model-path openai/gpt-oss-120b --total-gpus 128 --system gb300 --backend trtllm --backend-version 1.3.0rc20 --database-mode SILICON --isl 256 --osl 256 --prefix 128 --ttft 2000000.0 --tpot 50000.0 --top-n 1 --no-color,silicon
openai/gpt-oss-120b,GptOssForCausalLM,gb300,vllm,0.19.0,agg,FAIL,"Traceback (most recent call last):\n  File ""tools/support_matrix/support_matrix.py"", line 925, in _attempt\n    python_pareto_df = SupportMatrix._run_mode(\n                       ^^^^^^^^^^^^^^^^^^^^^^^^\n  File ""tools/support_matrix/support_matrix.py"", line 814, in _run_mode\n    pareto_df = task.run()\n                ^^^^^^^^^^\n  File ""src/aiconfigurator/sdk/task_v2.py"", line 1588, in run\n    self.validate()\n  File ""src/aiconfigurator/sdk/task_v2.py"", line 1237, in validate\n    self._validate_database_quant_modes()\n  File ""src/aiconfigurator/sdk/task_v2.py"", line 1286, in _validate_database_quant_modes\n    self._check_role_against_db(""agg"", validate_context=True, validate_generation=True)\n  File ""src/aiconfigurator/sdk/task_v2.py"", line 1398, in _check_role_against_db\n    _check(""moe"", moe_mode, profile_transfer=True)\n  File ""src/aiconfigurator/sdk/task_v2.py"", line 1379, in _check\n    raise exc_type(\nValueError: Unsupported moe quant mode 'w4a16_mxfp4' for system='gb300', backend='vllm', version='0.19.0'. Supported moe modes: ['bfloat16', 'fp8', 'fp8_block', 'int4_wo', 'nvfp4']\n",uv run aiconfigurator cli default --model-path openai/gpt-oss-120b --total-gpus 128 --system gb300 --backend vllm --backend-version 0.19.0 --database-mode SILICON --isl 256 --osl 256 --prefix 128 --ttft 2000000.0 --tpot 50000.0 --top-n 1 --no-color,
openai/gpt-oss-120b,GptOssForCausalLM,gb300,vllm,0.19.0,disagg,FAIL,"Traceback (most recent call last):\n  File ""tools/support_matrix/support_matrix.py"", line 925, in _attempt\n    python_pareto_df = SupportMatrix._run_mode(\n                       ^^^^^^^^^^^^^^^^^^^^^^^^\n  File ""tools/support_matrix/support_matrix.py"", line 814, in _run_mode\n    pareto_df = task.run()\n                ^^^^^^^^^^\n  File ""src/aiconfigurator/sdk/task_v2.py"", line 1588, in run\n    self.validate()\n  File ""src/aiconfigurator/sdk/task_v2.py"", line 1237, in validate\n    self._validate_database_quant_modes()\n  File ""src/aiconfigurator/sdk/task_v2.py"", line 1288, in _validate_database_quant_modes\n    self._check_role_against_db(""prefill"", validate_context=True, validate_generation=False)\n  File ""src/aiconfigurator/sdk/task_v2.py"", line 1398, in _check_role_against_db\n    _check(""moe"", moe_mode, profile_transfer=True)\n  File ""src/aiconfigurator/sdk/task_v2.py"", line 1379, in _check\n    raise exc_type(\nValueError: Unsupported moe quant mode 'w4a16_mxfp4' for system='gb300', backend='vllm', version='0.19.0'. Supported moe modes: ['bfloat16', 'fp8', 'fp8_block', 'int4_wo', 'nvfp4']\n",uv run aiconfigurator cli default --model-path openai/gpt-oss-120b --total-gpus 128 --system gb300 --backend vllm --backend-version 0.19.0 --database-mode SILICON --isl 256 --osl 256 --prefix 128 --ttft 2000000.0 --tpot 50000.0 --top-n 1 --no-color,
openai/gpt-oss-120b,GptOssForCausalLM,gb300,vllm,0.22.0,agg,PASS,,uv run aiconfigurator cli default --model-path openai/gpt-oss-120b --total-gpus 128 --system gb300 --backend vllm --backend-version 0.22.0 --database-mode SILICON --isl 256 --osl 256 --prefix 128 --ttft 2000000.0 --tpot 50000.0 --top-n 1 --no-color,silicon
openai/gpt-oss-120b,GptOssForCausalLM,gb300,vllm,0.22.0,disagg,PASS,,uv run aiconfigurator cli default --model-path openai/gpt-oss-120b --total-gpus 128 --system gb300 --backend vllm --backend-version 0.22.0 --database-mode SILICON --isl 256 --osl 256 --prefix 128 --ttft 2000000.0 --tpot 50000.0 --top-n 1 --no-color,silicon
openai/gpt-oss-120b,GptOssForCausalLM,gb300,vllm,0.24.0,agg,PASS,,uv run aiconfigurator cli default --model-path openai/gpt-oss-120b --total-gpus 128 --system gb300 --backend vllm --backend-version 0.24.0 --database-mode SILICON --isl 256 --osl 256 --prefix 128 --ttft 2000000.0 --tpot 50000.0 --top-n 1 --no-color,silicon
openai/gpt-oss-120b,GptOssForCausalLM,gb300,vllm,0.24.0,disagg,PASS,,uv run aiconfigurator cli default --model-path openai/gpt-oss-120b --total-gpus 128 --system gb300 --backend vllm --backend-version 0.24.0 --database-mode SILICON --isl 256 --osl 256 --prefix 128 --ttft 2000000.0 --tpot 50000.0 --top-n 1 --no-color,silicon
openai/gpt-oss-20b,GptOssForCausalLM,gb300,sglang,0.5.10,agg,FAIL,"Traceback (most recent call last):\n  File ""tools/support_matrix/support_matrix.py"", line 925, in _attempt\n    python_pareto_df = SupportMatrix._run_mode(\n                       ^^^^^^^^^^^^^^^^^^^^^^^^\n  File ""tools/support_matrix/support_matrix.py"", line 814, in _run_mode\n    pareto_df = task.run()\n                ^^^^^^^^^^\n  File ""src/aiconfigurator/sdk/task_v2.py"", line 1588, in run\n    self.validate()\n  File ""src/aiconfigurator/sdk/task_v2.py"", line 1237, in validate\n    self._validate_database_quant_modes()\n  File ""src/aiconfigurator/sdk/task_v2.py"", line 1286, in _validate_database_quant_modes\n    self._check_role_against_db(""agg"", validate_context=True, validate_generation=True)\n  File ""src/aiconfigurator/sdk/task_v2.py"", line 1398, in _check_role_against_db\n    _check(""moe"", moe_mode, profile_transfer=True)\n  File ""src/aiconfigurator/sdk/task_v2.py"", line 1379, in _check\n    raise exc_type(\nValueError: Unsupported moe quant mode 'w4a16_mxfp4' for system='gb300', backend='sglang', version='0.5.10'. Supported moe modes: ['bfloat16', 'fp8_block', 'int4_wo', 'nvfp4']\n",uv run aiconfigurator cli default --model-path openai/gpt-oss-20b --total-gpus 32 --system gb300 --backend sglang --backend-version 0.5.10 --database-mode SILICON --isl 256 --osl 256 --prefix 128 --ttft 2000.0 --tpot 50.0 --top-n 1 --no-color,
openai/gpt-oss-20b,GptOssForCausalLM,gb300,sglang,0.5.10,disagg,FAIL,"Traceback (most recent call last):\n  File ""tools/support_matrix/support_matrix.py"", line 925, in _attempt\n    python_pareto_df = SupportMatrix._run_mode(\n                       ^^^^^^^^^^^^^^^^^^^^^^^^\n  File ""tools/support_matrix/support_matrix.py"", line 814, in _run_mode\n    pareto_df = task.run()\n                ^^^^^^^^^^\n  File ""src/aiconfigurator/sdk/task_v2.py"", line 1588, in run\n    self.validate()\n  File ""src/aiconfigurator/sdk/task_v2.py"", line 1237, in validate\n    self._validate_database_quant_modes()\n  File ""src/aiconfigurator/sdk/task_v2.py"", line 1288, in _validate_database_quant_modes\n    self._check_role_against_db(""prefill"", validate_context=True, validate_generation=False)\n  File ""src/aiconfigurator/sdk/task_v2.py"", line 1398, in _check_role_against_db\n    _check(""moe"", moe_mode, profile_transfer=True)\n  File ""src/aiconfigurator/sdk/task_v2.py"", line 1379, in _check\n    raise exc_type(\nValueError: Unsupported moe quant mode 'w4a16_mxfp4' for system='gb300', backend='sglang', version='0.5.10'. Supported moe modes: ['bfloat16', 'fp8_block', 'int4_wo', 'nvfp4']\n",uv run aiconfigurator cli default --model-path openai/gpt-oss-20b --total-gpus 32 --system gb300 --backend sglang --backend-version 0.5.10 --database-mode SILICON --isl 256 --osl 256 --prefix 128 --ttft 2000.0 --tpot 50.0 --top-n 1 --no-color,
openai/gpt-oss-20b,GptOssForCausalLM,gb300,sglang,0.5.12,agg,PASS,,uv run aiconfigurator cli default --model-path openai/gpt-oss-20b --total-gpus 32 --system gb300 --backend sglang --backend-version 0.5.12 --database-mode SILICON --isl 256 --osl 256 --prefix 128 --ttft 2000.0 --tpot 50.0 --top-n 1 --no-color,silicon
openai/gpt-oss-20b,GptOssForCausalLM,gb300,sglang,0.5.12,disagg,PASS,,uv run aiconfigurator cli default --model-path openai/gpt-oss-20b --total-gpus 32 --system gb300 --backend sglang --backend-version 0.5.12 --database-mode SILICON --isl 256 --osl 256 --prefix 128 --ttft 2000.0 --tpot 50.0 --top-n 1 --no-color,silicon
openai/gpt-oss-20b,GptOssForCausalLM,gb300,sglang,0.5.14,agg,PASS,,uv run aiconfigurator cli default --model-path openai/gpt-oss-20b --total-gpus 32 --system gb300 --backend sglang --backend-version 0.5.14 --database-mode SILICON --isl 256 --osl 256 --prefix 128 --ttft 2000.0 --tpot 50.0 --top-n 1 --no-color,silicon
openai/gpt-oss-20b,GptOssForCausalLM,gb300,sglang,0.5.14,disagg,PASS,,uv run aiconfigurator cli default --model-path openai/gpt-oss-20b --total-gpus 32 --system gb300 --backend sglang --backend-version 0.5.14 --database-mode SILICON --isl 256 --osl 256 --prefix 128 --ttft 2000.0 --tpot 50.0 --top-n 1 --no-color,silicon
openai/gpt-oss-20b,GptOssForCausalLM,gb300,sglang,0.5.9,agg,FAIL,"Traceback (most recent call last):\n  File ""tools/support_matrix/support_matrix.py"", line 925, in _attempt\n    python_pareto_df = SupportMatrix._run_mode(\n                       ^^^^^^^^^^^^^^^^^^^^^^^^\n  File ""tools/support_matrix/support_matrix.py"", line 814, in _run_mode\n    pareto_df = task.run()\n                ^^^^^^^^^^\n  File ""src/aiconfigurator/sdk/task_v2.py"", line 1588, in run\n    self.validate()\n  File ""src/aiconfigurator/sdk/task_v2.py"", line 1237, in validate\n    self._validate_database_quant_modes()\n  File ""src/aiconfigurator/sdk/task_v2.py"", line 1286, in _validate_database_quant_modes\n    self._check_role_against_db(""agg"", validate_context=True, validate_generation=True)\n  File ""src/aiconfigurator/sdk/task_v2.py"", line 1398, in _check_role_against_db\n    _check(""moe"", moe_mode, profile_transfer=True)\n  File ""src/aiconfigurator/sdk/task_v2.py"", line 1379, in _check\n    raise exc_type(\nValueError: Unsupported moe quant mode 'w4a16_mxfp4' for system='gb300', backend='sglang', version='0.5.9'. Supported moe modes: ['bfloat16', 'fp8_block', 'int4_wo', 'nvfp4']\n",uv run aiconfigurator cli default --model-path openai/gpt-oss-20b --total-gpus 32 --system gb300 --backend sglang --backend-version 0.5.9 --database-mode SILICON --isl 256 --osl 256 --prefix 128 --ttft 2000.0 --tpot 50.0 --top-n 1 --no-color,
openai/gpt-oss-20b,GptOssForCausalLM,gb300,sglang,0.5.9,disagg,FAIL,"Traceback (most recent call last):\n  File ""tools/support_matrix/support_matrix.py"", line 925, in _attempt\n    python_pareto_df = SupportMatrix._run_mode(\n                       ^^^^^^^^^^^^^^^^^^^^^^^^\n  File ""tools/support_matrix/support_matrix.py"", line 814, in _run_mode\n    pareto_df = task.run()\n                ^^^^^^^^^^\n  File ""src/aiconfigurator/sdk/task_v2.py"", line 1588, in run\n    self.validate()\n  File ""src/aiconfigurator/sdk/task_v2.py"", line 1237, in validate\n    self._validate_database_quant_modes()\n  File ""src/aiconfigurator/sdk/task_v2.py"", line 1288, in _validate_database_quant_modes\n    self._check_role_against_db(""prefill"", validate_context=True, validate_generation=False)\n  File ""src/aiconfigurator/sdk/task_v2.py"", line 1398, in _check_role_against_db\n    _check(""moe"", moe_mode, profile_transfer=True)\n  File ""src/aiconfigurator/sdk/task_v2.py"", line 1379, in _check\n    raise exc_type(\nValueError: Unsupported moe quant mode 'w4a16_mxfp4' for system='gb300', backend='sglang', version='0.5.9'. Supported moe modes: ['bfloat16', 'fp8_block', 'int4_wo', 'nvfp4']\n",uv run aiconfigurator cli default --model-path openai/gpt-oss-20b --total-gpus 32 --system gb300 --backend sglang --backend-version 0.5.9 --database-mode SILICON --isl 256 --osl 256 --prefix 128 --ttft 2000.0 --tpot 50.0 --top-n 1 --no-color,
openai/gpt-oss-20b,GptOssForCausalLM,gb300,trtllm,1.3.0rc10,agg,PASS,,uv run aiconfigurator cli default --model-path openai/gpt-oss-20b --total-gpus 32 --system gb300 --backend trtllm --backend-version 1.3.0rc10 --database-mode SILICON --isl 256 --osl 256 --prefix 128 --ttft 2000.0 --tpot 50.0 --top-n 1 --no-color,silicon
openai/gpt-oss-20b,GptOssForCausalLM,gb300,trtllm,1.3.0rc10,disagg,PASS,,uv run aiconfigurator cli default --model-path openai/gpt-oss-20b --total-gpus 32 --system gb300 --backend trtllm --backend-version 1.3.0rc10 --database-mode SILICON --isl 256 --osl 256 --prefix 128 --ttft 2000.0 --tpot 50.0 --top-n 1 --no-color,silicon
openai/gpt-oss-20b,GptOssForCausalLM,gb300,trtllm,1.3.0rc15,agg,PASS,,uv run aiconfigurator cli default --model-path openai/gpt-oss-20b --total-gpus 32 --system gb300 --backend trtllm --backend-version 1.3.0rc15 --database-mode SILICON --isl 256 --osl 256 --prefix 128 --ttft 2000.0 --tpot 50.0 --top-n 1 --no-color,silicon
openai/gpt-oss-20b,GptOssForCausalLM,gb300,trtllm,1.3.0rc15,disagg,PASS,,uv run aiconfigurator cli default --model-path openai/gpt-oss-20b --total-gpus 32 --system gb300 --backend trtllm --backend-version 1.3.0rc15 --database-mode SILICON --isl 256 --osl 256 --prefix 128 --ttft 2000.0 --tpot 50.0 --top-n 1 --no-color,silicon
openai/gpt-oss-20b,GptOssForCausalLM,gb300,trtllm,1.3.0rc20,agg,PASS,,uv run aiconfigurator cli default --model-path openai/gpt-oss-20b --total-gpus 32 --system gb300 --backend trtllm --backend-version 1.3.0rc20 --database-mode SILICON --isl 256 --osl 256 --prefix 128 --ttft 2000.0 --tpot 50.0 --top-n 1 --no-color,silicon
openai/gpt-oss-20b,GptOssForCausalLM,gb300,trtllm,1.3.0rc20,disagg,PASS,,uv run aiconfigurator cli default --model-path openai/gpt-oss-20b --total-gpus 32 --system gb300 --backend trtllm --backend-version 1.3.0rc20 --database-mode SILICON --isl 256 --osl 256 --prefix 128 --ttft 2000.0 --tpot 50.0 --top-n 1 --no-color,silicon
openai/gpt-oss-20b,GptOssForCausalLM,gb300,vllm,0.19.0,agg,FAIL,"Traceback (most recent call last):\n  File ""tools/support_matrix/support_matrix.py"", line 925, in _attempt\n    python_pareto_df = SupportMatrix._run_mode(\n                       ^^^^^^^^^^^^^^^^^^^^^^^^\n  File ""tools/support_matrix/support_matrix.py"", line 814, in _run_mode\n    pareto_df = task.run()\n                ^^^^^^^^^^\n  File ""src/aiconfigurator/sdk/task_v2.py"", line 1588, in run\n    self.validate()\n  File ""src/aiconfigurator/sdk/task_v2.py"", line 1237, in validate\n    self._validate_database_quant_modes()\n  File ""src/aiconfigurator/sdk/task_v2.py"", line 1286, in _validate_database_quant_modes\n    self._check_role_against_db(""agg"", validate_context=True, validate_generation=True)\n  File ""src/aiconfigurator/sdk/task_v2.py"", line 1398, in _check_role_against_db\n    _check(""moe"", moe_mode, profile_transfer=True)\n  File ""src/aiconfigurator/sdk/task_v2.py"", line 1379, in _check\n    raise exc_type(\nValueError: Unsupported moe quant mode 'w4a16_mxfp4' for system='gb300', backend='vllm', version='0.19.0'. Supported moe modes: ['bfloat16', 'fp8', 'fp8_block', 'int4_wo', 'nvfp4']\n",uv run aiconfigurator cli default --model-path openai/gpt-oss-20b --total-gpus 32 --system gb300 --backend vllm --backend-version 0.19.0 --database-mode SILICON --isl 256 --osl 256 --prefix 128 --ttft 2000.0 --tpot 50.0 --top-n 1 --no-color,
openai/gpt-oss-20b,GptOssForCausalLM,gb300,vllm,0.19.0,disagg,FAIL,"Traceback (most recent call last):\n  File ""tools/support_matrix/support_matrix.py"", line 925, in _attempt\n    python_pareto_df = SupportMatrix._run_mode(\n                       ^^^^^^^^^^^^^^^^^^^^^^^^\n  File ""tools/support_matrix/support_matrix.py"", line 814, in _run_mode\n    pareto_df = task.run()\n                ^^^^^^^^^^\n  File ""src/aiconfigurator/sdk/task_v2.py"", line 1588, in run\n    self.validate()\n  File ""src/aiconfigurator/sdk/task_v2.py"", line 1237, in validate\n    self._validate_database_quant_modes()\n  File ""src/aiconfigurator/sdk/task_v2.py"", line 1288, in _validate_database_quant_modes\n    self._check_role_against_db(""prefill"", validate_context=True, validate_generation=False)\n  File ""src/aiconfigurator/sdk/task_v2.py"", line 1398, in _check_role_against_db\n    _check(""moe"", moe_mode, profile_transfer=True)\n  File ""src/aiconfigurator/sdk/task_v2.py"", line 1379, in _check\n    raise exc_type(\nValueError: Unsupported moe quant mode 'w4a16_mxfp4' for system='gb300', backend='vllm', version='0.19.0'. Supported moe modes: ['bfloat16', 'fp8', 'fp8_block', 'int4_wo', 'nvfp4']\n",uv run aiconfigurator cli default --model-path openai/gpt-oss-20b --total-gpus 32 --system gb300 --backend vllm --backend-version 0.19.0 --database-mode SILICON --isl 256 --osl 256 --prefix 128 --ttft 2000.0 --tpot 50.0 --top-n 1 --no-color,
openai/gpt-oss-20b,GptOssForCausalLM,gb300,vllm,0.22.0,agg,PASS,,uv run aiconfigurator cli default --model-path openai/gpt-oss-20b --total-gpus 32 --system gb300 --backend vllm --backend-version 0.22.0 --database-mode SILICON --isl 256 --osl 256 --prefix 128 --ttft 2000.0 --tpot 50.0 --top-n 1 --no-color,silicon
openai/gpt-oss-20b,GptOssForCausalLM,gb300,vllm,0.22.0,disagg,PASS,,uv run aiconfigurator cli default --model-path openai/gpt-oss-20b --total-gpus 32 --system gb300 --backend vllm --backend-version 0.22.0 --database-mode SILICON --isl 256 --osl 256 --prefix 128 --ttft 2000.0 --tpot 50.0 --top-n 1 --no-color,silicon
openai/gpt-oss-20b,GptOssForCausalLM,gb300,vllm,0.24.0,agg,PASS,,uv run aiconfigurator cli default --model-path openai/gpt-oss-20b --total-gpus 32 --system gb300 --backend vllm --backend-version 0.24.0 --database-mode SILICON --isl 256 --osl 256 --prefix 128 --ttft 2000.0 --tpot 50.0 --top-n 1 --no-color,silicon
openai/gpt-oss-20b,GptOssForCausalLM,gb300,vllm,0.24.0,disagg,PASS,,uv run aiconfigurator cli default --model-path openai/gpt-oss-20b --total-gpus 32 --system gb300 --backend vllm --backend-version 0.24.0 --database-mode SILICON --isl 256 --osl 256 --prefix 128 --ttft 2000.0 --tpot 50.0 --top-n 1 --no-color,silicon
sgl-project/DeepSeek-V4-Flash-FP8,DeepseekV4ForCausalLM,gb300,sglang,0.5.10,agg,HYBRID_PASS,,uv run aiconfigurator cli default --model-path sgl-project/DeepSeek-V4-Flash-FP8 --total-gpus 128 --system gb300 --backend sglang --backend-version 0.5.10 --database-mode HYBRID --isl 256 --osl 256 --prefix 128 --ttft 2000000.0 --tpot 50000.0 --top-n 1 --no-color,xshape
sgl-project/DeepSeek-V4-Flash-FP8,DeepseekV4ForCausalLM,gb300,sglang,0.5.10,disagg,HYBRID_PASS,,uv run aiconfigurator cli default --model-path sgl-project/DeepSeek-V4-Flash-FP8 --total-gpus 128 --system gb300 --backend sglang --backend-version 0.5.10 --database-mode HYBRID --isl 256 --osl 256 --prefix 128 --ttft 2000000.0 --tpot 50000.0 --top-n 1 --no-color,xshape
sgl-project/DeepSeek-V4-Flash-FP8,DeepseekV4ForCausalLM,gb300,sglang,0.5.12,agg,PASS,,uv run aiconfigurator cli default --model-path sgl-project/DeepSeek-V4-Flash-FP8 --total-gpus 128 --system gb300 --backend sglang --backend-version 0.5.12 --database-mode SILICON --isl 256 --osl 256 --prefix 128 --ttft 2000000.0 --tpot 50000.0 --top-n 1 --no-color,silicon
sgl-project/DeepSeek-V4-Flash-FP8,DeepseekV4ForCausalLM,gb300,sglang,0.5.12,disagg,PASS,,uv run aiconfigurator cli default --model-path sgl-project/DeepSeek-V4-Flash-FP8 --total-gpus 128 --system gb300 --backend sglang --backend-version 0.5.12 --database-mode SILICON --isl 256 --osl 256 --prefix 128 --ttft 2000000.0 --tpot 50000.0 --top-n 1 --no-color,silicon
sgl-project/DeepSeek-V4-Flash-FP8,DeepseekV4ForCausalLM,gb300,sglang,0.5.14,agg,PASS,,uv run aiconfigurator cli default --model-path sgl-project/DeepSeek-V4-Flash-FP8 --total-gpus 128 --system gb300 --backend sglang --backend-version 0.5.14 --database-mode SILICON --isl 256 --osl 256 --prefix 128 --ttft 2000000.0 --tpot 50000.0 --top-n 1 --no-color,silicon
sgl-project/DeepSeek-V4-Flash-FP8,DeepseekV4ForCausalLM,gb300,sglang,0.5.14,disagg,PASS,,uv run aiconfigurator cli default --model-path sgl-project/DeepSeek-V4-Flash-FP8 --total-gpus 128 --system gb300 --backend sglang --backend-version 0.5.14 --database-mode SILICON --isl 256 --osl 256 --prefix 128 --ttft 2000000.0 --tpot 50000.0 --top-n 1 --no-color,silicon
sgl-project/DeepSeek-V4-Flash-FP8,DeepseekV4ForCausalLM,gb300,sglang,0.5.9,agg,FAIL,"Traceback (most recent call last):\n  File ""src/aiconfigurator/sdk/sweep.py"", line 485, in sweep_agg\n    point_df, point_saw_model_fit, point_saw_memory_fit = _sweep_one_parallel_agg(\n                                                          ^^^^^^^^^^^^^^^^^^^^^^^^\n  File ""src/aiconfigurator/sdk/sweep.py"", line 335, in _sweep_one_parallel_agg\n    summary = predict_agg_worker(\n              ^^^^^^^^^^^^^^^^^^^\n  File ""src/aiconfigurator/sdk/predict.py"", line 143, in predict_agg_worker\n    summary = (predictor or DEFAULT_PREDICTOR).predict_agg_worker(\n              ^^^^^^^^^^^^^^^^^^^^^^^^^^^^^^^^^^^^^^^^^^^^^^^^^^^^\n  File ""src/aiconfigurator/sdk/predictor.py"", line 118, in predict_agg_worker\n    return backend.run_agg(\n           ^^^^^^^^^^^^^^^^\n  File ""aic-core/src/aiconfigurator_core/sdk/backends/base_backend.py"", line 1466, in run_agg\n    mix_step_estimate = self.run_mixed(\n                        ^^^^^^^^^^^^^^^\n  File ""aic-core/src/aiconfigurator_core/sdk/backends/base_backend.py"", line 1147, in run_mixed\n    summary = self.run_static(\n              ^^^^^^^^^^^^^^^^\n  File ""aic-core/src/aiconfigurator_core/sdk/backends/base_backend.py"", line 685, in run_static\n    ) = self._run_static_breakdown(\n        ^^^^^^^^^^^^^^^^^^^^^^^^^^^\n  File ""aic-core/src/aiconfigurator_core/sdk/backends/base_backend.py"", line 503, in _run_static_breakdown\n    context_latency_dict, context_energy_wms_dict, context_source_dict = self._run_context_phase(\n                                                                         ^^^^^^^^^^^^^^^^^^^^^^^^\n  File ""aic-core/src/aiconfigurator_core/sdk/backends/base_backend.py"", line 338, in _run_context_phase\n    result = op.query(\n             ^^^^^^^^^\n  File ""aic-core/src/aiconfigurator_core/sdk/operations/dsv4.py"", line 518, in query\n    result = database.query_mhc_module(\n             ^^^^^^^^^^^^^^^^^^^^^^^^^^\n  File ""aic-core/src/aiconfigurator_core/sdk/perf_database.py"", line 3307, in query_mhc_module\n    return DeepSeekV4MHCModule._query_mhc_table(\n           ^^^^^^^^^^^^^^^^^^^^^^^^^^^^^^^^^^^^^\n  File ""aic-core/src/aiconfigurator_core/sdk/operations/dsv4.py"", line 503, in _query_mhc_table\n    return database._query_silicon_or_hybrid(\n           ^^^^^^^^^^^^^^^^^^^^^^^^^^^^^^^^^^\n  File ""aic-core/src/aiconfigurator_core/sdk/perf_database.py"", line 2543, in _query_silicon_or_hybrid\n    return get_silicon()\n           ^^^^^^^^^^^^^\n  File ""aic-core/src/aiconfigurator_core/sdk/operations/dsv4.py"", line 456, in get_silicon\n    raise PerfDataNotAvailableError(\naiconfigurator_core.sdk.errors.PerfDataNotAvailableError: DeepSeek-V4 mHC module data not loaded for system='gb300', backend='sglang', version='0.5.9'. Failed to query DeepSeek-V4 mHC module for num_tokens=128.0, hidden_size=4096, hc_mult=4, sinkhorn_iters=20, op='pre'. Consider using HYBRID mode.\n\nThe above exception was the direct cause of the following exception:\n\nTraceback (most recent call last):\n  File ""tools/support_matrix/support_matrix.py"", line 925, in _attempt\n    python_pareto_df = SupportMatrix._run_mode(\n                       ^^^^^^^^^^^^^^^^^^^^^^^^\n  File ""tools/support_matrix/support_matrix.py"", line 814, in _run_mode\n    pareto_df = task.run()\n                ^^^^^^^^^^\n  File ""src/aiconfigurator/sdk/task_v2.py"", line 1595, in run\n    return sweep_agg(\n           ^^^^^^^^^^\n  File ""src/aiconfigurator/sdk/sweep.py"", line 526, in sweep_agg\n    raise RuntimeError(\nRuntimeError: sweep_agg: no results for any parallel configuration. Last exception: DeepSeek-V4 mHC module data not loaded for system='gb300', backend='sglang', version='0.5.9'. Failed to query DeepSeek-V4 mHC module for num_tokens=128.0, hidden_size=4096, hc_mult=4, sinkhorn_iters=20, op='pre'. Consider using HYBRID mode.\n",uv run aiconfigurator cli default --model-path sgl-project/DeepSeek-V4-Flash-FP8 --total-gpus 128 --system gb300 --backend sglang --backend-version 0.5.9 --database-mode SILICON --isl 256 --osl 256 --prefix 128 --ttft 2000000.0 --tpot 50000.0 --top-n 1 --no-color,
sgl-project/DeepSeek-V4-Flash-FP8,DeepseekV4ForCausalLM,gb300,sglang,0.5.9,disagg,FAIL,"Traceback (most recent call last):\n  File ""src/aiconfigurator/sdk/sweep.py"", line 603, in _get_disagg_worker_candidates\n    summary = predict_disagg_worker(\n              ^^^^^^^^^^^^^^^^^^^^^^\n  File ""src/aiconfigurator/sdk/predict.py"", line 91, in predict_disagg_worker\n    summary = (predictor or DEFAULT_PREDICTOR).predict_disagg_worker(\n              ^^^^^^^^^^^^^^^^^^^^^^^^^^^^^^^^^^^^^^^^^^^^^^^^^^^^^^^\n  File ""src/aiconfigurator/sdk/predictor.py"", line 139, in predict_disagg_worker\n    return backend.run_static(\n           ^^^^^^^^^^^^^^^^^^^\n  File ""aic-core/src/aiconfigurator_core/sdk/backends/base_backend.py"", line 685, in run_static\n    ) = self._run_static_breakdown(\n        ^^^^^^^^^^^^^^^^^^^^^^^^^^^\n  File ""aic-core/src/aiconfigurator_core/sdk/backends/base_backend.py"", line 503, in _run_static_breakdown\n    context_latency_dict, context_energy_wms_dict, context_source_dict = self._run_context_phase(\n                                                                         ^^^^^^^^^^^^^^^^^^^^^^^^\n  File ""aic-core/src/aiconfigurator_core/sdk/backends/base_backend.py"", line 338, in _run_context_phase\n    result = op.query(\n             ^^^^^^^^^\n  File ""aic-core/src/aiconfigurator_core/sdk/operations/dsv4.py"", line 518, in query\n    result = database.query_mhc_module(\n             ^^^^^^^^^^^^^^^^^^^^^^^^^^\n  File ""aic-core/src/aiconfigurator_core/sdk/perf_database.py"", line 3307, in query_mhc_module\n    return DeepSeekV4MHCModule._query_mhc_table(\n           ^^^^^^^^^^^^^^^^^^^^^^^^^^^^^^^^^^^^^\n  File ""aic-core/src/aiconfigurator_core/sdk/operations/dsv4.py"", line 503, in _query_mhc_table\n    return database._query_silicon_or_hybrid(\n           ^^^^^^^^^^^^^^^^^^^^^^^^^^^^^^^^^^\n  File ""aic-core/src/aiconfigurator_core/sdk/perf_database.py"", line 2543, in _query_silicon_or_hybrid\n    return get_silicon()\n           ^^^^^^^^^^^^^\n  File ""aic-core/src/aiconfigurator_core/sdk/operations/dsv4.py"", line 456, in get_silicon\n    raise PerfDataNotAvailableError(\naiconfigurator_core.sdk.errors.PerfDataNotAvailableError: DeepSeek-V4 mHC module data not loaded for system='gb300', backend='sglang', version='0.5.9'. Failed to query DeepSeek-V4 mHC module for num_tokens=128, hidden_size=4096, hc_mult=4, sinkhorn_iters=20, op='pre'. Consider using HYBRID mode.\n\nThe above exception was the direct cause of the following exception:\n\nTraceback (most recent call last):\n  File ""tools/support_matrix/support_matrix.py"", line 925, in _attempt\n    python_pareto_df = SupportMatrix._run_mode(\n                       ^^^^^^^^^^^^^^^^^^^^^^^^\n  File ""tools/support_matrix/support_matrix.py"", line 814, in _run_mode\n    pareto_df = task.run()\n                ^^^^^^^^^^\n  File ""src/aiconfigurator/sdk/task_v2.py"", line 1607, in run\n    return sweep_disagg(\n           ^^^^^^^^^^^^^\n  File ""src/aiconfigurator/sdk/sweep.py"", line 850, in sweep_disagg\n    prefill_summary_df = _get_disagg_worker_candidates(\n                         ^^^^^^^^^^^^^^^^^^^^^^^^^^^^^^\n  File ""src/aiconfigurator/sdk/sweep.py"", line 642, in _get_disagg_worker_candidates\n    raise RuntimeError(\nRuntimeError: sweep_disagg/prefill: no results for any parallel config. Last exception: DeepSeek-V4 mHC module data not loaded for system='gb300', backend='sglang', version='0.5.9'. Failed to query DeepSeek-V4 mHC module for num_tokens=128, hidden_size=4096, hc_mult=4, sinkhorn_iters=20, op='pre'. Consider using HYBRID mode.\n",uv run aiconfigurator cli default --model-path sgl-project/DeepSeek-V4-Flash-FP8 --total-gpus 128 --system gb300 --backend sglang --backend-version 0.5.9 --database-mode SILICON --isl 256 --osl 256 --prefix 128 --ttft 2000000.0 --tpot 50000.0 --top-n 1 --no-color,
sgl-project/DeepSeek-V4-Flash-FP8,DeepseekV4ForCausalLM,gb300,trtllm,1.3.0rc10,agg,FAIL,"Traceback (most recent call last):\n  File ""tools/support_matrix/support_matrix.py"", line 925, in _attempt\n    python_pareto_df = SupportMatrix._run_mode(\n                       ^^^^^^^^^^^^^^^^^^^^^^^^\n  File ""tools/support_matrix/support_matrix.py"", line 814, in _run_mode\n    pareto_df = task.run()\n                ^^^^^^^^^^\n  File ""src/aiconfigurator/sdk/task_v2.py"", line 1588, in run\n    self.validate()\n  File ""src/aiconfigurator/sdk/task_v2.py"", line 1237, in validate\n    self._validate_database_quant_modes()\n  File ""src/aiconfigurator/sdk/task_v2.py"", line 1286, in _validate_database_quant_modes\n    self._check_role_against_db(""agg"", validate_context=True, validate_generation=True)\n  File ""src/aiconfigurator/sdk/task_v2.py"", line 1398, in _check_role_against_db\n    _check(""moe"", moe_mode, profile_transfer=True)\n  File ""src/aiconfigurator/sdk/task_v2.py"", line 1379, in _check\n    raise exc_type(\nValueError: Unsupported moe quant mode 'fp8_block' for system='gb300', backend='trtllm', version='1.3.0rc10'. Supported moe modes: ['bfloat16', 'fp8', 'nvfp4', 'w4a16_mxfp4', 'w4a8_mxfp4_mxfp8']\n",uv run aiconfigurator cli default --model-path sgl-project/DeepSeek-V4-Flash-FP8 --total-gpus 128 --system gb300 --backend trtllm --backend-version 1.3.0rc10 --database-mode SILICON --isl 256 --osl 256 --prefix 128 --ttft 2000000.0 --tpot 50000.0 --top-n 1 --no-color,
sgl-project/DeepSeek-V4-Flash-FP8,DeepseekV4ForCausalLM,gb300,trtllm,1.3.0rc10,disagg,FAIL,"Traceback (most recent call last):\n  File ""tools/support_matrix/support_matrix.py"", line 925, in _attempt\n    python_pareto_df = SupportMatrix._run_mode(\n                       ^^^^^^^^^^^^^^^^^^^^^^^^\n  File ""tools/support_matrix/support_matrix.py"", line 814, in _run_mode\n    pareto_df = task.run()\n                ^^^^^^^^^^\n  File ""src/aiconfigurator/sdk/task_v2.py"", line 1588, in run\n    self.validate()\n  File ""src/aiconfigurator/sdk/task_v2.py"", line 1237, in validate\n    self._validate_database_quant_modes()\n  File ""src/aiconfigurator/sdk/task_v2.py"", line 1288, in _validate_database_quant_modes\n    self._check_role_against_db(""prefill"", validate_context=True, validate_generation=False)\n  File ""src/aiconfigurator/sdk/task_v2.py"", line 1398, in _check_role_against_db\n    _check(""moe"", moe_mode, profile_transfer=True)\n  File ""src/aiconfigurator/sdk/task_v2.py"", line 1379, in _check\n    raise exc_type(\nValueError: Unsupported moe quant mode 'fp8_block' for system='gb300', backend='trtllm', version='1.3.0rc10'. Supported moe modes: ['bfloat16', 'fp8', 'nvfp4', 'w4a16_mxfp4', 'w4a8_mxfp4_mxfp8']\n",uv run aiconfigurator cli default --model-path sgl-project/DeepSeek-V4-Flash-FP8 --total-gpus 128 --system gb300 --backend trtllm --backend-version 1.3.0rc10 --database-mode SILICON --isl 256 --osl 256 --prefix 128 --ttft 2000000.0 --tpot 50000.0 --top-n 1 --no-color,
sgl-project/DeepSeek-V4-Flash-FP8,DeepseekV4ForCausalLM,gb300,trtllm,1.3.0rc15,agg,FAIL,"Traceback (most recent call last):\n  File ""tools/support_matrix/support_matrix.py"", line 925, in _attempt\n    python_pareto_df = SupportMatrix._run_mode(\n                       ^^^^^^^^^^^^^^^^^^^^^^^^\n  File ""tools/support_matrix/support_matrix.py"", line 814, in _run_mode\n    pareto_df = task.run()\n                ^^^^^^^^^^\n  File ""src/aiconfigurator/sdk/task_v2.py"", line 1588, in run\n    self.validate()\n  File ""src/aiconfigurator/sdk/task_v2.py"", line 1237, in validate\n    self._validate_database_quant_modes()\n  File ""src/aiconfigurator/sdk/task_v2.py"", line 1286, in _validate_database_quant_modes\n    self._check_role_against_db(""agg"", validate_context=True, validate_generation=True)\n  File ""src/aiconfigurator/sdk/task_v2.py"", line 1398, in _check_role_against_db\n    _check(""moe"", moe_mode, profile_transfer=True)\n  File ""src/aiconfigurator/sdk/task_v2.py"", line 1379, in _check\n    raise exc_type(\nValueError: Unsupported moe quant mode 'fp8_block' for system='gb300', backend='trtllm', version='1.3.0rc15'. Supported moe modes: ['bfloat16', 'fp8', 'nvfp4', 'w4a16_mxfp4', 'w4a8_mxfp4_mxfp8']\n",uv run aiconfigurator cli default --model-path sgl-project/DeepSeek-V4-Flash-FP8 --total-gpus 128 --system gb300 --backend trtllm --backend-version 1.3.0rc15 --database-mode SILICON --isl 256 --osl 256 --prefix 128 --ttft 2000000.0 --tpot 50000.0 --top-n 1 --no-color,
sgl-project/DeepSeek-V4-Flash-FP8,DeepseekV4ForCausalLM,gb300,trtllm,1.3.0rc15,disagg,FAIL,"Traceback (most recent call last):\n  File ""tools/support_matrix/support_matrix.py"", line 925, in _attempt\n    python_pareto_df = SupportMatrix._run_mode(\n                       ^^^^^^^^^^^^^^^^^^^^^^^^\n  File ""tools/support_matrix/support_matrix.py"", line 814, in _run_mode\n    pareto_df = task.run()\n                ^^^^^^^^^^\n  File ""src/aiconfigurator/sdk/task_v2.py"", line 1588, in run\n    self.validate()\n  File ""src/aiconfigurator/sdk/task_v2.py"", line 1237, in validate\n    self._validate_database_quant_modes()\n  File ""src/aiconfigurator/sdk/task_v2.py"", line 1288, in _validate_database_quant_modes\n    self._check_role_against_db(""prefill"", validate_context=True, validate_generation=False)\n  File ""src/aiconfigurator/sdk/task_v2.py"", line 1398, in _check_role_against_db\n    _check(""moe"", moe_mode, profile_transfer=True)\n  File ""src/aiconfigurator/sdk/task_v2.py"", line 1379, in _check\n    raise exc_type(\nValueError: Unsupported moe quant mode 'fp8_block' for system='gb300', backend='trtllm', version='1.3.0rc15'. Supported moe modes: ['bfloat16', 'fp8', 'nvfp4', 'w4a16_mxfp4', 'w4a8_mxfp4_mxfp8']\n",uv run aiconfigurator cli default --model-path sgl-project/DeepSeek-V4-Flash-FP8 --total-gpus 128 --system gb300 --backend trtllm --backend-version 1.3.0rc15 --database-mode SILICON --isl 256 --osl 256 --prefix 128 --ttft 2000000.0 --tpot 50000.0 --top-n 1 --no-color,
sgl-project/DeepSeek-V4-Flash-FP8,DeepseekV4ForCausalLM,gb300,trtllm,1.3.0rc20,agg,FAIL,"Traceback (most recent call last):\n  File ""src/aiconfigurator/sdk/sweep.py"", line 485, in sweep_agg\n    point_df, point_saw_model_fit, point_saw_memory_fit = _sweep_one_parallel_agg(\n                                                          ^^^^^^^^^^^^^^^^^^^^^^^^\n  File ""src/aiconfigurator/sdk/sweep.py"", line 335, in _sweep_one_parallel_agg\n    summary = predict_agg_worker(\n              ^^^^^^^^^^^^^^^^^^^\n  File ""src/aiconfigurator/sdk/predict.py"", line 143, in predict_agg_worker\n    summary = (predictor or DEFAULT_PREDICTOR).predict_agg_worker(\n              ^^^^^^^^^^^^^^^^^^^^^^^^^^^^^^^^^^^^^^^^^^^^^^^^^^^^\n  File ""src/aiconfigurator/sdk/predictor.py"", line 118, in predict_agg_worker\n    return backend.run_agg(\n           ^^^^^^^^^^^^^^^^\n  File ""aic-core/src/aiconfigurator_core/sdk/backends/base_backend.py"", line 1466, in run_agg\n    mix_step_estimate = self.run_mixed(\n                        ^^^^^^^^^^^^^^^\n  File ""aic-core/src/aiconfigurator_core/sdk/backends/base_backend.py"", line 1147, in run_mixed\n    summary = self.run_static(\n              ^^^^^^^^^^^^^^^^\n  File ""aic-core/src/aiconfigurator_core/sdk/backends/base_backend.py"", line 685, in run_static\n    ) = self._run_static_breakdown(\n        ^^^^^^^^^^^^^^^^^^^^^^^^^^^\n  File ""aic-core/src/aiconfigurator_core/sdk/backends/base_backend.py"", line 503, in _run_static_breakdown\n    context_latency_dict, context_energy_wms_dict, context_source_dict = self._run_context_phase(\n                                                                         ^^^^^^^^^^^^^^^^^^^^^^^^\n  File ""aic-core/src/aiconfigurator_core/sdk/backends/base_backend.py"", line 338, in _run_context_phase\n    result = op.query(\n             ^^^^^^^^^\n  File ""aic-core/src/aiconfigurator_core/sdk/operations/dsv4.py"", line 518, in query\n    result = database.query_mhc_module(\n             ^^^^^^^^^^^^^^^^^^^^^^^^^^\n  File ""aic-core/src/aiconfigurator_core/sdk/perf_database.py"", line 3307, in query_mhc_module\n    return DeepSeekV4MHCModule._query_mhc_table(\n           ^^^^^^^^^^^^^^^^^^^^^^^^^^^^^^^^^^^^^\n  File ""aic-core/src/aiconfigurator_core/sdk/operations/dsv4.py"", line 503, in _query_mhc_table\n    return database._query_silicon_or_hybrid(\n           ^^^^^^^^^^^^^^^^^^^^^^^^^^^^^^^^^^\n  File ""aic-core/src/aiconfigurator_core/sdk/perf_database.py"", line 2543, in _query_silicon_or_hybrid\n    return get_silicon()\n           ^^^^^^^^^^^^^\n  File ""aic-core/src/aiconfigurator_core/sdk/operations/dsv4.py"", line 456, in get_silicon\n    raise PerfDataNotAvailableError(\naiconfigurator_core.sdk.errors.PerfDataNotAvailableError: DeepSeek-V4 mHC module data not loaded for system='gb300', backend='trtllm', version='1.3.0rc20'. Failed to query DeepSeek-V4 mHC module for num_tokens=128.0, hidden_size=4096, hc_mult=4, sinkhorn_iters=20, op='pre'. Consider using HYBRID mode.\n\nThe above exception was the direct cause of the following exception:\n\nTraceback (most recent call last):\n  File ""tools/support_matrix/support_matrix.py"", line 925, in _attempt\n    python_pareto_df = SupportMatrix._run_mode(\n                       ^^^^^^^^^^^^^^^^^^^^^^^^\n  File ""tools/support_matrix/support_matrix.py"", line 814, in _run_mode\n    pareto_df = task.run()\n                ^^^^^^^^^^\n  File ""src/aiconfigurator/sdk/task_v2.py"", line 1595, in run\n    return sweep_agg(\n           ^^^^^^^^^^\n  File ""src/aiconfigurator/sdk/sweep.py"", line 526, in sweep_agg\n    raise RuntimeError(\nRuntimeError: sweep_agg: no results for any parallel configuration. Last exception: DeepSeek-V4 mHC module data not loaded for system='gb300', backend='trtllm', version='1.3.0rc20'. Failed to query DeepSeek-V4 mHC module for num_tokens=128.0, hidden_size=4096, hc_mult=4, sinkhorn_iters=20, op='pre'. Consider using HYBRID mode.\n",uv run aiconfigurator cli default --model-path sgl-project/DeepSeek-V4-Flash-FP8 --total-gpus 128 --system gb300 --backend trtllm --backend-version 1.3.0rc20 --database-mode SILICON --isl 256 --osl 256 --prefix 128 --ttft 2000000.0 --tpot 50000.0 --top-n 1 --no-color,
sgl-project/DeepSeek-V4-Flash-FP8,DeepseekV4ForCausalLM,gb300,trtllm,1.3.0rc20,disagg,FAIL,"Traceback (most recent call last):\n  File ""src/aiconfigurator/sdk/sweep.py"", line 603, in _get_disagg_worker_candidates\n    summary = predict_disagg_worker(\n              ^^^^^^^^^^^^^^^^^^^^^^\n  File ""src/aiconfigurator/sdk/predict.py"", line 91, in predict_disagg_worker\n    summary = (predictor or DEFAULT_PREDICTOR).predict_disagg_worker(\n              ^^^^^^^^^^^^^^^^^^^^^^^^^^^^^^^^^^^^^^^^^^^^^^^^^^^^^^^\n  File ""src/aiconfigurator/sdk/predictor.py"", line 139, in predict_disagg_worker\n    return backend.run_static(\n           ^^^^^^^^^^^^^^^^^^^\n  File ""aic-core/src/aiconfigurator_core/sdk/backends/base_backend.py"", line 685, in run_static\n    ) = self._run_static_breakdown(\n        ^^^^^^^^^^^^^^^^^^^^^^^^^^^\n  File ""aic-core/src/aiconfigurator_core/sdk/backends/base_backend.py"", line 503, in _run_static_breakdown\n    context_latency_dict, context_energy_wms_dict, context_source_dict = self._run_context_phase(\n                                                                         ^^^^^^^^^^^^^^^^^^^^^^^^\n  File ""aic-core/src/aiconfigurator_core/sdk/backends/base_backend.py"", line 338, in _run_context_phase\n    result = op.query(\n             ^^^^^^^^^\n  File ""aic-core/src/aiconfigurator_core/sdk/operations/dsv4.py"", line 518, in query\n    result = database.query_mhc_module(\n             ^^^^^^^^^^^^^^^^^^^^^^^^^^\n  File ""aic-core/src/aiconfigurator_core/sdk/perf_database.py"", line 3307, in query_mhc_module\n    return DeepSeekV4MHCModule._query_mhc_table(\n           ^^^^^^^^^^^^^^^^^^^^^^^^^^^^^^^^^^^^^\n  File ""aic-core/src/aiconfigurator_core/sdk/operations/dsv4.py"", line 503, in _query_mhc_table\n    return database._query_silicon_or_hybrid(\n           ^^^^^^^^^^^^^^^^^^^^^^^^^^^^^^^^^^\n  File ""aic-core/src/aiconfigurator_core/sdk/perf_database.py"", line 2543, in _query_silicon_or_hybrid\n    return get_silicon()\n           ^^^^^^^^^^^^^\n  File ""aic-core/src/aiconfigurator_core/sdk/operations/dsv4.py"", line 456, in get_silicon\n    raise PerfDataNotAvailableError(\naiconfigurator_core.sdk.errors.PerfDataNotAvailableError: DeepSeek-V4 mHC module data not loaded for system='gb300', backend='trtllm', version='1.3.0rc20'. Failed to query DeepSeek-V4 mHC module for num_tokens=128, hidden_size=4096, hc_mult=4, sinkhorn_iters=20, op='pre'. Consider using HYBRID mode.\n\nThe above exception was the direct cause of the following exception:\n\nTraceback (most recent call last):\n  File ""tools/support_matrix/support_matrix.py"", line 925, in _attempt\n    python_pareto_df = SupportMatrix._run_mode(\n                       ^^^^^^^^^^^^^^^^^^^^^^^^\n  File ""tools/support_matrix/support_matrix.py"", line 814, in _run_mode\n    pareto_df = task.run()\n                ^^^^^^^^^^\n  File ""src/aiconfigurator/sdk/task_v2.py"", line 1607, in run\n    return sweep_disagg(\n           ^^^^^^^^^^^^^\n  File ""src/aiconfigurator/sdk/sweep.py"", line 850, in sweep_disagg\n    prefill_summary_df = _get_disagg_worker_candidates(\n                         ^^^^^^^^^^^^^^^^^^^^^^^^^^^^^^\n  File ""src/aiconfigurator/sdk/sweep.py"", line 642, in _get_disagg_worker_candidates\n    raise RuntimeError(\nRuntimeError: sweep_disagg/prefill: no results for any parallel config. Last exception: DeepSeek-V4 mHC module data not loaded for system='gb300', backend='trtllm', version='1.3.0rc20'. Failed to query DeepSeek-V4 mHC module for num_tokens=128, hidden_size=4096, hc_mult=4, sinkhorn_iters=20, op='pre'. Consider using HYBRID mode.\n",uv run aiconfigurator cli default --model-path sgl-project/DeepSeek-V4-Flash-FP8 --total-gpus 128 --system gb300 --backend trtllm --backend-version 1.3.0rc20 --database-mode SILICON --isl 256 --osl 256 --prefix 128 --ttft 2000000.0 --tpot 50000.0 --top-n 1 --no-color,
sgl-project/DeepSeek-V4-Flash-FP8,DeepseekV4ForCausalLM,gb300,vllm,0.19.0,agg,FRAMEWORK_INCOMPATIBLE,"Traceback (most recent call last):\n  File ""src/aiconfigurator/sdk/sweep.py"", line 485, in sweep_agg\n    point_df, point_saw_model_fit, point_saw_memory_fit = _sweep_one_parallel_agg(\n                                                          ^^^^^^^^^^^^^^^^^^^^^^^^\n  File ""src/aiconfigurator/sdk/sweep.py"", line 335, in _sweep_one_parallel_agg\n    summary = predict_agg_worker(\n              ^^^^^^^^^^^^^^^^^^^\n  File ""src/aiconfigurator/sdk/predict.py"", line 143, in predict_agg_worker\n    summary = (predictor or DEFAULT_PREDICTOR).predict_agg_worker(\n              ^^^^^^^^^^^^^^^^^^^^^^^^^^^^^^^^^^^^^^^^^^^^^^^^^^^^\n  File ""src/aiconfigurator/sdk/predictor.py"", line 118, in predict_agg_worker\n    return backend.run_agg(\n           ^^^^^^^^^^^^^^^^\n  File ""aic-core/src/aiconfigurator_core/sdk/backends/base_backend.py"", line 1466, in run_agg\n    mix_step_estimate = self.run_mixed(\n                        ^^^^^^^^^^^^^^^\n  File ""aic-core/src/aiconfigurator_core/sdk/backends/base_backend.py"", line 1147, in run_mixed\n    summary = self.run_static(\n              ^^^^^^^^^^^^^^^^\n  File ""aic-core/src/aiconfigurator_core/sdk/backends/base_backend.py"", line 685, in run_static\n    ) = self._run_static_breakdown(\n        ^^^^^^^^^^^^^^^^^^^^^^^^^^^\n  File ""aic-core/src/aiconfigurator_core/sdk/backends/base_backend.py"", line 503, in _run_static_breakdown\n    context_latency_dict, context_energy_wms_dict, context_source_dict = self._run_context_phase(\n                                                                         ^^^^^^^^^^^^^^^^^^^^^^^^\n  File ""aic-core/src/aiconfigurator_core/sdk/backends/base_backend.py"", line 338, in _run_context_phase\n    result = op.query(\n             ^^^^^^^^^\n  File ""aic-core/src/aiconfigurator_core/sdk/operations/dsv4.py"", line 518, in query\n    result = database.query_mhc_module(\n             ^^^^^^^^^^^^^^^^^^^^^^^^^^\n  File ""aic-core/src/aiconfigurator_core/sdk/perf_database.py"", line 3307, in query_mhc_module\n    return DeepSeekV4MHCModule._query_mhc_table(\n           ^^^^^^^^^^^^^^^^^^^^^^^^^^^^^^^^^^^^^\n  File ""aic-core/src/aiconfigurator_core/sdk/operations/dsv4.py"", line 503, in _query_mhc_table\n    return database._query_silicon_or_hybrid(\n           ^^^^^^^^^^^^^^^^^^^^^^^^^^^^^^^^^^\n  File ""aic-core/src/aiconfigurator_core/sdk/perf_database.py"", line 2543, in _query_silicon_or_hybrid\n    return get_silicon()\n           ^^^^^^^^^^^^^\n  File ""aic-core/src/aiconfigurator_core/sdk/operations/dsv4.py"", line 456, in get_silicon\n    raise PerfDataNotAvailableError(\naiconfigurator_core.sdk.errors.PerfDataNotAvailableError: DeepSeek-V4 mHC module data not loaded for system='gb300', backend='vllm', version='0.19.0'. Failed to query DeepSeek-V4 mHC module for num_tokens=128.0, hidden_size=4096, hc_mult=4, sinkhorn_iters=20, op='pre'. Consider using HYBRID mode.\n\nThe above exception was the direct cause of the following exception:\n\nTraceback (most recent call last):\n  File ""tools/support_matrix/support_matrix.py"", line 925, in _attempt\n    python_pareto_df = SupportMatrix._run_mode(\n                       ^^^^^^^^^^^^^^^^^^^^^^^^\n  File ""tools/support_matrix/support_matrix.py"", line 814, in _run_mode\n    pareto_df = task.run()\n                ^^^^^^^^^^\n  File ""src/aiconfigurator/sdk/task_v2.py"", line 1595, in run\n    return sweep_agg(\n           ^^^^^^^^^^\n  File ""src/aiconfigurator/sdk/sweep.py"", line 526, in sweep_agg\n    raise RuntimeError(\nRuntimeError: sweep_agg: no results for any parallel configuration. Last exception: DeepSeek-V4 mHC module data not loaded for system='gb300', backend='vllm', version='0.19.0'. Failed to query DeepSeek-V4 mHC module for num_tokens=128.0, hidden_size=4096, hc_mult=4, sinkhorn_iters=20, op='pre'. Consider using HYBRID mode.\n",uv run aiconfigurator cli default --model-path sgl-project/DeepSeek-V4-Flash-FP8 --total-gpus 128 --system gb300 --backend vllm --backend-version 0.19.0 --database-mode SILICON --isl 256 --osl 256 --prefix 128 --ttft 2000000.0 --tpot 50000.0 --top-n 1 --no-color,
sgl-project/DeepSeek-V4-Flash-FP8,DeepseekV4ForCausalLM,gb300,vllm,0.19.0,disagg,FRAMEWORK_INCOMPATIBLE,"Traceback (most recent call last):\n  File ""src/aiconfigurator/sdk/sweep.py"", line 603, in _get_disagg_worker_candidates\n    summary = predict_disagg_worker(\n              ^^^^^^^^^^^^^^^^^^^^^^\n  File ""src/aiconfigurator/sdk/predict.py"", line 91, in predict_disagg_worker\n    summary = (predictor or DEFAULT_PREDICTOR).predict_disagg_worker(\n              ^^^^^^^^^^^^^^^^^^^^^^^^^^^^^^^^^^^^^^^^^^^^^^^^^^^^^^^\n  File ""src/aiconfigurator/sdk/predictor.py"", line 139, in predict_disagg_worker\n    return backend.run_static(\n           ^^^^^^^^^^^^^^^^^^^\n  File ""aic-core/src/aiconfigurator_core/sdk/backends/base_backend.py"", line 685, in run_static\n    ) = self._run_static_breakdown(\n        ^^^^^^^^^^^^^^^^^^^^^^^^^^^\n  File ""aic-core/src/aiconfigurator_core/sdk/backends/base_backend.py"", line 503, in _run_static_breakdown\n    context_latency_dict, context_energy_wms_dict, context_source_dict = self._run_context_phase(\n                                                                         ^^^^^^^^^^^^^^^^^^^^^^^^\n  File ""aic-core/src/aiconfigurator_core/sdk/backends/base_backend.py"", line 338, in _run_context_phase\n    result = op.query(\n             ^^^^^^^^^\n  File ""aic-core/src/aiconfigurator_core/sdk/operations/dsv4.py"", line 518, in query\n    result = database.query_mhc_module(\n             ^^^^^^^^^^^^^^^^^^^^^^^^^^\n  File ""aic-core/src/aiconfigurator_core/sdk/perf_database.py"", line 3307, in query_mhc_module\n    return DeepSeekV4MHCModule._query_mhc_table(\n           ^^^^^^^^^^^^^^^^^^^^^^^^^^^^^^^^^^^^^\n  File ""aic-core/src/aiconfigurator_core/sdk/operations/dsv4.py"", line 503, in _query_mhc_table\n    return database._query_silicon_or_hybrid(\n           ^^^^^^^^^^^^^^^^^^^^^^^^^^^^^^^^^^\n  File ""aic-core/src/aiconfigurator_core/sdk/perf_database.py"", line 2543, in _query_silicon_or_hybrid\n    return get_silicon()\n           ^^^^^^^^^^^^^\n  File ""aic-core/src/aiconfigurator_core/sdk/operations/dsv4.py"", line 456, in get_silicon\n    raise PerfDataNotAvailableError(\naiconfigurator_core.sdk.errors.PerfDataNotAvailableError: DeepSeek-V4 mHC module data not loaded for system='gb300', backend='vllm', version='0.19.0'. Failed to query DeepSeek-V4 mHC module for num_tokens=128, hidden_size=4096, hc_mult=4, sinkhorn_iters=20, op='pre'. Consider using HYBRID mode.\n\nThe above exception was the direct cause of the following exception:\n\nTraceback (most recent call last):\n  File ""tools/support_matrix/support_matrix.py"", line 925, in _attempt\n    python_pareto_df = SupportMatrix._run_mode(\n                       ^^^^^^^^^^^^^^^^^^^^^^^^\n  File ""tools/support_matrix/support_matrix.py"", line 814, in _run_mode\n    pareto_df = task.run()\n                ^^^^^^^^^^\n  File ""src/aiconfigurator/sdk/task_v2.py"", line 1607, in run\n    return sweep_disagg(\n           ^^^^^^^^^^^^^\n  File ""src/aiconfigurator/sdk/sweep.py"", line 850, in sweep_disagg\n    prefill_summary_df = _get_disagg_worker_candidates(\n                         ^^^^^^^^^^^^^^^^^^^^^^^^^^^^^^\n  File ""src/aiconfigurator/sdk/sweep.py"", line 642, in _get_disagg_worker_candidates\n    raise RuntimeError(\nRuntimeError: sweep_disagg/prefill: no results for any parallel config. Last exception: DeepSeek-V4 mHC module data not loaded for system='gb300', backend='vllm', version='0.19.0'. Failed to query DeepSeek-V4 mHC module for num_tokens=128, hidden_size=4096, hc_mult=4, sinkhorn_iters=20, op='pre'. Consider using HYBRID mode.\n",uv run aiconfigurator cli default --model-path sgl-project/DeepSeek-V4-Flash-FP8 --total-gpus 128 --system gb300 --backend vllm --backend-version 0.19.0 --database-mode SILICON --isl 256 --osl 256 --prefix 128 --ttft 2000000.0 --tpot 50000.0 --top-n 1 --no-color,
sgl-project/DeepSeek-V4-Flash-FP8,DeepseekV4ForCausalLM,gb300,vllm,0.22.0,agg,PASS,,uv run aiconfigurator cli default --model-path sgl-project/DeepSeek-V4-Flash-FP8 --total-gpus 128 --system gb300 --backend vllm --backend-version 0.22.0 --database-mode SILICON --isl 256 --osl 256 --prefix 128 --ttft 2000000.0 --tpot 50000.0 --top-n 1 --no-color,silicon
sgl-project/DeepSeek-V4-Flash-FP8,DeepseekV4ForCausalLM,gb300,vllm,0.22.0,disagg,PASS,,uv run aiconfigurator cli default --model-path sgl-project/DeepSeek-V4-Flash-FP8 --total-gpus 128 --system gb300 --backend vllm --backend-version 0.22.0 --database-mode SILICON --isl 256 --osl 256 --prefix 128 --ttft 2000000.0 --tpot 50000.0 --top-n 1 --no-color,silicon
sgl-project/DeepSeek-V4-Flash-FP8,DeepseekV4ForCausalLM,gb300,vllm,0.24.0,agg,PASS,,uv run aiconfigurator cli default --model-path sgl-project/DeepSeek-V4-Flash-FP8 --total-gpus 128 --system gb300 --backend vllm --backend-version 0.24.0 --database-mode SILICON --isl 256 --osl 256 --prefix 128 --ttft 2000000.0 --tpot 50000.0 --top-n 1 --no-color,silicon
sgl-project/DeepSeek-V4-Flash-FP8,DeepseekV4ForCausalLM,gb300,vllm,0.24.0,disagg,PASS,,uv run aiconfigurator cli default --model-path sgl-project/DeepSeek-V4-Flash-FP8 --total-gpus 128 --system gb300 --backend vllm --backend-version 0.24.0 --database-mode SILICON --isl 256 --osl 256 --prefix 128 --ttft 2000000.0 --tpot 50000.0 --top-n 1 --no-color,silicon
sgl-project/DeepSeek-V4-Pro-FP8,DeepseekV4ForCausalLM,gb300,sglang,0.5.10,agg,FAIL,"Traceback (most recent call last):\n  File ""src/aiconfigurator/sdk/sweep.py"", line 485, in sweep_agg\n    point_df, point_saw_model_fit, point_saw_memory_fit = _sweep_one_parallel_agg(\n                                                          ^^^^^^^^^^^^^^^^^^^^^^^^\n  File ""src/aiconfigurator/sdk/sweep.py"", line 335, in _sweep_one_parallel_agg\n    summary = predict_agg_worker(\n              ^^^^^^^^^^^^^^^^^^^\n  File ""src/aiconfigurator/sdk/predict.py"", line 143, in predict_agg_worker\n    summary = (predictor or DEFAULT_PREDICTOR).predict_agg_worker(\n              ^^^^^^^^^^^^^^^^^^^^^^^^^^^^^^^^^^^^^^^^^^^^^^^^^^^^\n  File ""src/aiconfigurator/sdk/predictor.py"", line 118, in predict_agg_worker\n    return backend.run_agg(\n           ^^^^^^^^^^^^^^^^\n  File ""aic-core/src/aiconfigurator_core/sdk/backends/base_backend.py"", line 1466, in run_agg\n    mix_step_estimate = self.run_mixed(\n                        ^^^^^^^^^^^^^^^\n  File ""aic-core/src/aiconfigurator_core/sdk/backends/base_backend.py"", line 1147, in run_mixed\n    summary = self.run_static(\n              ^^^^^^^^^^^^^^^^\n  File ""aic-core/src/aiconfigurator_core/sdk/backends/base_backend.py"", line 685, in run_static\n    ) = self._run_static_breakdown(\n        ^^^^^^^^^^^^^^^^^^^^^^^^^^^\n  File ""aic-core/src/aiconfigurator_core/sdk/backends/base_backend.py"", line 503, in _run_static_breakdown\n    context_latency_dict, context_energy_wms_dict, context_source_dict = self._run_context_phase(\n                                                                         ^^^^^^^^^^^^^^^^^^^^^^^^\n  File ""aic-core/src/aiconfigurator_core/sdk/backends/base_backend.py"", line 338, in _run_context_phase\n    result = op.query(\n             ^^^^^^^^^\n  File ""aic-core/src/aiconfigurator_core/sdk/operations/dsv4.py"", line 518, in query\n    result = database.query_mhc_module(\n             ^^^^^^^^^^^^^^^^^^^^^^^^^^\n  File ""aic-core/src/aiconfigurator_core/sdk/perf_database.py"", line 3307, in query_mhc_module\n    return DeepSeekV4MHCModule._query_mhc_table(\n           ^^^^^^^^^^^^^^^^^^^^^^^^^^^^^^^^^^^^^\n  File ""aic-core/src/aiconfigurator_core/sdk/operations/dsv4.py"", line 503, in _query_mhc_table\n    return database._query_silicon_or_hybrid(\n           ^^^^^^^^^^^^^^^^^^^^^^^^^^^^^^^^^^\n  File ""aic-core/src/aiconfigurator_core/sdk/perf_database.py"", line 2543, in _query_silicon_or_hybrid\n    return get_silicon()\n           ^^^^^^^^^^^^^\n  File ""aic-core/src/aiconfigurator_core/sdk/operations/dsv4.py"", line 501, in get_silicon\n    return _lookup_single(op)\n           ^^^^^^^^^^^^^^^^^^\n  File ""aic-core/src/aiconfigurator_core/sdk/operations/dsv4.py"", line 473, in _lookup_single\n    raise PerfDataNotAvailableError(\naiconfigurator_core.sdk.errors.PerfDataNotAvailableError: No mHC silicon data for op='pre', hc_mult=4, hidden_size=7168. Failed to query DeepSeek-V4 mHC module for num_tokens=128.0, hidden_size=7168, hc_mult=4, sinkhorn_iters=20, op='pre'. Consider using HYBRID mode.\n\nThe above exception was the direct cause of the following exception:\n\nTraceback (most recent call last):\n  File ""tools/support_matrix/support_matrix.py"", line 925, in _attempt\n    python_pareto_df = SupportMatrix._run_mode(\n                       ^^^^^^^^^^^^^^^^^^^^^^^^\n  File ""tools/support_matrix/support_matrix.py"", line 814, in _run_mode\n    pareto_df = task.run()\n                ^^^^^^^^^^\n  File ""src/aiconfigurator/sdk/task_v2.py"", line 1595, in run\n    return sweep_agg(\n           ^^^^^^^^^^\n  File ""src/aiconfigurator/sdk/sweep.py"", line 526, in sweep_agg\n    raise RuntimeError(\nRuntimeError: sweep_agg: no results for any parallel configuration. Last exception: No mHC silicon data for op='pre', hc_mult=4, hidden_size=7168. Failed to query DeepSeek-V4 mHC module for num_tokens=128.0, hidden_size=7168, hc_mult=4, sinkhorn_iters=20, op='pre'. Consider using HYBRID mode.\n",uv run aiconfigurator cli default --model-path sgl-project/DeepSeek-V4-Pro-FP8 --total-gpus 128 --system gb300 --backend sglang --backend-version 0.5.10 --database-mode SILICON --isl 256 --osl 256 --prefix 128 --ttft 2000000.0 --tpot 50000.0 --top-n 1 --no-color,
sgl-project/DeepSeek-V4-Pro-FP8,DeepseekV4ForCausalLM,gb300,sglang,0.5.10,disagg,FAIL,"Traceback (most recent call last):\n  File ""src/aiconfigurator/sdk/sweep.py"", line 603, in _get_disagg_worker_candidates\n    summary = predict_disagg_worker(\n              ^^^^^^^^^^^^^^^^^^^^^^\n  File ""src/aiconfigurator/sdk/predict.py"", line 91, in predict_disagg_worker\n    summary = (predictor or DEFAULT_PREDICTOR).predict_disagg_worker(\n              ^^^^^^^^^^^^^^^^^^^^^^^^^^^^^^^^^^^^^^^^^^^^^^^^^^^^^^^\n  File ""src/aiconfigurator/sdk/predictor.py"", line 139, in predict_disagg_worker\n    return backend.run_static(\n           ^^^^^^^^^^^^^^^^^^^\n  File ""aic-core/src/aiconfigurator_core/sdk/backends/base_backend.py"", line 685, in run_static\n    ) = self._run_static_breakdown(\n        ^^^^^^^^^^^^^^^^^^^^^^^^^^^\n  File ""aic-core/src/aiconfigurator_core/sdk/backends/base_backend.py"", line 503, in _run_static_breakdown\n    context_latency_dict, context_energy_wms_dict, context_source_dict = self._run_context_phase(\n                                                                         ^^^^^^^^^^^^^^^^^^^^^^^^\n  File ""aic-core/src/aiconfigurator_core/sdk/backends/base_backend.py"", line 338, in _run_context_phase\n    result = op.query(\n             ^^^^^^^^^\n  File ""aic-core/src/aiconfigurator_core/sdk/operations/dsv4.py"", line 518, in query\n    result = database.query_mhc_module(\n             ^^^^^^^^^^^^^^^^^^^^^^^^^^\n  File ""aic-core/src/aiconfigurator_core/sdk/perf_database.py"", line 3307, in query_mhc_module\n    return DeepSeekV4MHCModule._query_mhc_table(\n           ^^^^^^^^^^^^^^^^^^^^^^^^^^^^^^^^^^^^^\n  File ""aic-core/src/aiconfigurator_core/sdk/operations/dsv4.py"", line 503, in _query_mhc_table\n    return database._query_silicon_or_hybrid(\n           ^^^^^^^^^^^^^^^^^^^^^^^^^^^^^^^^^^\n  File ""aic-core/src/aiconfigurator_core/sdk/perf_database.py"", line 2543, in _query_silicon_or_hybrid\n    return get_silicon()\n           ^^^^^^^^^^^^^\n  File ""aic-core/src/aiconfigurator_core/sdk/operations/dsv4.py"", line 501, in get_silicon\n    return _lookup_single(op)\n           ^^^^^^^^^^^^^^^^^^\n  File ""aic-core/src/aiconfigurator_core/sdk/operations/dsv4.py"", line 473, in _lookup_single\n    raise PerfDataNotAvailableError(\naiconfigurator_core.sdk.errors.PerfDataNotAvailableError: No mHC silicon data for op='pre', hc_mult=4, hidden_size=7168. Failed to query DeepSeek-V4 mHC module for num_tokens=128, hidden_size=7168, hc_mult=4, sinkhorn_iters=20, op='pre'. Consider using HYBRID mode.\n\nThe above exception was the direct cause of the following exception:\n\nTraceback (most recent call last):\n  File ""tools/support_matrix/support_matrix.py"", line 925, in _attempt\n    python_pareto_df = SupportMatrix._run_mode(\n                       ^^^^^^^^^^^^^^^^^^^^^^^^\n  File ""tools/support_matrix/support_matrix.py"", line 814, in _run_mode\n    pareto_df = task.run()\n                ^^^^^^^^^^\n  File ""src/aiconfigurator/sdk/task_v2.py"", line 1607, in run\n    return sweep_disagg(\n           ^^^^^^^^^^^^^\n  File ""src/aiconfigurator/sdk/sweep.py"", line 850, in sweep_disagg\n    prefill_summary_df = _get_disagg_worker_candidates(\n                         ^^^^^^^^^^^^^^^^^^^^^^^^^^^^^^\n  File ""src/aiconfigurator/sdk/sweep.py"", line 642, in _get_disagg_worker_candidates\n    raise RuntimeError(\nRuntimeError: sweep_disagg/prefill: no results for any parallel config. Last exception: No mHC silicon data for op='pre', hc_mult=4, hidden_size=7168. Failed to query DeepSeek-V4 mHC module for num_tokens=128, hidden_size=7168, hc_mult=4, sinkhorn_iters=20, op='pre'. Consider using HYBRID mode.\n",uv run aiconfigurator cli default --model-path sgl-project/DeepSeek-V4-Pro-FP8 --total-gpus 128 --system gb300 --backend sglang --backend-version 0.5.10 --database-mode SILICON --isl 256 --osl 256 --prefix 128 --ttft 2000000.0 --tpot 50000.0 --top-n 1 --no-color,
sgl-project/DeepSeek-V4-Pro-FP8,DeepseekV4ForCausalLM,gb300,sglang,0.5.12,agg,PASS,,uv run aiconfigurator cli default --model-path sgl-project/DeepSeek-V4-Pro-FP8 --total-gpus 128 --system gb300 --backend sglang --backend-version 0.5.12 --database-mode SILICON --isl 256 --osl 256 --prefix 128 --ttft 2000000.0 --tpot 50000.0 --top-n 1 --no-color,silicon
sgl-project/DeepSeek-V4-Pro-FP8,DeepseekV4ForCausalLM,gb300,sglang,0.5.12,disagg,PASS,,uv run aiconfigurator cli default --model-path sgl-project/DeepSeek-V4-Pro-FP8 --total-gpus 128 --system gb300 --backend sglang --backend-version 0.5.12 --database-mode SILICON --isl 256 --osl 256 --prefix 128 --ttft 2000000.0 --tpot 50000.0 --top-n 1 --no-color,silicon
sgl-project/DeepSeek-V4-Pro-FP8,DeepseekV4ForCausalLM,gb300,sglang,0.5.14,agg,PASS,,uv run aiconfigurator cli default --model-path sgl-project/DeepSeek-V4-Pro-FP8 --total-gpus 128 --system gb300 --backend sglang --backend-version 0.5.14 --database-mode SILICON --isl 256 --osl 256 --prefix 128 --ttft 2000000.0 --tpot 50000.0 --top-n 1 --no-color,silicon
sgl-project/DeepSeek-V4-Pro-FP8,DeepseekV4ForCausalLM,gb300,sglang,0.5.14,disagg,PASS,,uv run aiconfigurator cli default --model-path sgl-project/DeepSeek-V4-Pro-FP8 --total-gpus 128 --system gb300 --backend sglang --backend-version 0.5.14 --database-mode SILICON --isl 256 --osl 256 --prefix 128 --ttft 2000000.0 --tpot 50000.0 --top-n 1 --no-color,silicon
sgl-project/DeepSeek-V4-Pro-FP8,DeepseekV4ForCausalLM,gb300,sglang,0.5.9,agg,FAIL,"Traceback (most recent call last):\n  File ""src/aiconfigurator/sdk/sweep.py"", line 485, in sweep_agg\n    point_df, point_saw_model_fit, point_saw_memory_fit = _sweep_one_parallel_agg(\n                                                          ^^^^^^^^^^^^^^^^^^^^^^^^\n  File ""src/aiconfigurator/sdk/sweep.py"", line 335, in _sweep_one_parallel_agg\n    summary = predict_agg_worker(\n              ^^^^^^^^^^^^^^^^^^^\n  File ""src/aiconfigurator/sdk/predict.py"", line 143, in predict_agg_worker\n    summary = (predictor or DEFAULT_PREDICTOR).predict_agg_worker(\n              ^^^^^^^^^^^^^^^^^^^^^^^^^^^^^^^^^^^^^^^^^^^^^^^^^^^^\n  File ""src/aiconfigurator/sdk/predictor.py"", line 118, in predict_agg_worker\n    return backend.run_agg(\n           ^^^^^^^^^^^^^^^^\n  File ""aic-core/src/aiconfigurator_core/sdk/backends/base_backend.py"", line 1466, in run_agg\n    mix_step_estimate = self.run_mixed(\n                        ^^^^^^^^^^^^^^^\n  File ""aic-core/src/aiconfigurator_core/sdk/backends/base_backend.py"", line 1147, in run_mixed\n    summary = self.run_static(\n              ^^^^^^^^^^^^^^^^\n  File ""aic-core/src/aiconfigurator_core/sdk/backends/base_backend.py"", line 685, in run_static\n    ) = self._run_static_breakdown(\n        ^^^^^^^^^^^^^^^^^^^^^^^^^^^\n  File ""aic-core/src/aiconfigurator_core/sdk/backends/base_backend.py"", line 503, in _run_static_breakdown\n    context_latency_dict, context_energy_wms_dict, context_source_dict = self._run_context_phase(\n                                                                         ^^^^^^^^^^^^^^^^^^^^^^^^\n  File ""aic-core/src/aiconfigurator_core/sdk/backends/base_backend.py"", line 338, in _run_context_phase\n    result = op.query(\n             ^^^^^^^^^\n  File ""aic-core/src/aiconfigurator_core/sdk/operations/dsv4.py"", line 518, in query\n    result = database.query_mhc_module(\n             ^^^^^^^^^^^^^^^^^^^^^^^^^^\n  File ""aic-core/src/aiconfigurator_core/sdk/perf_database.py"", line 3307, in query_mhc_module\n    return DeepSeekV4MHCModule._query_mhc_table(\n           ^^^^^^^^^^^^^^^^^^^^^^^^^^^^^^^^^^^^^\n  File ""aic-core/src/aiconfigurator_core/sdk/operations/dsv4.py"", line 503, in _query_mhc_table\n    return database._query_silicon_or_hybrid(\n           ^^^^^^^^^^^^^^^^^^^^^^^^^^^^^^^^^^\n  File ""aic-core/src/aiconfigurator_core/sdk/perf_database.py"", line 2543, in _query_silicon_or_hybrid\n    return get_silicon()\n           ^^^^^^^^^^^^^\n  File ""aic-core/src/aiconfigurator_core/sdk/operations/dsv4.py"", line 456, in get_silicon\n    raise PerfDataNotAvailableError(\naiconfigurator_core.sdk.errors.PerfDataNotAvailableError: DeepSeek-V4 mHC module data not loaded for system='gb300', backend='sglang', version='0.5.9'. Failed to query DeepSeek-V4 mHC module for num_tokens=128.0, hidden_size=7168, hc_mult=4, sinkhorn_iters=20, op='pre'. Consider using HYBRID mode.\n\nThe above exception was the direct cause of the following exception:\n\nTraceback (most recent call last):\n  File ""tools/support_matrix/support_matrix.py"", line 925, in _attempt\n    python_pareto_df = SupportMatrix._run_mode(\n                       ^^^^^^^^^^^^^^^^^^^^^^^^\n  File ""tools/support_matrix/support_matrix.py"", line 814, in _run_mode\n    pareto_df = task.run()\n                ^^^^^^^^^^\n  File ""src/aiconfigurator/sdk/task_v2.py"", line 1595, in run\n    return sweep_agg(\n           ^^^^^^^^^^\n  File ""src/aiconfigurator/sdk/sweep.py"", line 526, in sweep_agg\n    raise RuntimeError(\nRuntimeError: sweep_agg: no results for any parallel configuration. Last exception: DeepSeek-V4 mHC module data not loaded for system='gb300', backend='sglang', version='0.5.9'. Failed to query DeepSeek-V4 mHC module for num_tokens=128.0, hidden_size=7168, hc_mult=4, sinkhorn_iters=20, op='pre'. Consider using HYBRID mode.\n",uv run aiconfigurator cli default --model-path sgl-project/DeepSeek-V4-Pro-FP8 --total-gpus 128 --system gb300 --backend sglang --backend-version 0.5.9 --database-mode SILICON --isl 256 --osl 256 --prefix 128 --ttft 2000000.0 --tpot 50000.0 --top-n 1 --no-color,
sgl-project/DeepSeek-V4-Pro-FP8,DeepseekV4ForCausalLM,gb300,sglang,0.5.9,disagg,FAIL,"Traceback (most recent call last):\n  File ""src/aiconfigurator/sdk/sweep.py"", line 603, in _get_disagg_worker_candidates\n    summary = predict_disagg_worker(\n              ^^^^^^^^^^^^^^^^^^^^^^\n  File ""src/aiconfigurator/sdk/predict.py"", line 91, in predict_disagg_worker\n    summary = (predictor or DEFAULT_PREDICTOR).predict_disagg_worker(\n              ^^^^^^^^^^^^^^^^^^^^^^^^^^^^^^^^^^^^^^^^^^^^^^^^^^^^^^^\n  File ""src/aiconfigurator/sdk/predictor.py"", line 139, in predict_disagg_worker\n    return backend.run_static(\n           ^^^^^^^^^^^^^^^^^^^\n  File ""aic-core/src/aiconfigurator_core/sdk/backends/base_backend.py"", line 685, in run_static\n    ) = self._run_static_breakdown(\n        ^^^^^^^^^^^^^^^^^^^^^^^^^^^\n  File ""aic-core/src/aiconfigurator_core/sdk/backends/base_backend.py"", line 503, in _run_static_breakdown\n    context_latency_dict, context_energy_wms_dict, context_source_dict = self._run_context_phase(\n                                                                         ^^^^^^^^^^^^^^^^^^^^^^^^\n  File ""aic-core/src/aiconfigurator_core/sdk/backends/base_backend.py"", line 338, in _run_context_phase\n    result = op.query(\n             ^^^^^^^^^\n  File ""aic-core/src/aiconfigurator_core/sdk/operations/dsv4.py"", line 518, in query\n    result = database.query_mhc_module(\n             ^^^^^^^^^^^^^^^^^^^^^^^^^^\n  File ""aic-core/src/aiconfigurator_core/sdk/perf_database.py"", line 3307, in query_mhc_module\n    return DeepSeekV4MHCModule._query_mhc_table(\n           ^^^^^^^^^^^^^^^^^^^^^^^^^^^^^^^^^^^^^\n  File ""aic-core/src/aiconfigurator_core/sdk/operations/dsv4.py"", line 503, in _query_mhc_table\n    return database._query_silicon_or_hybrid(\n           ^^^^^^^^^^^^^^^^^^^^^^^^^^^^^^^^^^\n  File ""aic-core/src/aiconfigurator_core/sdk/perf_database.py"", line 2543, in _query_silicon_or_hybrid\n    return get_silicon()\n           ^^^^^^^^^^^^^\n  File ""aic-core/src/aiconfigurator_core/sdk/operations/dsv4.py"", line 456, in get_silicon\n    raise PerfDataNotAvailableError(\naiconfigurator_core.sdk.errors.PerfDataNotAvailableError: DeepSeek-V4 mHC module data not loaded for system='gb300', backend='sglang', version='0.5.9'. Failed to query DeepSeek-V4 mHC module for num_tokens=128, hidden_size=7168, hc_mult=4, sinkhorn_iters=20, op='pre'. Consider using HYBRID mode.\n\nThe above exception was the direct cause of the following exception:\n\nTraceback (most recent call last):\n  File ""tools/support_matrix/support_matrix.py"", line 925, in _attempt\n    python_pareto_df = SupportMatrix._run_mode(\n                       ^^^^^^^^^^^^^^^^^^^^^^^^\n  File ""tools/support_matrix/support_matrix.py"", line 814, in _run_mode\n    pareto_df = task.run()\n                ^^^^^^^^^^\n  File ""src/aiconfigurator/sdk/task_v2.py"", line 1607, in run\n    return sweep_disagg(\n           ^^^^^^^^^^^^^\n  File ""src/aiconfigurator/sdk/sweep.py"", line 850, in sweep_disagg\n    prefill_summary_df = _get_disagg_worker_candidates(\n                         ^^^^^^^^^^^^^^^^^^^^^^^^^^^^^^\n  File ""src/aiconfigurator/sdk/sweep.py"", line 642, in _get_disagg_worker_candidates\n    raise RuntimeError(\nRuntimeError: sweep_disagg/prefill: no results for any parallel config. Last exception: DeepSeek-V4 mHC module data not loaded for system='gb300', backend='sglang', version='0.5.9'. Failed to query DeepSeek-V4 mHC module for num_tokens=128, hidden_size=7168, hc_mult=4, sinkhorn_iters=20, op='pre'. Consider using HYBRID mode.\n",uv run aiconfigurator cli default --model-path sgl-project/DeepSeek-V4-Pro-FP8 --total-gpus 128 --system gb300 --backend sglang --backend-version 0.5.9 --database-mode SILICON --isl 256 --osl 256 --prefix 128 --ttft 2000000.0 --tpot 50000.0 --top-n 1 --no-color,
sgl-project/DeepSeek-V4-Pro-FP8,DeepseekV4ForCausalLM,gb300,trtllm,1.3.0rc10,agg,FAIL,"Traceback (most recent call last):\n  File ""tools/support_matrix/support_matrix.py"", line 925, in _attempt\n    python_pareto_df = SupportMatrix._run_mode(\n                       ^^^^^^^^^^^^^^^^^^^^^^^^\n  File ""tools/support_matrix/support_matrix.py"", line 814, in _run_mode\n    pareto_df = task.run()\n                ^^^^^^^^^^\n  File ""src/aiconfigurator/sdk/task_v2.py"", line 1588, in run\n    self.validate()\n  File ""src/aiconfigurator/sdk/task_v2.py"", line 1237, in validate\n    self._validate_database_quant_modes()\n  File ""src/aiconfigurator/sdk/task_v2.py"", line 1286, in _validate_database_quant_modes\n    self._check_role_against_db(""agg"", validate_context=True, validate_generation=True)\n  File ""src/aiconfigurator/sdk/task_v2.py"", line 1398, in _check_role_against_db\n    _check(""moe"", moe_mode, profile_transfer=True)\n  File ""src/aiconfigurator/sdk/task_v2.py"", line 1379, in _check\n    raise exc_type(\nValueError: Unsupported moe quant mode 'fp8_block' for system='gb300', backend='trtllm', version='1.3.0rc10'. Supported moe modes: ['bfloat16', 'fp8', 'nvfp4', 'w4a16_mxfp4', 'w4a8_mxfp4_mxfp8']\n",uv run aiconfigurator cli default --model-path sgl-project/DeepSeek-V4-Pro-FP8 --total-gpus 128 --system gb300 --backend trtllm --backend-version 1.3.0rc10 --database-mode SILICON --isl 256 --osl 256 --prefix 128 --ttft 2000000.0 --tpot 50000.0 --top-n 1 --no-color,
sgl-project/DeepSeek-V4-Pro-FP8,DeepseekV4ForCausalLM,gb300,trtllm,1.3.0rc10,disagg,FAIL,"Traceback (most recent call last):\n  File ""tools/support_matrix/support_matrix.py"", line 925, in _attempt\n    python_pareto_df = SupportMatrix._run_mode(\n                       ^^^^^^^^^^^^^^^^^^^^^^^^\n  File ""tools/support_matrix/support_matrix.py"", line 814, in _run_mode\n    pareto_df = task.run()\n                ^^^^^^^^^^\n  File ""src/aiconfigurator/sdk/task_v2.py"", line 1588, in run\n    self.validate()\n  File ""src/aiconfigurator/sdk/task_v2.py"", line 1237, in validate\n    self._validate_database_quant_modes()\n  File ""src/aiconfigurator/sdk/task_v2.py"", line 1288, in _validate_database_quant_modes\n    self._check_role_against_db(""prefill"", validate_context=True, validate_generation=False)\n  File ""src/aiconfigurator/sdk/task_v2.py"", line 1398, in _check_role_against_db\n    _check(""moe"", moe_mode, profile_transfer=True)\n  File ""src/aiconfigurator/sdk/task_v2.py"", line 1379, in _check\n    raise exc_type(\nValueError: Unsupported moe quant mode 'fp8_block' for system='gb300', backend='trtllm', version='1.3.0rc10'. Supported moe modes: ['bfloat16', 'fp8', 'nvfp4', 'w4a16_mxfp4', 'w4a8_mxfp4_mxfp8']\n",uv run aiconfigurator cli default --model-path sgl-project/DeepSeek-V4-Pro-FP8 --total-gpus 128 --system gb300 --backend trtllm --backend-version 1.3.0rc10 --database-mode SILICON --isl 256 --osl 256 --prefix 128 --ttft 2000000.0 --tpot 50000.0 --top-n 1 --no-color,
sgl-project/DeepSeek-V4-Pro-FP8,DeepseekV4ForCausalLM,gb300,trtllm,1.3.0rc15,agg,FAIL,"Traceback (most recent call last):\n  File ""tools/support_matrix/support_matrix.py"", line 925, in _attempt\n    python_pareto_df = SupportMatrix._run_mode(\n                       ^^^^^^^^^^^^^^^^^^^^^^^^\n  File ""tools/support_matrix/support_matrix.py"", line 814, in _run_mode\n    pareto_df = task.run()\n                ^^^^^^^^^^\n  File ""src/aiconfigurator/sdk/task_v2.py"", line 1588, in run\n    self.validate()\n  File ""src/aiconfigurator/sdk/task_v2.py"", line 1237, in validate\n    self._validate_database_quant_modes()\n  File ""src/aiconfigurator/sdk/task_v2.py"", line 1286, in _validate_database_quant_modes\n    self._check_role_against_db(""agg"", validate_context=True, validate_generation=True)\n  File ""src/aiconfigurator/sdk/task_v2.py"", line 1398, in _check_role_against_db\n    _check(""moe"", moe_mode, profile_transfer=True)\n  File ""src/aiconfigurator/sdk/task_v2.py"", line 1379, in _check\n    raise exc_type(\nValueError: Unsupported moe quant mode 'fp8_block' for system='gb300', backend='trtllm', version='1.3.0rc15'. Supported moe modes: ['bfloat16', 'fp8', 'nvfp4', 'w4a16_mxfp4', 'w4a8_mxfp4_mxfp8']\n",uv run aiconfigurator cli default --model-path sgl-project/DeepSeek-V4-Pro-FP8 --total-gpus 128 --system gb300 --backend trtllm --backend-version 1.3.0rc15 --database-mode SILICON --isl 256 --osl 256 --prefix 128 --ttft 2000000.0 --tpot 50000.0 --top-n 1 --no-color,
sgl-project/DeepSeek-V4-Pro-FP8,DeepseekV4ForCausalLM,gb300,trtllm,1.3.0rc15,disagg,FAIL,"Traceback (most recent call last):\n  File ""tools/support_matrix/support_matrix.py"", line 925, in _attempt\n    python_pareto_df = SupportMatrix._run_mode(\n                       ^^^^^^^^^^^^^^^^^^^^^^^^\n  File ""tools/support_matrix/support_matrix.py"", line 814, in _run_mode\n    pareto_df = task.run()\n                ^^^^^^^^^^\n  File ""src/aiconfigurator/sdk/task_v2.py"", line 1588, in run\n    self.validate()\n  File ""src/aiconfigurator/sdk/task_v2.py"", line 1237, in validate\n    self._validate_database_quant_modes()\n  File ""src/aiconfigurator/sdk/task_v2.py"", line 1288, in _validate_database_quant_modes\n    self._check_role_against_db(""prefill"", validate_context=True, validate_generation=False)\n  File ""src/aiconfigurator/sdk/task_v2.py"", line 1398, in _check_role_against_db\n    _check(""moe"", moe_mode, profile_transfer=True)\n  File ""src/aiconfigurator/sdk/task_v2.py"", line 1379, in _check\n    raise exc_type(\nValueError: Unsupported moe quant mode 'fp8_block' for system='gb300', backend='trtllm', version='1.3.0rc15'. Supported moe modes: ['bfloat16', 'fp8', 'nvfp4', 'w4a16_mxfp4', 'w4a8_mxfp4_mxfp8']\n",uv run aiconfigurator cli default --model-path sgl-project/DeepSeek-V4-Pro-FP8 --total-gpus 128 --system gb300 --backend trtllm --backend-version 1.3.0rc15 --database-mode SILICON --isl 256 --osl 256 --prefix 128 --ttft 2000000.0 --tpot 50000.0 --top-n 1 --no-color,
sgl-project/DeepSeek-V4-Pro-FP8,DeepseekV4ForCausalLM,gb300,trtllm,1.3.0rc20,agg,FAIL,"Traceback (most recent call last):\n  File ""src/aiconfigurator/sdk/sweep.py"", line 485, in sweep_agg\n    point_df, point_saw_model_fit, point_saw_memory_fit = _sweep_one_parallel_agg(\n                                                          ^^^^^^^^^^^^^^^^^^^^^^^^\n  File ""src/aiconfigurator/sdk/sweep.py"", line 335, in _sweep_one_parallel_agg\n    summary = predict_agg_worker(\n              ^^^^^^^^^^^^^^^^^^^\n  File ""src/aiconfigurator/sdk/predict.py"", line 143, in predict_agg_worker\n    summary = (predictor or DEFAULT_PREDICTOR).predict_agg_worker(\n              ^^^^^^^^^^^^^^^^^^^^^^^^^^^^^^^^^^^^^^^^^^^^^^^^^^^^\n  File ""src/aiconfigurator/sdk/predictor.py"", line 118, in predict_agg_worker\n    return backend.run_agg(\n           ^^^^^^^^^^^^^^^^\n  File ""aic-core/src/aiconfigurator_core/sdk/backends/base_backend.py"", line 1466, in run_agg\n    mix_step_estimate = self.run_mixed(\n                        ^^^^^^^^^^^^^^^\n  File ""aic-core/src/aiconfigurator_core/sdk/backends/base_backend.py"", line 1147, in run_mixed\n    summary = self.run_static(\n              ^^^^^^^^^^^^^^^^\n  File ""aic-core/src/aiconfigurator_core/sdk/backends/base_backend.py"", line 685, in run_static\n    ) = self._run_static_breakdown(\n        ^^^^^^^^^^^^^^^^^^^^^^^^^^^\n  File ""aic-core/src/aiconfigurator_core/sdk/backends/base_backend.py"", line 503, in _run_static_breakdown\n    context_latency_dict, context_energy_wms_dict, context_source_dict = self._run_context_phase(\n                                                                         ^^^^^^^^^^^^^^^^^^^^^^^^\n  File ""aic-core/src/aiconfigurator_core/sdk/backends/base_backend.py"", line 338, in _run_context_phase\n    result = op.query(\n             ^^^^^^^^^\n  File ""aic-core/src/aiconfigurator_core/sdk/operations/dsv4.py"", line 518, in query\n    result = database.query_mhc_module(\n             ^^^^^^^^^^^^^^^^^^^^^^^^^^\n  File ""aic-core/src/aiconfigurator_core/sdk/perf_database.py"", line 3307, in query_mhc_module\n    return DeepSeekV4MHCModule._query_mhc_table(\n           ^^^^^^^^^^^^^^^^^^^^^^^^^^^^^^^^^^^^^\n  File ""aic-core/src/aiconfigurator_core/sdk/operations/dsv4.py"", line 503, in _query_mhc_table\n    return database._query_silicon_or_hybrid(\n           ^^^^^^^^^^^^^^^^^^^^^^^^^^^^^^^^^^\n  File ""aic-core/src/aiconfigurator_core/sdk/perf_database.py"", line 2543, in _query_silicon_or_hybrid\n    return get_silicon()\n           ^^^^^^^^^^^^^\n  File ""aic-core/src/aiconfigurator_core/sdk/operations/dsv4.py"", line 456, in get_silicon\n    raise PerfDataNotAvailableError(\naiconfigurator_core.sdk.errors.PerfDataNotAvailableError: DeepSeek-V4 mHC module data not loaded for system='gb300', backend='trtllm', version='1.3.0rc20'. Failed to query DeepSeek-V4 mHC module for num_tokens=128.0, hidden_size=7168, hc_mult=4, sinkhorn_iters=20, op='pre'. Consider using HYBRID mode.\n\nThe above exception was the direct cause of the following exception:\n\nTraceback (most recent call last):\n  File ""tools/support_matrix/support_matrix.py"", line 925, in _attempt\n    python_pareto_df = SupportMatrix._run_mode(\n                       ^^^^^^^^^^^^^^^^^^^^^^^^\n  File ""tools/support_matrix/support_matrix.py"", line 814, in _run_mode\n    pareto_df = task.run()\n                ^^^^^^^^^^\n  File ""src/aiconfigurator/sdk/task_v2.py"", line 1595, in run\n    return sweep_agg(\n           ^^^^^^^^^^\n  File ""src/aiconfigurator/sdk/sweep.py"", line 526, in sweep_agg\n    raise RuntimeError(\nRuntimeError: sweep_agg: no results for any parallel configuration. Last exception: DeepSeek-V4 mHC module data not loaded for system='gb300', backend='trtllm', version='1.3.0rc20'. Failed to query DeepSeek-V4 mHC module for num_tokens=128.0, hidden_size=7168, hc_mult=4, sinkhorn_iters=20, op='pre'. Consider using HYBRID mode.\n",uv run aiconfigurator cli default --model-path sgl-project/DeepSeek-V4-Pro-FP8 --total-gpus 128 --system gb300 --backend trtllm --backend-version 1.3.0rc20 --database-mode SILICON --isl 256 --osl 256 --prefix 128 --ttft 2000000.0 --tpot 50000.0 --top-n 1 --no-color,
sgl-project/DeepSeek-V4-Pro-FP8,DeepseekV4ForCausalLM,gb300,trtllm,1.3.0rc20,disagg,FAIL,"Traceback (most recent call last):\n  File ""src/aiconfigurator/sdk/sweep.py"", line 603, in _get_disagg_worker_candidates\n    summary = predict_disagg_worker(\n              ^^^^^^^^^^^^^^^^^^^^^^\n  File ""src/aiconfigurator/sdk/predict.py"", line 91, in predict_disagg_worker\n    summary = (predictor or DEFAULT_PREDICTOR).predict_disagg_worker(\n              ^^^^^^^^^^^^^^^^^^^^^^^^^^^^^^^^^^^^^^^^^^^^^^^^^^^^^^^\n  File ""src/aiconfigurator/sdk/predictor.py"", line 139, in predict_disagg_worker\n    return backend.run_static(\n           ^^^^^^^^^^^^^^^^^^^\n  File ""aic-core/src/aiconfigurator_core/sdk/backends/base_backend.py"", line 685, in run_static\n    ) = self._run_static_breakdown(\n        ^^^^^^^^^^^^^^^^^^^^^^^^^^^\n  File ""aic-core/src/aiconfigurator_core/sdk/backends/base_backend.py"", line 503, in _run_static_breakdown\n    context_latency_dict, context_energy_wms_dict, context_source_dict = self._run_context_phase(\n                                                                         ^^^^^^^^^^^^^^^^^^^^^^^^\n  File ""aic-core/src/aiconfigurator_core/sdk/backends/base_backend.py"", line 338, in _run_context_phase\n    result = op.query(\n             ^^^^^^^^^\n  File ""aic-core/src/aiconfigurator_core/sdk/operations/dsv4.py"", line 518, in query\n    result = database.query_mhc_module(\n             ^^^^^^^^^^^^^^^^^^^^^^^^^^\n  File ""aic-core/src/aiconfigurator_core/sdk/perf_database.py"", line 3307, in query_mhc_module\n    return DeepSeekV4MHCModule._query_mhc_table(\n           ^^^^^^^^^^^^^^^^^^^^^^^^^^^^^^^^^^^^^\n  File ""aic-core/src/aiconfigurator_core/sdk/operations/dsv4.py"", line 503, in _query_mhc_table\n    return database._query_silicon_or_hybrid(\n           ^^^^^^^^^^^^^^^^^^^^^^^^^^^^^^^^^^\n  File ""aic-core/src/aiconfigurator_core/sdk/perf_database.py"", line 2543, in _query_silicon_or_hybrid\n    return get_silicon()\n           ^^^^^^^^^^^^^\n  File ""aic-core/src/aiconfigurator_core/sdk/operations/dsv4.py"", line 456, in get_silicon\n    raise PerfDataNotAvailableError(\naiconfigurator_core.sdk.errors.PerfDataNotAvailableError: DeepSeek-V4 mHC module data not loaded for system='gb300', backend='trtllm', version='1.3.0rc20'. Failed to query DeepSeek-V4 mHC module for num_tokens=128, hidden_size=7168, hc_mult=4, sinkhorn_iters=20, op='pre'. Consider using HYBRID mode.\n\nThe above exception was the direct cause of the following exception:\n\nTraceback (most recent call last):\n  File ""tools/support_matrix/support_matrix.py"", line 925, in _attempt\n    python_pareto_df = SupportMatrix._run_mode(\n                       ^^^^^^^^^^^^^^^^^^^^^^^^\n  File ""tools/support_matrix/support_matrix.py"", line 814, in _run_mode\n    pareto_df = task.run()\n                ^^^^^^^^^^\n  File ""src/aiconfigurator/sdk/task_v2.py"", line 1607, in run\n    return sweep_disagg(\n           ^^^^^^^^^^^^^\n  File ""src/aiconfigurator/sdk/sweep.py"", line 850, in sweep_disagg\n    prefill_summary_df = _get_disagg_worker_candidates(\n                         ^^^^^^^^^^^^^^^^^^^^^^^^^^^^^^\n  File ""src/aiconfigurator/sdk/sweep.py"", line 642, in _get_disagg_worker_candidates\n    raise RuntimeError(\nRuntimeError: sweep_disagg/prefill: no results for any parallel config. Last exception: DeepSeek-V4 mHC module data not loaded for system='gb300', backend='trtllm', version='1.3.0rc20'. Failed to query DeepSeek-V4 mHC module for num_tokens=128, hidden_size=7168, hc_mult=4, sinkhorn_iters=20, op='pre'. Consider using HYBRID mode.\n",uv run aiconfigurator cli default --model-path sgl-project/DeepSeek-V4-Pro-FP8 --total-gpus 128 --system gb300 --backend trtllm --backend-version 1.3.0rc20 --database-mode SILICON --isl 256 --osl 256 --prefix 128 --ttft 2000000.0 --tpot 50000.0 --top-n 1 --no-color,
sgl-project/DeepSeek-V4-Pro-FP8,DeepseekV4ForCausalLM,gb300,vllm,0.19.0,agg,FRAMEWORK_INCOMPATIBLE,"Traceback (most recent call last):\n  File ""src/aiconfigurator/sdk/sweep.py"", line 485, in sweep_agg\n    point_df, point_saw_model_fit, point_saw_memory_fit = _sweep_one_parallel_agg(\n                                                          ^^^^^^^^^^^^^^^^^^^^^^^^\n  File ""src/aiconfigurator/sdk/sweep.py"", line 335, in _sweep_one_parallel_agg\n    summary = predict_agg_worker(\n              ^^^^^^^^^^^^^^^^^^^\n  File ""src/aiconfigurator/sdk/predict.py"", line 143, in predict_agg_worker\n    summary = (predictor or DEFAULT_PREDICTOR).predict_agg_worker(\n              ^^^^^^^^^^^^^^^^^^^^^^^^^^^^^^^^^^^^^^^^^^^^^^^^^^^^\n  File ""src/aiconfigurator/sdk/predictor.py"", line 118, in predict_agg_worker\n    return backend.run_agg(\n           ^^^^^^^^^^^^^^^^\n  File ""aic-core/src/aiconfigurator_core/sdk/backends/base_backend.py"", line 1466, in run_agg\n    mix_step_estimate = self.run_mixed(\n                        ^^^^^^^^^^^^^^^\n  File ""aic-core/src/aiconfigurator_core/sdk/backends/base_backend.py"", line 1147, in run_mixed\n    summary = self.run_static(\n              ^^^^^^^^^^^^^^^^\n  File ""aic-core/src/aiconfigurator_core/sdk/backends/base_backend.py"", line 685, in run_static\n    ) = self._run_static_breakdown(\n        ^^^^^^^^^^^^^^^^^^^^^^^^^^^\n  File ""aic-core/src/aiconfigurator_core/sdk/backends/base_backend.py"", line 503, in _run_static_breakdown\n    context_latency_dict, context_energy_wms_dict, context_source_dict = self._run_context_phase(\n                                                                         ^^^^^^^^^^^^^^^^^^^^^^^^\n  File ""aic-core/src/aiconfigurator_core/sdk/backends/base_backend.py"", line 338, in _run_context_phase\n    result = op.query(\n             ^^^^^^^^^\n  File ""aic-core/src/aiconfigurator_core/sdk/operations/dsv4.py"", line 518, in query\n    result = database.query_mhc_module(\n             ^^^^^^^^^^^^^^^^^^^^^^^^^^\n  File ""aic-core/src/aiconfigurator_core/sdk/perf_database.py"", line 3307, in query_mhc_module\n    return DeepSeekV4MHCModule._query_mhc_table(\n           ^^^^^^^^^^^^^^^^^^^^^^^^^^^^^^^^^^^^^\n  File ""aic-core/src/aiconfigurator_core/sdk/operations/dsv4.py"", line 503, in _query_mhc_table\n    return database._query_silicon_or_hybrid(\n           ^^^^^^^^^^^^^^^^^^^^^^^^^^^^^^^^^^\n  File ""aic-core/src/aiconfigurator_core/sdk/perf_database.py"", line 2543, in _query_silicon_or_hybrid\n    return get_silicon()\n           ^^^^^^^^^^^^^\n  File ""aic-core/src/aiconfigurator_core/sdk/operations/dsv4.py"", line 456, in get_silicon\n    raise PerfDataNotAvailableError(\naiconfigurator_core.sdk.errors.PerfDataNotAvailableError: DeepSeek-V4 mHC module data not loaded for system='gb300', backend='vllm', version='0.19.0'. Failed to query DeepSeek-V4 mHC module for num_tokens=128.0, hidden_size=7168, hc_mult=4, sinkhorn_iters=20, op='pre'. Consider using HYBRID mode.\n\nThe above exception was the direct cause of the following exception:\n\nTraceback (most recent call last):\n  File ""tools/support_matrix/support_matrix.py"", line 925, in _attempt\n    python_pareto_df = SupportMatrix._run_mode(\n                       ^^^^^^^^^^^^^^^^^^^^^^^^\n  File ""tools/support_matrix/support_matrix.py"", line 814, in _run_mode\n    pareto_df = task.run()\n                ^^^^^^^^^^\n  File ""src/aiconfigurator/sdk/task_v2.py"", line 1595, in run\n    return sweep_agg(\n           ^^^^^^^^^^\n  File ""src/aiconfigurator/sdk/sweep.py"", line 526, in sweep_agg\n    raise RuntimeError(\nRuntimeError: sweep_agg: no results for any parallel configuration. Last exception: DeepSeek-V4 mHC module data not loaded for system='gb300', backend='vllm', version='0.19.0'. Failed to query DeepSeek-V4 mHC module for num_tokens=128.0, hidden_size=7168, hc_mult=4, sinkhorn_iters=20, op='pre'. Consider using HYBRID mode.\n",uv run aiconfigurator cli default --model-path sgl-project/DeepSeek-V4-Pro-FP8 --total-gpus 128 --system gb300 --backend vllm --backend-version 0.19.0 --database-mode SILICON --isl 256 --osl 256 --prefix 128 --ttft 2000000.0 --tpot 50000.0 --top-n 1 --no-color,
sgl-project/DeepSeek-V4-Pro-FP8,DeepseekV4ForCausalLM,gb300,vllm,0.19.0,disagg,FRAMEWORK_INCOMPATIBLE,"Traceback (most recent call last):\n  File ""src/aiconfigurator/sdk/sweep.py"", line 603, in _get_disagg_worker_candidates\n    summary = predict_disagg_worker(\n              ^^^^^^^^^^^^^^^^^^^^^^\n  File ""src/aiconfigurator/sdk/predict.py"", line 91, in predict_disagg_worker\n    summary = (predictor or DEFAULT_PREDICTOR).predict_disagg_worker(\n              ^^^^^^^^^^^^^^^^^^^^^^^^^^^^^^^^^^^^^^^^^^^^^^^^^^^^^^^\n  File ""src/aiconfigurator/sdk/predictor.py"", line 139, in predict_disagg_worker\n    return backend.run_static(\n           ^^^^^^^^^^^^^^^^^^^\n  File ""aic-core/src/aiconfigurator_core/sdk/backends/base_backend.py"", line 685, in run_static\n    ) = self._run_static_breakdown(\n        ^^^^^^^^^^^^^^^^^^^^^^^^^^^\n  File ""aic-core/src/aiconfigurator_core/sdk/backends/base_backend.py"", line 503, in _run_static_breakdown\n    context_latency_dict, context_energy_wms_dict, context_source_dict = self._run_context_phase(\n                                                                         ^^^^^^^^^^^^^^^^^^^^^^^^\n  File ""aic-core/src/aiconfigurator_core/sdk/backends/base_backend.py"", line 338, in _run_context_phase\n    result = op.query(\n             ^^^^^^^^^\n  File ""aic-core/src/aiconfigurator_core/sdk/operations/dsv4.py"", line 518, in query\n    result = database.query_mhc_module(\n             ^^^^^^^^^^^^^^^^^^^^^^^^^^\n  File ""aic-core/src/aiconfigurator_core/sdk/perf_database.py"", line 3307, in query_mhc_module\n    return DeepSeekV4MHCModule._query_mhc_table(\n           ^^^^^^^^^^^^^^^^^^^^^^^^^^^^^^^^^^^^^\n  File ""aic-core/src/aiconfigurator_core/sdk/operations/dsv4.py"", line 503, in _query_mhc_table\n    return database._query_silicon_or_hybrid(\n           ^^^^^^^^^^^^^^^^^^^^^^^^^^^^^^^^^^\n  File ""aic-core/src/aiconfigurator_core/sdk/perf_database.py"", line 2543, in _query_silicon_or_hybrid\n    return get_silicon()\n           ^^^^^^^^^^^^^\n  File ""aic-core/src/aiconfigurator_core/sdk/operations/dsv4.py"", line 456, in get_silicon\n    raise PerfDataNotAvailableError(\naiconfigurator_core.sdk.errors.PerfDataNotAvailableError: DeepSeek-V4 mHC module data not loaded for system='gb300', backend='vllm', version='0.19.0'. Failed to query DeepSeek-V4 mHC module for num_tokens=128, hidden_size=7168, hc_mult=4, sinkhorn_iters=20, op='pre'. Consider using HYBRID mode.\n\nThe above exception was the direct cause of the following exception:\n\nTraceback (most recent call last):\n  File ""tools/support_matrix/support_matrix.py"", line 925, in _attempt\n    python_pareto_df = SupportMatrix._run_mode(\n                       ^^^^^^^^^^^^^^^^^^^^^^^^\n  File ""tools/support_matrix/support_matrix.py"", line 814, in _run_mode\n    pareto_df = task.run()\n                ^^^^^^^^^^\n  File ""src/aiconfigurator/sdk/task_v2.py"", line 1607, in run\n    return sweep_disagg(\n           ^^^^^^^^^^^^^\n  File ""src/aiconfigurator/sdk/sweep.py"", line 850, in sweep_disagg\n    prefill_summary_df = _get_disagg_worker_candidates(\n                         ^^^^^^^^^^^^^^^^^^^^^^^^^^^^^^\n  File ""src/aiconfigurator/sdk/sweep.py"", line 642, in _get_disagg_worker_candidates\n    raise RuntimeError(\nRuntimeError: sweep_disagg/prefill: no results for any parallel config. Last exception: DeepSeek-V4 mHC module data not loaded for system='gb300', backend='vllm', version='0.19.0'. Failed to query DeepSeek-V4 mHC module for num_tokens=128, hidden_size=7168, hc_mult=4, sinkhorn_iters=20, op='pre'. Consider using HYBRID mode.\n",uv run aiconfigurator cli default --model-path sgl-project/DeepSeek-V4-Pro-FP8 --total-gpus 128 --system gb300 --backend vllm --backend-version 0.19.0 --database-mode SILICON --isl 256 --osl 256 --prefix 128 --ttft 2000000.0 --tpot 50000.0 --top-n 1 --no-color,
sgl-project/DeepSeek-V4-Pro-FP8,DeepseekV4ForCausalLM,gb300,vllm,0.22.0,agg,PASS,,uv run aiconfigurator cli default --model-path sgl-project/DeepSeek-V4-Pro-FP8 --total-gpus 128 --system gb300 --backend vllm --backend-version 0.22.0 --database-mode SILICON --isl 256 --osl 256 --prefix 128 --ttft 2000000.0 --tpot 50000.0 --top-n 1 --no-color,silicon
sgl-project/DeepSeek-V4-Pro-FP8,DeepseekV4ForCausalLM,gb300,vllm,0.22.0,disagg,PASS,,uv run aiconfigurator cli default --model-path sgl-project/DeepSeek-V4-Pro-FP8 --total-gpus 128 --system gb300 --backend vllm --backend-version 0.22.0 --database-mode SILICON --isl 256 --osl 256 --prefix 128 --ttft 2000000.0 --tpot 50000.0 --top-n 1 --no-color,silicon
sgl-project/DeepSeek-V4-Pro-FP8,DeepseekV4ForCausalLM,gb300,vllm,0.24.0,agg,PASS,,uv run aiconfigurator cli default --model-path sgl-project/DeepSeek-V4-Pro-FP8 --total-gpus 128 --system gb300 --backend vllm --backend-version 0.24.0 --database-mode SILICON --isl 256 --osl 256 --prefix 128 --ttft 2000000.0 --tpot 50000.0 --top-n 1 --no-color,silicon
sgl-project/DeepSeek-V4-Pro-FP8,DeepseekV4ForCausalLM,gb300,vllm,0.24.0,disagg,PASS,,uv run aiconfigurator cli default --model-path sgl-project/DeepSeek-V4-Pro-FP8 --total-gpus 128 --system gb300 --backend vllm --backend-version 0.24.0 --database-mode SILICON --isl 256 --osl 256 --prefix 128 --ttft 2000000.0 --tpot 50000.0 --top-n 1 --no-color,silicon
zai-org/GLM-5.2,GlmMoeDsaForCausalLM,gb300,sglang,0.5.10,agg,FAIL,"Traceback (most recent call last):\n  File ""src/aiconfigurator/sdk/sweep.py"", line 485, in sweep_agg\n    point_df, point_saw_model_fit, point_saw_memory_fit = _sweep_one_parallel_agg(\n                                                          ^^^^^^^^^^^^^^^^^^^^^^^^\n  File ""src/aiconfigurator/sdk/sweep.py"", line 335, in _sweep_one_parallel_agg\n    summary = predict_agg_worker(\n              ^^^^^^^^^^^^^^^^^^^\n  File ""src/aiconfigurator/sdk/predict.py"", line 143, in predict_agg_worker\n    summary = (predictor or DEFAULT_PREDICTOR).predict_agg_worker(\n              ^^^^^^^^^^^^^^^^^^^^^^^^^^^^^^^^^^^^^^^^^^^^^^^^^^^^\n  File ""src/aiconfigurator/sdk/predictor.py"", line 118, in predict_agg_worker\n    return backend.run_agg(\n           ^^^^^^^^^^^^^^^^\n  File ""aic-core/src/aiconfigurator_core/sdk/backends/base_backend.py"", line 1466, in run_agg\n    mix_step_estimate = self.run_mixed(\n                        ^^^^^^^^^^^^^^^\n  File ""aic-core/src/aiconfigurator_core/sdk/backends/base_backend.py"", line 1147, in run_mixed\n    summary = self.run_static(\n              ^^^^^^^^^^^^^^^^\n  File ""aic-core/src/aiconfigurator_core/sdk/backends/base_backend.py"", line 685, in run_static\n    ) = self._run_static_breakdown(\n        ^^^^^^^^^^^^^^^^^^^^^^^^^^^\n  File ""aic-core/src/aiconfigurator_core/sdk/backends/base_backend.py"", line 503, in _run_static_breakdown\n    context_latency_dict, context_energy_wms_dict, context_source_dict = self._run_context_phase(\n                                                                         ^^^^^^^^^^^^^^^^^^^^^^^^\n  File ""aic-core/src/aiconfigurator_core/sdk/backends/base_backend.py"", line 338, in _run_context_phase\n    result = op.query(\n             ^^^^^^^^^\n  File ""aic-core/src/aiconfigurator_core/sdk/operations/dsa.py"", line 816, in query\n    skip = _q(True)\n           ^^^^^^^^\n  File ""aic-core/src/aiconfigurator_core/sdk/operations/dsa.py"", line 799, in _q\n    return database.query_context_dsa_module(\n           ^^^^^^^^^^^^^^^^^^^^^^^^^^^^^^^^^^\n  File ""aic-core/src/aiconfigurator_core/sdk/perf_database.py"", line 3197, in query_context_dsa_module\n    return ContextDSAModule._query_context_dsa_module_table(\n           ^^^^^^^^^^^^^^^^^^^^^^^^^^^^^^^^^^^^^^^^^^^^^^^^^\n  File ""aic-core/src/aiconfigurator_core/sdk/operations/dsa.py"", line 687, in _query_context_dsa_module_table\n    raise PerfDataNotAvailableError(\naiconfigurator_core.sdk.errors.PerfDataNotAvailableError: Context DSA module skip_indexer perf data not loaded for system='gb300', backend='sglang', version='0.5.10'.\n\nThe above exception was the direct cause of the following exception:\n\nTraceback (most recent call last):\n  File ""tools/support_matrix/support_matrix.py"", line 925, in _attempt\n    python_pareto_df = SupportMatrix._run_mode(\n                       ^^^^^^^^^^^^^^^^^^^^^^^^\n  File ""tools/support_matrix/support_matrix.py"", line 814, in _run_mode\n    pareto_df = task.run()\n                ^^^^^^^^^^\n  File ""src/aiconfigurator/sdk/task_v2.py"", line 1595, in run\n    return sweep_agg(\n           ^^^^^^^^^^\n  File ""src/aiconfigurator/sdk/sweep.py"", line 526, in sweep_agg\n    raise RuntimeError(\nRuntimeError: sweep_agg: no results for any parallel configuration. Last exception: Context DSA module skip_indexer perf data not loaded for system='gb300', backend='sglang', version='0.5.10'.\n",uv run aiconfigurator cli default --model-path zai-org/GLM-5.2 --total-gpus 128 --system gb300 --backend sglang --backend-version 0.5.10 --database-mode SILICON --isl 256 --osl 256 --prefix 128 --ttft 2000000.0 --tpot 50000.0 --top-n 1 --no-color,
zai-org/GLM-5.2,GlmMoeDsaForCausalLM,gb300,sglang,0.5.10,disagg,FAIL,"Traceback (most recent call last):\n  File ""src/aiconfigurator/sdk/sweep.py"", line 603, in _get_disagg_worker_candidates\n    summary = predict_disagg_worker(\n              ^^^^^^^^^^^^^^^^^^^^^^\n  File ""src/aiconfigurator/sdk/predict.py"", line 91, in predict_disagg_worker\n    summary = (predictor or DEFAULT_PREDICTOR).predict_disagg_worker(\n              ^^^^^^^^^^^^^^^^^^^^^^^^^^^^^^^^^^^^^^^^^^^^^^^^^^^^^^^\n  File ""src/aiconfigurator/sdk/predictor.py"", line 139, in predict_disagg_worker\n    return backend.run_static(\n           ^^^^^^^^^^^^^^^^^^^\n  File ""aic-core/src/aiconfigurator_core/sdk/backends/base_backend.py"", line 685, in run_static\n    ) = self._run_static_breakdown(\n        ^^^^^^^^^^^^^^^^^^^^^^^^^^^\n  File ""aic-core/src/aiconfigurator_core/sdk/backends/base_backend.py"", line 503, in _run_static_breakdown\n    context_latency_dict, context_energy_wms_dict, context_source_dict = self._run_context_phase(\n                                                                         ^^^^^^^^^^^^^^^^^^^^^^^^\n  File ""aic-core/src/aiconfigurator_core/sdk/backends/base_backend.py"", line 338, in _run_context_phase\n    result = op.query(\n             ^^^^^^^^^\n  File ""aic-core/src/aiconfigurator_core/sdk/operations/dsa.py"", line 816, in query\n    skip = _q(True)\n           ^^^^^^^^\n  File ""aic-core/src/aiconfigurator_core/sdk/operations/dsa.py"", line 799, in _q\n    return database.query_context_dsa_module(\n           ^^^^^^^^^^^^^^^^^^^^^^^^^^^^^^^^^^\n  File ""aic-core/src/aiconfigurator_core/sdk/perf_database.py"", line 3197, in query_context_dsa_module\n    return ContextDSAModule._query_context_dsa_module_table(\n           ^^^^^^^^^^^^^^^^^^^^^^^^^^^^^^^^^^^^^^^^^^^^^^^^^\n  File ""aic-core/src/aiconfigurator_core/sdk/operations/dsa.py"", line 687, in _query_context_dsa_module_table\n    raise PerfDataNotAvailableError(\naiconfigurator_core.sdk.errors.PerfDataNotAvailableError: Context DSA module skip_indexer perf data not loaded for system='gb300', backend='sglang', version='0.5.10'.\n\nThe above exception was the direct cause of the following exception:\n\nTraceback (most recent call last):\n  File ""tools/support_matrix/support_matrix.py"", line 925, in _attempt\n    python_pareto_df = SupportMatrix._run_mode(\n                       ^^^^^^^^^^^^^^^^^^^^^^^^\n  File ""tools/support_matrix/support_matrix.py"", line 814, in _run_mode\n    pareto_df = task.run()\n                ^^^^^^^^^^\n  File ""src/aiconfigurator/sdk/task_v2.py"", line 1607, in run\n    return sweep_disagg(\n           ^^^^^^^^^^^^^\n  File ""src/aiconfigurator/sdk/sweep.py"", line 850, in sweep_disagg\n    prefill_summary_df = _get_disagg_worker_candidates(\n                         ^^^^^^^^^^^^^^^^^^^^^^^^^^^^^^\n  File ""src/aiconfigurator/sdk/sweep.py"", line 642, in _get_disagg_worker_candidates\n    raise RuntimeError(\nRuntimeError: sweep_disagg/prefill: no results for any parallel config. Last exception: Context DSA module skip_indexer perf data not loaded for system='gb300', backend='sglang', version='0.5.10'.\n",uv run aiconfigurator cli default --model-path zai-org/GLM-5.2 --total-gpus 128 --system gb300 --backend sglang --backend-version 0.5.10 --database-mode SILICON --isl 256 --osl 256 --prefix 128 --ttft 2000000.0 --tpot 50000.0 --top-n 1 --no-color,
zai-org/GLM-5.2,GlmMoeDsaForCausalLM,gb300,sglang,0.5.12,agg,PASS,,uv run aiconfigurator cli default --model-path zai-org/GLM-5.2 --total-gpus 128 --system gb300 --backend sglang --backend-version 0.5.12 --database-mode SILICON --isl 256 --osl 256 --prefix 128 --ttft 2000000.0 --tpot 50000.0 --top-n 1 --no-color,silicon
zai-org/GLM-5.2,GlmMoeDsaForCausalLM,gb300,sglang,0.5.12,disagg,PASS,,uv run aiconfigurator cli default --model-path zai-org/GLM-5.2 --total-gpus 128 --system gb300 --backend sglang --backend-version 0.5.12 --database-mode SILICON --isl 256 --osl 256 --prefix 128 --ttft 2000000.0 --tpot 50000.0 --top-n 1 --no-color,silicon
zai-org/GLM-5.2,GlmMoeDsaForCausalLM,gb300,sglang,0.5.14,agg,PASS,,uv run aiconfigurator cli default --model-path zai-org/GLM-5.2 --total-gpus 128 --system gb300 --backend sglang --backend-version 0.5.14 --database-mode SILICON --isl 256 --osl 256 --prefix 128 --ttft 2000000.0 --tpot 50000.0 --top-n 1 --no-color,silicon
zai-org/GLM-5.2,GlmMoeDsaForCausalLM,gb300,sglang,0.5.14,disagg,PASS,,uv run aiconfigurator cli default --model-path zai-org/GLM-5.2 --total-gpus 128 --system gb300 --backend sglang --backend-version 0.5.14 --database-mode SILICON --isl 256 --osl 256 --prefix 128 --ttft 2000000.0 --tpot 50000.0 --top-n 1 --no-color,silicon
zai-org/GLM-5.2,GlmMoeDsaForCausalLM,gb300,sglang,0.5.9,agg,FAIL,"Traceback (most recent call last):\n  File ""aic-core/src/aiconfigurator_core/sdk/operations/dsa.py"", line 692, in _query_context_dsa_module_table\n    dsa_dict = util_empirical.require_data_slice(\n               ^^^^^^^^^^^^^^^^^^^^^^^^^^^^^^^^^^\n  File ""aic-core/src/aiconfigurator_core/sdk/operations/util_empirical.py"", line 223, in require_data_slice\n    if key not in node:\n       ^^^^^^^^^^^^^^^\n  File ""aic-core/src/aiconfigurator_core/sdk/perf_database.py"", line 1516, in __contains__\n    self.raise_if_not_loaded()\n  File ""aic-core/src/aiconfigurator_core/sdk/perf_database.py"", line 1498, in raise_if_not_loaded\n    raise PerfDataNotAvailableError(\naiconfigurator_core.sdk.errors.PerfDataNotAvailableError: Error loading silicon data for op PerfDataFilename.dsa_context_module: File does not exist at aic-core/src/aiconfigurator_core/systems/data/gb300/sglang/0.5.9/dsa_context_module_perf.parquet. This combination of model, system, backend, and backend version is not supported by AIC in SILICON mode.\n\nThe above exception was the direct cause of the following exception:\n\nTraceback (most recent call last):\n  File ""src/aiconfigurator/sdk/sweep.py"", line 485, in sweep_agg\n    point_df, point_saw_model_fit, point_saw_memory_fit = _sweep_one_parallel_agg(\n                                                          ^^^^^^^^^^^^^^^^^^^^^^^^\n  File ""src/aiconfigurator/sdk/sweep.py"", line 335, in _sweep_one_parallel_agg\n    summary = predict_agg_worker(\n              ^^^^^^^^^^^^^^^^^^^\n  File ""src/aiconfigurator/sdk/predict.py"", line 143, in predict_agg_worker\n    summary = (predictor or DEFAULT_PREDICTOR).predict_agg_worker(\n              ^^^^^^^^^^^^^^^^^^^^^^^^^^^^^^^^^^^^^^^^^^^^^^^^^^^^\n  File ""src/aiconfigurator/sdk/predictor.py"", line 118, in predict_agg_worker\n    return backend.run_agg(\n           ^^^^^^^^^^^^^^^^\n  File ""aic-core/src/aiconfigurator_core/sdk/backends/base_backend.py"", line 1466, in run_agg\n    mix_step_estimate = self.run_mixed(\n                        ^^^^^^^^^^^^^^^\n  File ""aic-core/src/aiconfigurator_core/sdk/backends/base_backend.py"", line 1147, in run_mixed\n    summary = self.run_static(\n              ^^^^^^^^^^^^^^^^\n  File ""aic-core/src/aiconfigurator_core/sdk/backends/base_backend.py"", line 685, in run_static\n    ) = self._run_static_breakdown(\n        ^^^^^^^^^^^^^^^^^^^^^^^^^^^\n  File ""aic-core/src/aiconfigurator_core/sdk/backends/base_backend.py"", line 503, in _run_static_breakdown\n    context_latency_dict, context_energy_wms_dict, context_source_dict = self._run_context_phase(\n                                                                         ^^^^^^^^^^^^^^^^^^^^^^^^\n  File ""aic-core/src/aiconfigurator_core/sdk/backends/base_backend.py"", line 338, in _run_context_phase\n    result = op.query(\n             ^^^^^^^^^\n  File ""aic-core/src/aiconfigurator_core/sdk/operations/dsa.py"", line 811, in query\n    full = _q(False)\n           ^^^^^^^^^\n  File ""aic-core/src/aiconfigurator_core/sdk/operations/dsa.py"", line 799, in _q\n    return database.query_context_dsa_module(\n           ^^^^^^^^^^^^^^^^^^^^^^^^^^^^^^^^^^\n  File ""aic-core/src/aiconfigurator_core/sdk/perf_database.py"", line 3197, in query_context_dsa_module\n    return ContextDSAModule._query_context_dsa_module_table(\n           ^^^^^^^^^^^^^^^^^^^^^^^^^^^^^^^^^^^^^^^^^^^^^^^^^\n  File ""aic-core/src/aiconfigurator_core/sdk/operations/dsa.py"", line 700, in _query_context_dsa_module_table\n    raise missing_context_dsa_error() from exc\naiconfigurator_core.sdk.errors.PerfDataNotAvailableError: Context DSA module data not available for system='gb300', backend='sglang', version='0.5.9', architecture='GlmMoeDsaForCausalLM', fmha_quant_mode=FMHAQuantMode.bfloat16, kvcache_quant_mode=KVCacheQuantMode.bfloat16, gemm_quant_mode=GEMMQuantMode.bfloat16, num_heads=8, s=128.0, prefix=128.0, b=1. Missing silicon data for the requested lookup.\n\nThe above exception was the direct cause of the following exception:\n\nTraceback (most recent call last):\n  File ""tools/support_matrix/support_matrix.py"", line 925, in _attempt\n    python_pareto_df = SupportMatrix._run_mode(\n                       ^^^^^^^^^^^^^^^^^^^^^^^^\n  File ""tools/support_matrix/support_matrix.py"", line 814, in _run_mode\n    pareto_df = task.run()\n                ^^^^^^^^^^\n  File ""src/aiconfigurator/sdk/task_v2.py"", line 1595, in run\n    return sweep_agg(\n           ^^^^^^^^^^\n  File ""src/aiconfigurator/sdk/sweep.py"", line 526, in sweep_agg\n    raise RuntimeError(\nRuntimeError: sweep_agg: no results for any parallel configuration. Last exception: Context DSA module data not available for system='gb300', backend='sglang', version='0.5.9', architecture='GlmMoeDsaForCausalLM', fmha_quant_mode=FMHAQuantMode.bfloat16, kvcache_quant_mode=KVCacheQuantMode.bfloat16, gemm_quant_mode=GEMMQuantMode.bfloat16, num_heads=8, s=128.0, prefix=128.0, b=1. Missing silicon data for the requested lookup.\n",uv run aiconfigurator cli default --model-path zai-org/GLM-5.2 --total-gpus 128 --system gb300 --backend sglang --backend-version 0.5.9 --database-mode SILICON --isl 256 --osl 256 --prefix 128 --ttft 2000000.0 --tpot 50000.0 --top-n 1 --no-color,
zai-org/GLM-5.2,GlmMoeDsaForCausalLM,gb300,sglang,0.5.9,disagg,FAIL,"Traceback (most recent call last):\n  File ""aic-core/src/aiconfigurator_core/sdk/operations/dsa.py"", line 692, in _query_context_dsa_module_table\n    dsa_dict = util_empirical.require_data_slice(\n               ^^^^^^^^^^^^^^^^^^^^^^^^^^^^^^^^^^\n  File ""aic-core/src/aiconfigurator_core/sdk/operations/util_empirical.py"", line 223, in require_data_slice\n    if key not in node:\n       ^^^^^^^^^^^^^^^\n  File ""aic-core/src/aiconfigurator_core/sdk/perf_database.py"", line 1516, in __contains__\n    self.raise_if_not_loaded()\n  File ""aic-core/src/aiconfigurator_core/sdk/perf_database.py"", line 1498, in raise_if_not_loaded\n    raise PerfDataNotAvailableError(\naiconfigurator_core.sdk.errors.PerfDataNotAvailableError: Error loading silicon data for op PerfDataFilename.dsa_context_module: File does not exist at aic-core/src/aiconfigurator_core/systems/data/gb300/sglang/0.5.9/dsa_context_module_perf.parquet. This combination of model, system, backend, and backend version is not supported by AIC in SILICON mode.\n\nThe above exception was the direct cause of the following exception:\n\nTraceback (most recent call last):\n  File ""src/aiconfigurator/sdk/sweep.py"", line 603, in _get_disagg_worker_candidates\n    summary = predict_disagg_worker(\n              ^^^^^^^^^^^^^^^^^^^^^^\n  File ""src/aiconfigurator/sdk/predict.py"", line 91, in predict_disagg_worker\n    summary = (predictor or DEFAULT_PREDICTOR).predict_disagg_worker(\n              ^^^^^^^^^^^^^^^^^^^^^^^^^^^^^^^^^^^^^^^^^^^^^^^^^^^^^^^\n  File ""src/aiconfigurator/sdk/predictor.py"", line 139, in predict_disagg_worker\n    return backend.run_static(\n           ^^^^^^^^^^^^^^^^^^^\n  File ""aic-core/src/aiconfigurator_core/sdk/backends/base_backend.py"", line 685, in run_static\n    ) = self._run_static_breakdown(\n        ^^^^^^^^^^^^^^^^^^^^^^^^^^^\n  File ""aic-core/src/aiconfigurator_core/sdk/backends/base_backend.py"", line 503, in _run_static_breakdown\n    context_latency_dict, context_energy_wms_dict, context_source_dict = self._run_context_phase(\n                                                                         ^^^^^^^^^^^^^^^^^^^^^^^^\n  File ""aic-core/src/aiconfigurator_core/sdk/backends/base_backend.py"", line 338, in _run_context_phase\n    result = op.query(\n             ^^^^^^^^^\n  File ""aic-core/src/aiconfigurator_core/sdk/operations/dsa.py"", line 811, in query\n    full = _q(False)\n           ^^^^^^^^^\n  File ""aic-core/src/aiconfigurator_core/sdk/operations/dsa.py"", line 799, in _q\n    return database.query_context_dsa_module(\n           ^^^^^^^^^^^^^^^^^^^^^^^^^^^^^^^^^^\n  File ""aic-core/src/aiconfigurator_core/sdk/perf_database.py"", line 3197, in query_context_dsa_module\n    return ContextDSAModule._query_context_dsa_module_table(\n           ^^^^^^^^^^^^^^^^^^^^^^^^^^^^^^^^^^^^^^^^^^^^^^^^^\n  File ""aic-core/src/aiconfigurator_core/sdk/operations/dsa.py"", line 700, in _query_context_dsa_module_table\n    raise missing_context_dsa_error() from exc\naiconfigurator_core.sdk.errors.PerfDataNotAvailableError: Context DSA module data not available for system='gb300', backend='sglang', version='0.5.9', architecture='GlmMoeDsaForCausalLM', fmha_quant_mode=FMHAQuantMode.bfloat16, kvcache_quant_mode=KVCacheQuantMode.bfloat16, gemm_quant_mode=GEMMQuantMode.bfloat16, num_heads=8, s=128, prefix=128, b=1. Missing silicon data for the requested lookup.\n\nThe above exception was the direct cause of the following exception:\n\nTraceback (most recent call last):\n  File ""tools/support_matrix/support_matrix.py"", line 925, in _attempt\n    python_pareto_df = SupportMatrix._run_mode(\n                       ^^^^^^^^^^^^^^^^^^^^^^^^\n  File ""tools/support_matrix/support_matrix.py"", line 814, in _run_mode\n    pareto_df = task.run()\n                ^^^^^^^^^^\n  File ""src/aiconfigurator/sdk/task_v2.py"", line 1607, in run\n    return sweep_disagg(\n           ^^^^^^^^^^^^^\n  File ""src/aiconfigurator/sdk/sweep.py"", line 850, in sweep_disagg\n    prefill_summary_df = _get_disagg_worker_candidates(\n                         ^^^^^^^^^^^^^^^^^^^^^^^^^^^^^^\n  File ""src/aiconfigurator/sdk/sweep.py"", line 642, in _get_disagg_worker_candidates\n    raise RuntimeError(\nRuntimeError: sweep_disagg/prefill: no results for any parallel config. Last exception: Context DSA module data not available for system='gb300', backend='sglang', version='0.5.9', architecture='GlmMoeDsaForCausalLM', fmha_quant_mode=FMHAQuantMode.bfloat16, kvcache_quant_mode=KVCacheQuantMode.bfloat16, gemm_quant_mode=GEMMQuantMode.bfloat16, num_heads=8, s=128, prefix=128, b=1. Missing silicon data for the requested lookup.\n",uv run aiconfigurator cli default --model-path zai-org/GLM-5.2 --total-gpus 128 --system gb300 --backend sglang --backend-version 0.5.9 --database-mode SILICON --isl 256 --osl 256 --prefix 128 --ttft 2000000.0 --tpot 50000.0 --top-n 1 --no-color,
zai-org/GLM-5.2,GlmMoeDsaForCausalLM,gb300,trtllm,1.3.0rc10,agg,PASS,,uv run aiconfigurator cli default --model-path zai-org/GLM-5.2 --total-gpus 128 --system gb300 --backend trtllm --backend-version 1.3.0rc10 --database-mode SILICON --isl 256 --osl 256 --prefix 128 --ttft 2000000.0 --tpot 50000.0 --top-n 1 --no-color,silicon
zai-org/GLM-5.2,GlmMoeDsaForCausalLM,gb300,trtllm,1.3.0rc10,disagg,PASS,,uv run aiconfigurator cli default --model-path zai-org/GLM-5.2 --total-gpus 128 --system gb300 --backend trtllm --backend-version 1.3.0rc10 --database-mode SILICON --isl 256 --osl 256 --prefix 128 --ttft 2000000.0 --tpot 50000.0 --top-n 1 --no-color,silicon
zai-org/GLM-5.2,GlmMoeDsaForCausalLM,gb300,trtllm,1.3.0rc15,agg,PASS,,uv run aiconfigurator cli default --model-path zai-org/GLM-5.2 --total-gpus 128 --system gb300 --backend trtllm --backend-version 1.3.0rc15 --database-mode SILICON --isl 256 --osl 256 --prefix 128 --ttft 2000000.0 --tpot 50000.0 --top-n 1 --no-color,silicon
zai-org/GLM-5.2,GlmMoeDsaForCausalLM,gb300,trtllm,1.3.0rc15,disagg,PASS,,uv run aiconfigurator cli default --model-path zai-org/GLM-5.2 --total-gpus 128 --system gb300 --backend trtllm --backend-version 1.3.0rc15 --database-mode SILICON --isl 256 --osl 256 --prefix 128 --ttft 2000000.0 --tpot 50000.0 --top-n 1 --no-color,silicon
zai-org/GLM-5.2,GlmMoeDsaForCausalLM,gb300,trtllm,1.3.0rc20,agg,PASS,,uv run aiconfigurator cli default --model-path zai-org/GLM-5.2 --total-gpus 128 --system gb300 --backend trtllm --backend-version 1.3.0rc20 --database-mode SILICON --isl 256 --osl 256 --prefix 128 --ttft 2000000.0 --tpot 50000.0 --top-n 1 --no-color,silicon
zai-org/GLM-5.2,GlmMoeDsaForCausalLM,gb300,trtllm,1.3.0rc20,disagg,PASS,,uv run aiconfigurator cli default --model-path zai-org/GLM-5.2 --total-gpus 128 --system gb300 --backend trtllm --backend-version 1.3.0rc20 --database-mode SILICON --isl 256 --osl 256 --prefix 128 --ttft 2000000.0 --tpot 50000.0 --top-n 1 --no-color,silicon
zai-org/GLM-5.2,GlmMoeDsaForCausalLM,gb300,vllm,0.19.0,agg,PASS,,uv run aiconfigurator cli default --model-path zai-org/GLM-5.2 --total-gpus 128 --system gb300 --backend vllm --backend-version 0.19.0 --database-mode SILICON --isl 256 --osl 256 --prefix 128 --ttft 2000000.0 --tpot 50000.0 --top-n 1 --no-color,silicon
zai-org/GLM-5.2,GlmMoeDsaForCausalLM,gb300,vllm,0.19.0,disagg,PASS,,uv run aiconfigurator cli default --model-path zai-org/GLM-5.2 --total-gpus 128 --system gb300 --backend vllm --backend-version 0.19.0 --database-mode SILICON --isl 256 --osl 256 --prefix 128 --ttft 2000000.0 --tpot 50000.0 --top-n 1 --no-color,silicon
zai-org/GLM-5.2,GlmMoeDsaForCausalLM,gb300,vllm,0.22.0,agg,PASS,,uv run aiconfigurator cli default --model-path zai-org/GLM-5.2 --total-gpus 128 --system gb300 --backend vllm --backend-version 0.22.0 --database-mode SILICON --isl 256 --osl 256 --prefix 128 --ttft 2000000.0 --tpot 50000.0 --top-n 1 --no-color,silicon
zai-org/GLM-5.2,GlmMoeDsaForCausalLM,gb300,vllm,0.22.0,disagg,PASS,,uv run aiconfigurator cli default --model-path zai-org/GLM-5.2 --total-gpus 128 --system gb300 --backend vllm --backend-version 0.22.0 --database-mode SILICON --isl 256 --osl 256 --prefix 128 --ttft 2000000.0 --tpot 50000.0 --top-n 1 --no-color,silicon
zai-org/GLM-5.2,GlmMoeDsaForCausalLM,gb300,vllm,0.24.0,agg,PASS,,uv run aiconfigurator cli default --model-path zai-org/GLM-5.2 --total-gpus 128 --system gb300 --backend vllm --backend-version 0.24.0 --database-mode SILICON --isl 256 --osl 256 --prefix 128 --ttft 2000000.0 --tpot 50000.0 --top-n 1 --no-color,silicon
zai-org/GLM-5.2,GlmMoeDsaForCausalLM,gb300,vllm,0.24.0,disagg,PASS,,uv run aiconfigurator cli default --model-path zai-org/GLM-5.2 --total-gpus 128 --system gb300 --backend vllm --backend-version 0.24.0 --database-mode SILICON --isl 256 --osl 256 --prefix 128 --ttft 2000000.0 --tpot 50000.0 --top-n 1 --no-color,silicon
zai-org/GLM-5.2-FP8,GlmMoeDsaForCausalLM,gb300,sglang,0.5.10,agg,FAIL,"Traceback (most recent call last):\n  File ""tools/support_matrix/support_matrix.py"", line 925, in _attempt\n    python_pareto_df = SupportMatrix._run_mode(\n                       ^^^^^^^^^^^^^^^^^^^^^^^^\n  File ""tools/support_matrix/support_matrix.py"", line 814, in _run_mode\n    pareto_df = task.run()\n                ^^^^^^^^^^\n  File ""src/aiconfigurator/sdk/task_v2.py"", line 1588, in run\n    self.validate()\n  File ""src/aiconfigurator/sdk/task_v2.py"", line 1237, in validate\n    self._validate_database_quant_modes()\n  File ""src/aiconfigurator/sdk/task_v2.py"", line 1286, in _validate_database_quant_modes\n    self._check_role_against_db(""agg"", validate_context=True, validate_generation=True)\n  File ""src/aiconfigurator/sdk/task_v2.py"", line 1402, in _check_role_against_db\n    _check(ctx_op, self._role_attr(role, ""fmha_quant_mode""))\n  File ""src/aiconfigurator/sdk/task_v2.py"", line 1379, in _check\n    raise exc_type(\nValueError: Unsupported dsa_context_module quant mode 'fp8' for system='gb300', backend='sglang', version='0.5.10'. Supported dsa_context_module modes: ['bfloat16']\n",uv run aiconfigurator cli default --model-path zai-org/GLM-5.2-FP8 --total-gpus 128 --system gb300 --backend sglang --backend-version 0.5.10 --database-mode SILICON --isl 256 --osl 256 --prefix 128 --ttft 2000000.0 --tpot 50000.0 --top-n 1 --no-color,
zai-org/GLM-5.2-FP8,GlmMoeDsaForCausalLM,gb300,sglang,0.5.10,disagg,FAIL,"Traceback (most recent call last):\n  File ""tools/support_matrix/support_matrix.py"", line 925, in _attempt\n    python_pareto_df = SupportMatrix._run_mode(\n                       ^^^^^^^^^^^^^^^^^^^^^^^^\n  File ""tools/support_matrix/support_matrix.py"", line 814, in _run_mode\n    pareto_df = task.run()\n                ^^^^^^^^^^\n  File ""src/aiconfigurator/sdk/task_v2.py"", line 1588, in run\n    self.validate()\n  File ""src/aiconfigurator/sdk/task_v2.py"", line 1237, in validate\n    self._validate_database_quant_modes()\n  File ""src/aiconfigurator/sdk/task_v2.py"", line 1288, in _validate_database_quant_modes\n    self._check_role_against_db(""prefill"", validate_context=True, validate_generation=False)\n  File ""src/aiconfigurator/sdk/task_v2.py"", line 1402, in _check_role_against_db\n    _check(ctx_op, self._role_attr(role, ""fmha_quant_mode""))\n  File ""src/aiconfigurator/sdk/task_v2.py"", line 1379, in _check\n    raise exc_type(\nValueError: Unsupported dsa_context_module quant mode 'fp8' for system='gb300', backend='sglang', version='0.5.10'. Supported dsa_context_module modes: ['bfloat16']\n",uv run aiconfigurator cli default --model-path zai-org/GLM-5.2-FP8 --total-gpus 128 --system gb300 --backend sglang --backend-version 0.5.10 --database-mode SILICON --isl 256 --osl 256 --prefix 128 --ttft 2000000.0 --tpot 50000.0 --top-n 1 --no-color,
zai-org/GLM-5.2-FP8,GlmMoeDsaForCausalLM,gb300,sglang,0.5.12,agg,PASS,,uv run aiconfigurator cli default --model-path zai-org/GLM-5.2-FP8 --total-gpus 128 --system gb300 --backend sglang --backend-version 0.5.12 --database-mode SILICON --isl 256 --osl 256 --prefix 128 --ttft 2000000.0 --tpot 50000.0 --top-n 1 --no-color,silicon
zai-org/GLM-5.2-FP8,GlmMoeDsaForCausalLM,gb300,sglang,0.5.12,disagg,PASS,,uv run aiconfigurator cli default --model-path zai-org/GLM-5.2-FP8 --total-gpus 128 --system gb300 --backend sglang --backend-version 0.5.12 --database-mode SILICON --isl 256 --osl 256 --prefix 128 --ttft 2000000.0 --tpot 50000.0 --top-n 1 --no-color,silicon
zai-org/GLM-5.2-FP8,GlmMoeDsaForCausalLM,gb300,sglang,0.5.14,agg,PASS,,uv run aiconfigurator cli default --model-path zai-org/GLM-5.2-FP8 --total-gpus 128 --system gb300 --backend sglang --backend-version 0.5.14 --database-mode SILICON --isl 256 --osl 256 --prefix 128 --ttft 2000000.0 --tpot 50000.0 --top-n 1 --no-color,silicon
zai-org/GLM-5.2-FP8,GlmMoeDsaForCausalLM,gb300,sglang,0.5.14,disagg,PASS,,uv run aiconfigurator cli default --model-path zai-org/GLM-5.2-FP8 --total-gpus 128 --system gb300 --backend sglang --backend-version 0.5.14 --database-mode SILICON --isl 256 --osl 256 --prefix 128 --ttft 2000000.0 --tpot 50000.0 --top-n 1 --no-color,silicon
zai-org/GLM-5.2-FP8,GlmMoeDsaForCausalLM,gb300,sglang,0.5.9,agg,FAIL,"Traceback (most recent call last):\n  File ""aic-core/src/aiconfigurator_core/sdk/operations/dsa.py"", line 692, in _query_context_dsa_module_table\n    dsa_dict = util_empirical.require_data_slice(\n               ^^^^^^^^^^^^^^^^^^^^^^^^^^^^^^^^^^\n  File ""aic-core/src/aiconfigurator_core/sdk/operations/util_empirical.py"", line 223, in require_data_slice\n    if key not in node:\n       ^^^^^^^^^^^^^^^\n  File ""aic-core/src/aiconfigurator_core/sdk/perf_database.py"", line 1516, in __contains__\n    self.raise_if_not_loaded()\n  File ""aic-core/src/aiconfigurator_core/sdk/perf_database.py"", line 1498, in raise_if_not_loaded\n    raise PerfDataNotAvailableError(\naiconfigurator_core.sdk.errors.PerfDataNotAvailableError: Error loading silicon data for op PerfDataFilename.dsa_context_module: File does not exist at aic-core/src/aiconfigurator_core/systems/data/gb300/sglang/0.5.9/dsa_context_module_perf.parquet. This combination of model, system, backend, and backend version is not supported by AIC in SILICON mode.\n\nThe above exception was the direct cause of the following exception:\n\nTraceback (most recent call last):\n  File ""src/aiconfigurator/sdk/sweep.py"", line 485, in sweep_agg\n    point_df, point_saw_model_fit, point_saw_memory_fit = _sweep_one_parallel_agg(\n                                                          ^^^^^^^^^^^^^^^^^^^^^^^^\n  File ""src/aiconfigurator/sdk/sweep.py"", line 335, in _sweep_one_parallel_agg\n    summary = predict_agg_worker(\n              ^^^^^^^^^^^^^^^^^^^\n  File ""src/aiconfigurator/sdk/predict.py"", line 143, in predict_agg_worker\n    summary = (predictor or DEFAULT_PREDICTOR).predict_agg_worker(\n              ^^^^^^^^^^^^^^^^^^^^^^^^^^^^^^^^^^^^^^^^^^^^^^^^^^^^\n  File ""src/aiconfigurator/sdk/predictor.py"", line 118, in predict_agg_worker\n    return backend.run_agg(\n           ^^^^^^^^^^^^^^^^\n  File ""aic-core/src/aiconfigurator_core/sdk/backends/base_backend.py"", line 1466, in run_agg\n    mix_step_estimate = self.run_mixed(\n                        ^^^^^^^^^^^^^^^\n  File ""aic-core/src/aiconfigurator_core/sdk/backends/base_backend.py"", line 1147, in run_mixed\n    summary = self.run_static(\n              ^^^^^^^^^^^^^^^^\n  File ""aic-core/src/aiconfigurator_core/sdk/backends/base_backend.py"", line 685, in run_static\n    ) = self._run_static_breakdown(\n        ^^^^^^^^^^^^^^^^^^^^^^^^^^^\n  File ""aic-core/src/aiconfigurator_core/sdk/backends/base_backend.py"", line 503, in _run_static_breakdown\n    context_latency_dict, context_energy_wms_dict, context_source_dict = self._run_context_phase(\n                                                                         ^^^^^^^^^^^^^^^^^^^^^^^^\n  File ""aic-core/src/aiconfigurator_core/sdk/backends/base_backend.py"", line 338, in _run_context_phase\n    result = op.query(\n             ^^^^^^^^^\n  File ""aic-core/src/aiconfigurator_core/sdk/operations/dsa.py"", line 811, in query\n    full = _q(False)\n           ^^^^^^^^^\n  File ""aic-core/src/aiconfigurator_core/sdk/operations/dsa.py"", line 799, in _q\n    return database.query_context_dsa_module(\n           ^^^^^^^^^^^^^^^^^^^^^^^^^^^^^^^^^^\n  File ""aic-core/src/aiconfigurator_core/sdk/perf_database.py"", line 3197, in query_context_dsa_module\n    return ContextDSAModule._query_context_dsa_module_table(\n           ^^^^^^^^^^^^^^^^^^^^^^^^^^^^^^^^^^^^^^^^^^^^^^^^^\n  File ""aic-core/src/aiconfigurator_core/sdk/operations/dsa.py"", line 700, in _query_context_dsa_module_table\n    raise missing_context_dsa_error() from exc\naiconfigurator_core.sdk.errors.PerfDataNotAvailableError: Context DSA module data not available for system='gb300', backend='sglang', version='0.5.9', architecture='GlmMoeDsaForCausalLM', fmha_quant_mode=FMHAQuantMode.fp8, kvcache_quant_mode=KVCacheQuantMode.fp8, gemm_quant_mode=GEMMQuantMode.bfloat16, num_heads=8, s=128.0, prefix=128.0, b=1. Missing silicon data for the requested lookup.\n\nThe above exception was the direct cause of the following exception:\n\nTraceback (most recent call last):\n  File ""tools/support_matrix/support_matrix.py"", line 925, in _attempt\n    python_pareto_df = SupportMatrix._run_mode(\n                       ^^^^^^^^^^^^^^^^^^^^^^^^\n  File ""tools/support_matrix/support_matrix.py"", line 814, in _run_mode\n    pareto_df = task.run()\n                ^^^^^^^^^^\n  File ""src/aiconfigurator/sdk/task_v2.py"", line 1595, in run\n    return sweep_agg(\n           ^^^^^^^^^^\n  File ""src/aiconfigurator/sdk/sweep.py"", line 526, in sweep_agg\n    raise RuntimeError(\nRuntimeError: sweep_agg: no results for any parallel configuration. Last exception: Context DSA module data not available for system='gb300', backend='sglang', version='0.5.9', architecture='GlmMoeDsaForCausalLM', fmha_quant_mode=FMHAQuantMode.fp8, kvcache_quant_mode=KVCacheQuantMode.fp8, gemm_quant_mode=GEMMQuantMode.bfloat16, num_heads=8, s=128.0, prefix=128.0, b=1. Missing silicon data for the requested lookup.\n",uv run aiconfigurator cli default --model-path zai-org/GLM-5.2-FP8 --total-gpus 128 --system gb300 --backend sglang --backend-version 0.5.9 --database-mode SILICON --isl 256 --osl 256 --prefix 128 --ttft 2000000.0 --tpot 50000.0 --top-n 1 --no-color,
zai-org/GLM-5.2-FP8,GlmMoeDsaForCausalLM,gb300,sglang,0.5.9,disagg,FAIL,"Traceback (most recent call last):\n  File ""aic-core/src/aiconfigurator_core/sdk/operations/dsa.py"", line 692, in _query_context_dsa_module_table\n    dsa_dict = util_empirical.require_data_slice(\n               ^^^^^^^^^^^^^^^^^^^^^^^^^^^^^^^^^^\n  File ""aic-core/src/aiconfigurator_core/sdk/operations/util_empirical.py"", line 223, in require_data_slice\n    if key not in node:\n       ^^^^^^^^^^^^^^^\n  File ""aic-core/src/aiconfigurator_core/sdk/perf_database.py"", line 1516, in __contains__\n    self.raise_if_not_loaded()\n  File ""aic-core/src/aiconfigurator_core/sdk/perf_database.py"", line 1498, in raise_if_not_loaded\n    raise PerfDataNotAvailableError(\naiconfigurator_core.sdk.errors.PerfDataNotAvailableError: Error loading silicon data for op PerfDataFilename.dsa_context_module: File does not exist at aic-core/src/aiconfigurator_core/systems/data/gb300/sglang/0.5.9/dsa_context_module_perf.parquet. This combination of model, system, backend, and backend version is not supported by AIC in SILICON mode.\n\nThe above exception was the direct cause of the following exception:\n\nTraceback (most recent call last):\n  File ""src/aiconfigurator/sdk/sweep.py"", line 603, in _get_disagg_worker_candidates\n    summary = predict_disagg_worker(\n              ^^^^^^^^^^^^^^^^^^^^^^\n  File ""src/aiconfigurator/sdk/predict.py"", line 91, in predict_disagg_worker\n    summary = (predictor or DEFAULT_PREDICTOR).predict_disagg_worker(\n              ^^^^^^^^^^^^^^^^^^^^^^^^^^^^^^^^^^^^^^^^^^^^^^^^^^^^^^^\n  File ""src/aiconfigurator/sdk/predictor.py"", line 139, in predict_disagg_worker\n    return backend.run_static(\n           ^^^^^^^^^^^^^^^^^^^\n  File ""aic-core/src/aiconfigurator_core/sdk/backends/base_backend.py"", line 685, in run_static\n    ) = self._run_static_breakdown(\n        ^^^^^^^^^^^^^^^^^^^^^^^^^^^\n  File ""aic-core/src/aiconfigurator_core/sdk/backends/base_backend.py"", line 503, in _run_static_breakdown\n    context_latency_dict, context_energy_wms_dict, context_source_dict = self._run_context_phase(\n                                                                         ^^^^^^^^^^^^^^^^^^^^^^^^\n  File ""aic-core/src/aiconfigurator_core/sdk/backends/base_backend.py"", line 338, in _run_context_phase\n    result = op.query(\n             ^^^^^^^^^\n  File ""aic-core/src/aiconfigurator_core/sdk/operations/dsa.py"", line 811, in query\n    full = _q(False)\n           ^^^^^^^^^\n  File ""aic-core/src/aiconfigurator_core/sdk/operations/dsa.py"", line 799, in _q\n    return database.query_context_dsa_module(\n           ^^^^^^^^^^^^^^^^^^^^^^^^^^^^^^^^^^\n  File ""aic-core/src/aiconfigurator_core/sdk/perf_database.py"", line 3197, in query_context_dsa_module\n    return ContextDSAModule._query_context_dsa_module_table(\n           ^^^^^^^^^^^^^^^^^^^^^^^^^^^^^^^^^^^^^^^^^^^^^^^^^\n  File ""aic-core/src/aiconfigurator_core/sdk/operations/dsa.py"", line 700, in _query_context_dsa_module_table\n    raise missing_context_dsa_error() from exc\naiconfigurator_core.sdk.errors.PerfDataNotAvailableError: Context DSA module data not available for system='gb300', backend='sglang', version='0.5.9', architecture='GlmMoeDsaForCausalLM', fmha_quant_mode=FMHAQuantMode.fp8, kvcache_quant_mode=KVCacheQuantMode.fp8, gemm_quant_mode=GEMMQuantMode.bfloat16, num_heads=8, s=128, prefix=128, b=1. Missing silicon data for the requested lookup.\n\nThe above exception was the direct cause of the following exception:\n\nTraceback (most recent call last):\n  File ""tools/support_matrix/support_matrix.py"", line 925, in _attempt\n    python_pareto_df = SupportMatrix._run_mode(\n                       ^^^^^^^^^^^^^^^^^^^^^^^^\n  File ""tools/support_matrix/support_matrix.py"", line 814, in _run_mode\n    pareto_df = task.run()\n                ^^^^^^^^^^\n  File ""src/aiconfigurator/sdk/task_v2.py"", line 1607, in run\n    return sweep_disagg(\n           ^^^^^^^^^^^^^\n  File ""src/aiconfigurator/sdk/sweep.py"", line 850, in sweep_disagg\n    prefill_summary_df = _get_disagg_worker_candidates(\n                         ^^^^^^^^^^^^^^^^^^^^^^^^^^^^^^\n  File ""src/aiconfigurator/sdk/sweep.py"", line 642, in _get_disagg_worker_candidates\n    raise RuntimeError(\nRuntimeError: sweep_disagg/prefill: no results for any parallel config. Last exception: Context DSA module data not available for system='gb300', backend='sglang', version='0.5.9', architecture='GlmMoeDsaForCausalLM', fmha_quant_mode=FMHAQuantMode.fp8, kvcache_quant_mode=KVCacheQuantMode.fp8, gemm_quant_mode=GEMMQuantMode.bfloat16, num_heads=8, s=128, prefix=128, b=1. Missing silicon data for the requested lookup.\n",uv run aiconfigurator cli default --model-path zai-org/GLM-5.2-FP8 --total-gpus 128 --system gb300 --backend sglang --backend-version 0.5.9 --database-mode SILICON --isl 256 --osl 256 --prefix 128 --ttft 2000000.0 --tpot 50000.0 --top-n 1 --no-color,
zai-org/GLM-5.2-FP8,GlmMoeDsaForCausalLM,gb300,trtllm,1.3.0rc10,agg,FAIL,"Traceback (most recent call last):\n  File ""tools/support_matrix/support_matrix.py"", line 925, in _attempt\n    python_pareto_df = SupportMatrix._run_mode(\n                       ^^^^^^^^^^^^^^^^^^^^^^^^\n  File ""tools/support_matrix/support_matrix.py"", line 814, in _run_mode\n    pareto_df = task.run()\n                ^^^^^^^^^^\n  File ""src/aiconfigurator/sdk/task_v2.py"", line 1588, in run\n    self.validate()\n  File ""src/aiconfigurator/sdk/task_v2.py"", line 1237, in validate\n    self._validate_database_quant_modes()\n  File ""src/aiconfigurator/sdk/task_v2.py"", line 1286, in _validate_database_quant_modes\n    self._check_role_against_db(""agg"", validate_context=True, validate_generation=True)\n  File ""src/aiconfigurator/sdk/task_v2.py"", line 1398, in _check_role_against_db\n    _check(""moe"", moe_mode, profile_transfer=True)\n  File ""src/aiconfigurator/sdk/task_v2.py"", line 1379, in _check\n    raise exc_type(\nValueError: Unsupported moe quant mode 'fp8_block' for system='gb300', backend='trtllm', version='1.3.0rc10'. Supported moe modes: ['bfloat16', 'fp8', 'nvfp4', 'w4a16_mxfp4', 'w4a8_mxfp4_mxfp8']\n",uv run aiconfigurator cli default --model-path zai-org/GLM-5.2-FP8 --total-gpus 128 --system gb300 --backend trtllm --backend-version 1.3.0rc10 --database-mode SILICON --isl 256 --osl 256 --prefix 128 --ttft 2000000.0 --tpot 50000.0 --top-n 1 --no-color,
zai-org/GLM-5.2-FP8,GlmMoeDsaForCausalLM,gb300,trtllm,1.3.0rc10,disagg,FAIL,"Traceback (most recent call last):\n  File ""tools/support_matrix/support_matrix.py"", line 925, in _attempt\n    python_pareto_df = SupportMatrix._run_mode(\n                       ^^^^^^^^^^^^^^^^^^^^^^^^\n  File ""tools/support_matrix/support_matrix.py"", line 814, in _run_mode\n    pareto_df = task.run()\n                ^^^^^^^^^^\n  File ""src/aiconfigurator/sdk/task_v2.py"", line 1588, in run\n    self.validate()\n  File ""src/aiconfigurator/sdk/task_v2.py"", line 1237, in validate\n    self._validate_database_quant_modes()\n  File ""src/aiconfigurator/sdk/task_v2.py"", line 1288, in _validate_database_quant_modes\n    self._check_role_against_db(""prefill"", validate_context=True, validate_generation=False)\n  File ""src/aiconfigurator/sdk/task_v2.py"", line 1398, in _check_role_against_db\n    _check(""moe"", moe_mode, profile_transfer=True)\n  File ""src/aiconfigurator/sdk/task_v2.py"", line 1379, in _check\n    raise exc_type(\nValueError: Unsupported moe quant mode 'fp8_block' for system='gb300', backend='trtllm', version='1.3.0rc10'. Supported moe modes: ['bfloat16', 'fp8', 'nvfp4', 'w4a16_mxfp4', 'w4a8_mxfp4_mxfp8']\n",uv run aiconfigurator cli default --model-path zai-org/GLM-5.2-FP8 --total-gpus 128 --system gb300 --backend trtllm --backend-version 1.3.0rc10 --database-mode SILICON --isl 256 --osl 256 --prefix 128 --ttft 2000000.0 --tpot 50000.0 --top-n 1 --no-color,
zai-org/GLM-5.2-FP8,GlmMoeDsaForCausalLM,gb300,trtllm,1.3.0rc15,agg,FAIL,"Traceback (most recent call last):\n  File ""tools/support_matrix/support_matrix.py"", line 925, in _attempt\n    python_pareto_df = SupportMatrix._run_mode(\n                       ^^^^^^^^^^^^^^^^^^^^^^^^\n  File ""tools/support_matrix/support_matrix.py"", line 814, in _run_mode\n    pareto_df = task.run()\n                ^^^^^^^^^^\n  File ""src/aiconfigurator/sdk/task_v2.py"", line 1588, in run\n    self.validate()\n  File ""src/aiconfigurator/sdk/task_v2.py"", line 1237, in validate\n    self._validate_database_quant_modes()\n  File ""src/aiconfigurator/sdk/task_v2.py"", line 1286, in _validate_database_quant_modes\n    self._check_role_against_db(""agg"", validate_context=True, validate_generation=True)\n  File ""src/aiconfigurator/sdk/task_v2.py"", line 1398, in _check_role_against_db\n    _check(""moe"", moe_mode, profile_transfer=True)\n  File ""src/aiconfigurator/sdk/task_v2.py"", line 1379, in _check\n    raise exc_type(\nValueError: Unsupported moe quant mode 'fp8_block' for system='gb300', backend='trtllm', version='1.3.0rc15'. Supported moe modes: ['bfloat16', 'fp8', 'nvfp4', 'w4a16_mxfp4', 'w4a8_mxfp4_mxfp8']\n",uv run aiconfigurator cli default --model-path zai-org/GLM-5.2-FP8 --total-gpus 128 --system gb300 --backend trtllm --backend-version 1.3.0rc15 --database-mode SILICON --isl 256 --osl 256 --prefix 128 --ttft 2000000.0 --tpot 50000.0 --top-n 1 --no-color,
zai-org/GLM-5.2-FP8,GlmMoeDsaForCausalLM,gb300,trtllm,1.3.0rc15,disagg,FAIL,"Traceback (most recent call last):\n  File ""tools/support_matrix/support_matrix.py"", line 925, in _attempt\n    python_pareto_df = SupportMatrix._run_mode(\n                       ^^^^^^^^^^^^^^^^^^^^^^^^\n  File ""tools/support_matrix/support_matrix.py"", line 814, in _run_mode\n    pareto_df = task.run()\n                ^^^^^^^^^^\n  File ""src/aiconfigurator/sdk/task_v2.py"", line 1588, in run\n    self.validate()\n  File ""src/aiconfigurator/sdk/task_v2.py"", line 1237, in validate\n    self._validate_database_quant_modes()\n  File ""src/aiconfigurator/sdk/task_v2.py"", line 1288, in _validate_database_quant_modes\n    self._check_role_against_db(""prefill"", validate_context=True, validate_generation=False)\n  File ""src/aiconfigurator/sdk/task_v2.py"", line 1398, in _check_role_against_db\n    _check(""moe"", moe_mode, profile_transfer=True)\n  File ""src/aiconfigurator/sdk/task_v2.py"", line 1379, in _check\n    raise exc_type(\nValueError: Unsupported moe quant mode 'fp8_block' for system='gb300', backend='trtllm', version='1.3.0rc15'. Supported moe modes: ['bfloat16', 'fp8', 'nvfp4', 'w4a16_mxfp4', 'w4a8_mxfp4_mxfp8']\n",uv run aiconfigurator cli default --model-path zai-org/GLM-5.2-FP8 --total-gpus 128 --system gb300 --backend trtllm --backend-version 1.3.0rc15 --database-mode SILICON --isl 256 --osl 256 --prefix 128 --ttft 2000000.0 --tpot 50000.0 --top-n 1 --no-color,
zai-org/GLM-5.2-FP8,GlmMoeDsaForCausalLM,gb300,trtllm,1.3.0rc20,agg,PASS,,uv run aiconfigurator cli default --model-path zai-org/GLM-5.2-FP8 --total-gpus 128 --system gb300 --backend trtllm --backend-version 1.3.0rc20 --database-mode SILICON --isl 256 --osl 256 --prefix 128 --ttft 2000000.0 --tpot 50000.0 --top-n 1 --no-color,silicon
zai-org/GLM-5.2-FP8,GlmMoeDsaForCausalLM,gb300,trtllm,1.3.0rc20,disagg,PASS,,uv run aiconfigurator cli default --model-path zai-org/GLM-5.2-FP8 --total-gpus 128 --system gb300 --backend trtllm --backend-version 1.3.0rc20 --database-mode SILICON --isl 256 --osl 256 --prefix 128 --ttft 2000000.0 --tpot 50000.0 --top-n 1 --no-color,silicon
zai-org/GLM-5.2-FP8,GlmMoeDsaForCausalLM,gb300,vllm,0.19.0,agg,PASS,,uv run aiconfigurator cli default --model-path zai-org/GLM-5.2-FP8 --total-gpus 128 --system gb300 --backend vllm --backend-version 0.19.0 --database-mode SILICON --isl 256 --osl 256 --prefix 128 --ttft 2000000.0 --tpot 50000.0 --top-n 1 --no-color,silicon
zai-org/GLM-5.2-FP8,GlmMoeDsaForCausalLM,gb300,vllm,0.19.0,disagg,PASS,,uv run aiconfigurator cli default --model-path zai-org/GLM-5.2-FP8 --total-gpus 128 --system gb300 --backend vllm --backend-version 0.19.0 --database-mode SILICON --isl 256 --osl 256 --prefix 128 --ttft 2000000.0 --tpot 50000.0 --top-n 1 --no-color,silicon
zai-org/GLM-5.2-FP8,GlmMoeDsaForCausalLM,gb300,vllm,0.22.0,agg,PASS,,uv run aiconfigurator cli default --model-path zai-org/GLM-5.2-FP8 --total-gpus 128 --system gb300 --backend vllm --backend-version 0.22.0 --database-mode SILICON --isl 256 --osl 256 --prefix 128 --ttft 2000000.0 --tpot 50000.0 --top-n 1 --no-color,silicon
zai-org/GLM-5.2-FP8,GlmMoeDsaForCausalLM,gb300,vllm,0.22.0,disagg,PASS,,uv run aiconfigurator cli default --model-path zai-org/GLM-5.2-FP8 --total-gpus 128 --system gb300 --backend vllm --backend-version 0.22.0 --database-mode SILICON --isl 256 --osl 256 --prefix 128 --ttft 2000000.0 --tpot 50000.0 --top-n 1 --no-color,silicon
zai-org/GLM-5.2-FP8,GlmMoeDsaForCausalLM,gb300,vllm,0.24.0,agg,PASS,,uv run aiconfigurator cli default --model-path zai-org/GLM-5.2-FP8 --total-gpus 128 --system gb300 --backend vllm --backend-version 0.24.0 --database-mode SILICON --isl 256 --osl 256 --prefix 128 --ttft 2000000.0 --tpot 50000.0 --top-n 1 --no-color,silicon
zai-org/GLM-5.2-FP8,GlmMoeDsaForCausalLM,gb300,vllm,0.24.0,disagg,PASS,,uv run aiconfigurator cli default --model-path zai-org/GLM-5.2-FP8 --total-gpus 128 --system gb300 --backend vllm --backend-version 0.24.0 --database-mode SILICON --isl 256 --osl 256 --prefix 128 --ttft 2000000.0 --tpot 50000.0 --top-n 1 --no-color,silicon
moonshotai/Kimi-K3,KimiK3ForConditionalGeneration,gb300,sglang,0.5.10,agg,FAIL,"Traceback (most recent call last):\n  File ""tools/support_matrix/support_matrix.py"", line 925, in _attempt\n    python_pareto_df = SupportMatrix._run_mode(\n                       ^^^^^^^^^^^^^^^^^^^^^^^^\n  File ""tools/support_matrix/support_matrix.py"", line 814, in _run_mode\n    pareto_df = task.run()\n                ^^^^^^^^^^\n  File ""src/aiconfigurator/sdk/task_v2.py"", line 1668, in run\n    self.validate()\n  File ""src/aiconfigurator/sdk/task_v2.py"", line 1259, in validate\n    self._validate_database_quant_modes()\n  File ""src/aiconfigurator/sdk/task_v2.py"", line 1308, in _validate_database_quant_modes\n    self._check_role_against_db(""agg"", validate_context=True, validate_generation=True)\n  File ""src/aiconfigurator/sdk/task_v2.py"", line 1478, in _check_role_against_db\n    _check(""moe"", moe_mode, profile_transfer=True)\n  File ""src/aiconfigurator/sdk/task_v2.py"", line 1457, in _check\n    raise exc_type(\nValueError: Unsupported moe quant mode 'w4a8_mxfp4_mxfp8' for system='gb300', backend='sglang', version='0.5.10'. Supported moe modes: ['bfloat16', 'fp8_block', 'int4_wo', 'nvfp4']\n",uv run aiconfigurator cli default --model-path moonshotai/Kimi-K3 --total-gpus 128 --system gb300 --backend sglang --backend-version 0.5.10 --database-mode SILICON --isl 256 --osl 256 --prefix 128 --ttft 2000000.0 --tpot 50000.0 --top-n 1 --no-color,
moonshotai/Kimi-K3,KimiK3ForConditionalGeneration,gb300,sglang,0.5.10,disagg,FAIL,"Traceback (most recent call last):\n  File ""tools/support_matrix/support_matrix.py"", line 925, in _attempt\n    python_pareto_df = SupportMatrix._run_mode(\n                       ^^^^^^^^^^^^^^^^^^^^^^^^\n  File ""tools/support_matrix/support_matrix.py"", line 814, in _run_mode\n    pareto_df = task.run()\n                ^^^^^^^^^^\n  File ""src/aiconfigurator/sdk/task_v2.py"", line 1668, in run\n    self.validate()\n  File ""src/aiconfigurator/sdk/task_v2.py"", line 1259, in validate\n    self._validate_database_quant_modes()\n  File ""src/aiconfigurator/sdk/task_v2.py"", line 1310, in _validate_database_quant_modes\n    self._check_role_against_db(""prefill"", validate_context=True, validate_generation=False)\n  File ""src/aiconfigurator/sdk/task_v2.py"", line 1478, in _check_role_against_db\n    _check(""moe"", moe_mode, profile_transfer=True)\n  File ""src/aiconfigurator/sdk/task_v2.py"", line 1457, in _check\n    raise exc_type(\nValueError: Unsupported moe quant mode 'w4a8_mxfp4_mxfp8' for system='gb300', backend='sglang', version='0.5.10'. Supported moe modes: ['bfloat16', 'fp8_block', 'int4_wo', 'nvfp4']\n",uv run aiconfigurator cli default --model-path moonshotai/Kimi-K3 --total-gpus 128 --system gb300 --backend sglang --backend-version 0.5.10 --database-mode SILICON --isl 256 --osl 256 --prefix 128 --ttft 2000000.0 --tpot 50000.0 --top-n 1 --no-color,
moonshotai/Kimi-K3,KimiK3ForConditionalGeneration,gb300,sglang,0.5.12,agg,PASS,,uv run aiconfigurator cli default --model-path moonshotai/Kimi-K3 --total-gpus 128 --system gb300 --backend sglang --backend-version 0.5.12 --database-mode SILICON --isl 256 --osl 256 --prefix 128 --ttft 2000000.0 --tpot 50000.0 --top-n 1 --no-color,silicon
moonshotai/Kimi-K3,KimiK3ForConditionalGeneration,gb300,sglang,0.5.12,disagg,PASS,,uv run aiconfigurator cli default --model-path moonshotai/Kimi-K3 --total-gpus 128 --system gb300 --backend sglang --backend-version 0.5.12 --database-mode SILICON --isl 256 --osl 256 --prefix 128 --ttft 2000000.0 --tpot 50000.0 --top-n 1 --no-color,silicon
moonshotai/Kimi-K3,KimiK3ForConditionalGeneration,gb300,sglang,0.5.14,agg,PASS,,uv run aiconfigurator cli default --model-path moonshotai/Kimi-K3 --total-gpus 128 --system gb300 --backend sglang --backend-version 0.5.14 --database-mode SILICON --isl 256 --osl 256 --prefix 128 --ttft 2000000.0 --tpot 50000.0 --top-n 1 --no-color,silicon
moonshotai/Kimi-K3,KimiK3ForConditionalGeneration,gb300,sglang,0.5.14,disagg,PASS,,uv run aiconfigurator cli default --model-path moonshotai/Kimi-K3 --total-gpus 128 --system gb300 --backend sglang --backend-version 0.5.14 --database-mode SILICON --isl 256 --osl 256 --prefix 128 --ttft 2000000.0 --tpot 50000.0 --top-n 1 --no-color,silicon
moonshotai/Kimi-K3,KimiK3ForConditionalGeneration,gb300,sglang,0.5.16,agg,PASS,,uv run aiconfigurator cli default --model-path moonshotai/Kimi-K3 --total-gpus 128 --system gb300 --backend sglang --backend-version 0.5.16 --database-mode SILICON --isl 256 --osl 256 --prefix 128 --ttft 2000000.0 --tpot 50000.0 --top-n 1 --no-color,silicon
moonshotai/Kimi-K3,KimiK3ForConditionalGeneration,gb300,sglang,0.5.16,disagg,PASS,,uv run aiconfigurator cli default --model-path moonshotai/Kimi-K3 --total-gpus 128 --system gb300 --backend sglang --backend-version 0.5.16 --database-mode SILICON --isl 256 --osl 256 --prefix 128 --ttft 2000000.0 --tpot 50000.0 --top-n 1 --no-color,silicon
moonshotai/Kimi-K3,KimiK3ForConditionalGeneration,gb300,sglang,0.5.9,agg,FAIL,"Traceback (most recent call last):\n  File ""tools/support_matrix/support_matrix.py"", line 925, in _attempt\n    python_pareto_df = SupportMatrix._run_mode(\n                       ^^^^^^^^^^^^^^^^^^^^^^^^\n  File ""tools/support_matrix/support_matrix.py"", line 814, in _run_mode\n    pareto_df = task.run()\n                ^^^^^^^^^^\n  File ""src/aiconfigurator/sdk/task_v2.py"", line 1668, in run\n    self.validate()\n  File ""src/aiconfigurator/sdk/task_v2.py"", line 1259, in validate\n    self._validate_database_quant_modes()\n  File ""src/aiconfigurator/sdk/task_v2.py"", line 1308, in _validate_database_quant_modes\n    self._check_role_against_db(""agg"", validate_context=True, validate_generation=True)\n  File ""src/aiconfigurator/sdk/task_v2.py"", line 1478, in _check_role_against_db\n    _check(""moe"", moe_mode, profile_transfer=True)\n  File ""src/aiconfigurator/sdk/task_v2.py"", line 1457, in _check\n    raise exc_type(\nValueError: Unsupported moe quant mode 'w4a8_mxfp4_mxfp8' for system='gb300', backend='sglang', version='0.5.9'. Supported moe modes: ['bfloat16', 'fp8_block', 'int4_wo', 'nvfp4']\n",uv run aiconfigurator cli default --model-path moonshotai/Kimi-K3 --total-gpus 128 --system gb300 --backend sglang --backend-version 0.5.9 --database-mode SILICON --isl 256 --osl 256 --prefix 128 --ttft 2000000.0 --tpot 50000.0 --top-n 1 --no-color,
moonshotai/Kimi-K3,KimiK3ForConditionalGeneration,gb300,sglang,0.5.9,disagg,FAIL,"Traceback (most recent call last):\n  File ""tools/support_matrix/support_matrix.py"", line 925, in _attempt\n    python_pareto_df = SupportMatrix._run_mode(\n                       ^^^^^^^^^^^^^^^^^^^^^^^^\n  File ""tools/support_matrix/support_matrix.py"", line 814, in _run_mode\n    pareto_df = task.run()\n                ^^^^^^^^^^\n  File ""src/aiconfigurator/sdk/task_v2.py"", line 1668, in run\n    self.validate()\n  File ""src/aiconfigurator/sdk/task_v2.py"", line 1259, in validate\n    self._validate_database_quant_modes()\n  File ""src/aiconfigurator/sdk/task_v2.py"", line 1310, in _validate_database_quant_modes\n    self._check_role_against_db(""prefill"", validate_context=True, validate_generation=False)\n  File ""src/aiconfigurator/sdk/task_v2.py"", line 1478, in _check_role_against_db\n    _check(""moe"", moe_mode, profile_transfer=True)\n  File ""src/aiconfigurator/sdk/task_v2.py"", line 1457, in _check\n    raise exc_type(\nValueError: Unsupported moe quant mode 'w4a8_mxfp4_mxfp8' for system='gb300', backend='sglang', version='0.5.9'. Supported moe modes: ['bfloat16', 'fp8_block', 'int4_wo', 'nvfp4']\n",uv run aiconfigurator cli default --model-path moonshotai/Kimi-K3 --total-gpus 128 --system gb300 --backend sglang --backend-version 0.5.9 --database-mode SILICON --isl 256 --osl 256 --prefix 128 --ttft 2000000.0 --tpot 50000.0 --top-n 1 --no-color,
moonshotai/Kimi-K3,KimiK3ForConditionalGeneration,gb300,trtllm,1.3.0rc10,agg,HYBRID_PASS,,uv run aiconfigurator cli default --model-path moonshotai/Kimi-K3 --total-gpus 128 --system gb300 --backend trtllm --backend-version 1.3.0rc10 --database-mode HYBRID --isl 256 --osl 256 --prefix 128 --ttft 2000000.0 --tpot 50000.0 --top-n 1 --no-color,xprofile
moonshotai/Kimi-K3,KimiK3ForConditionalGeneration,gb300,trtllm,1.3.0rc10,disagg,HYBRID_PASS,,uv run aiconfigurator cli default --model-path moonshotai/Kimi-K3 --total-gpus 128 --system gb300 --backend trtllm --backend-version 1.3.0rc10 --database-mode HYBRID --isl 256 --osl 256 --prefix 128 --ttft 2000000.0 --tpot 50000.0 --top-n 1 --no-color,xprofile
moonshotai/Kimi-K3,KimiK3ForConditionalGeneration,gb300,trtllm,1.3.0rc15,agg,HYBRID_PASS,,uv run aiconfigurator cli default --model-path moonshotai/Kimi-K3 --total-gpus 128 --system gb300 --backend trtllm --backend-version 1.3.0rc15 --database-mode HYBRID --isl 256 --osl 256 --prefix 128 --ttft 2000000.0 --tpot 50000.0 --top-n 1 --no-color,xprofile
moonshotai/Kimi-K3,KimiK3ForConditionalGeneration,gb300,trtllm,1.3.0rc15,disagg,HYBRID_PASS,,uv run aiconfigurator cli default --model-path moonshotai/Kimi-K3 --total-gpus 128 --system gb300 --backend trtllm --backend-version 1.3.0rc15 --database-mode HYBRID --isl 256 --osl 256 --prefix 128 --ttft 2000000.0 --tpot 50000.0 --top-n 1 --no-color,xprofile
moonshotai/Kimi-K3,KimiK3ForConditionalGeneration,gb300,trtllm,1.3.0rc20,agg,HYBRID_PASS,,uv run aiconfigurator cli default --model-path moonshotai/Kimi-K3 --total-gpus 128 --system gb300 --backend trtllm --backend-version 1.3.0rc20 --database-mode HYBRID --isl 256 --osl 256 --prefix 128 --ttft 2000000.0 --tpot 50000.0 --top-n 1 --no-color,xprofile
moonshotai/Kimi-K3,KimiK3ForConditionalGeneration,gb300,trtllm,1.3.0rc20,disagg,HYBRID_PASS,,uv run aiconfigurator cli default --model-path moonshotai/Kimi-K3 --total-gpus 128 --system gb300 --backend trtllm --backend-version 1.3.0rc20 --database-mode HYBRID --isl 256 --osl 256 --prefix 128 --ttft 2000000.0 --tpot 50000.0 --top-n 1 --no-color,xprofile
moonshotai/Kimi-K3,KimiK3ForConditionalGeneration,gb300,vllm,0.1.dev19262,agg,FAIL,"Traceback (most recent call last):\n  File ""src/aiconfigurator/sdk/sweep.py"", line 485, in sweep_agg\n    point_df, point_saw_model_fit, point_saw_memory_fit = _sweep_one_parallel_agg(\n                                                          ^^^^^^^^^^^^^^^^^^^^^^^^\n  File ""src/aiconfigurator/sdk/sweep.py"", line 335, in _sweep_one_parallel_agg\n    summary = predict_agg_worker(\n              ^^^^^^^^^^^^^^^^^^^\n  File ""src/aiconfigurator/sdk/predict.py"", line 143, in predict_agg_worker\n    summary = (predictor or DEFAULT_PREDICTOR).predict_agg_worker(\n              ^^^^^^^^^^^^^^^^^^^^^^^^^^^^^^^^^^^^^^^^^^^^^^^^^^^^\n  File ""src/aiconfigurator/sdk/predictor.py"", line 118, in predict_agg_worker\n    return backend.run_agg(\n           ^^^^^^^^^^^^^^^^\n  File ""aic-core/src/aiconfigurator_core/sdk/backends/base_backend.py"", line 1466, in run_agg\n    mix_step_estimate = self.run_mixed(\n                        ^^^^^^^^^^^^^^^\n  File ""aic-core/src/aiconfigurator_core/sdk/backends/base_backend.py"", line 1147, in run_mixed\n    summary = self.run_static(\n              ^^^^^^^^^^^^^^^^\n  File ""aic-core/src/aiconfigurator_core/sdk/backends/base_backend.py"", line 685, in run_static\n    ) = self._run_static_breakdown(\n        ^^^^^^^^^^^^^^^^^^^^^^^^^^^\n  File ""aic-core/src/aiconfigurator_core/sdk/backends/base_backend.py"", line 503, in _run_static_breakdown\n    context_latency_dict, context_energy_wms_dict, context_source_dict = self._run_context_phase(\n                                                                         ^^^^^^^^^^^^^^^^^^^^^^^^\n  File ""aic-core/src/aiconfigurator_core/sdk/backends/base_backend.py"", line 338, in _run_context_phase\n    result = op.query(\n             ^^^^^^^^^\n  File ""aic-core/src/aiconfigurator_core/sdk/operations/communication.py"", line 264, in query\n    result = database.query_custom_allreduce(common.CommQuantMode.half, self._tp_size, size)\n             ^^^^^^^^^^^^^^^^^^^^^^^^^^^^^^^^^^^^^^^^^^^^^^^^^^^^^^^^^^^^^^^^^^^^^^^^^^^^^^^\n  File ""aic-core/src/aiconfigurator_core/sdk/perf_database.py"", line 2871, in query_custom_allreduce\n    return CustomAllReduce._query_custom_allreduce_table(self, quant_mode, tp_size, size, database_mode)\n           ^^^^^^^^^^^^^^^^^^^^^^^^^^^^^^^^^^^^^^^^^^^^^^^^^^^^^^^^^^^^^^^^^^^^^^^^^^^^^^^^^^^^^^^^^^^^^\n  File ""aic-core/src/aiconfigurator_core/sdk/operations/communication.py"", line 242, in _query_custom_allreduce_table\n    return database._query_silicon_or_hybrid(\n           ^^^^^^^^^^^^^^^^^^^^^^^^^^^^^^^^^^\n  File ""aic-core/src/aiconfigurator_core/sdk/perf_database.py"", line 2543, in _query_silicon_or_hybrid\n    return get_silicon()\n           ^^^^^^^^^^^^^\n  File ""aic-core/src/aiconfigurator_core/sdk/operations/communication.py"", line 193, in get_silicon\n    data_wrapper.raise_if_not_loaded()\n  File ""aic-core/src/aiconfigurator_core/sdk/perf_database.py"", line 1498, in raise_if_not_loaded\n    raise PerfDataNotAvailableError(\naiconfigurator_core.sdk.errors.PerfDataNotAvailableError: Error loading silicon data for op PerfDataFilename.custom_allreduce: File does not exist at aic-core/src/aiconfigurator_core/systems/data/gb300/vllm/0.1.dev19262/custom_allreduce_perf.parquet. This combination of model, system, backend, and backend version is not supported by AIC in SILICON mode. Failed to query custom allreduce data for quant_mode=<CommQuantMode.half: QuantMapping(memory=2, compute=0, name='half', compute_dtype=None)>, tp_size=8, size=917504.0. Consider using HYBRID mode.\n\nThe above exception was the direct cause of the following exception:\n\nTraceback (most recent call last):\n  File ""tools/support_matrix/support_matrix.py"", line 925, in _attempt\n    python_pareto_df = SupportMatrix._run_mode(\n                       ^^^^^^^^^^^^^^^^^^^^^^^^\n  File ""tools/support_matrix/support_matrix.py"", line 814, in _run_mode\n    pareto_df = task.run()\n                ^^^^^^^^^^\n  File ""src/aiconfigurator/sdk/task_v2.py"", line 1675, in run\n    return sweep_agg(\n           ^^^^^^^^^^\n  File ""src/aiconfigurator/sdk/sweep.py"", line 526, in sweep_agg\n    raise RuntimeError(\nRuntimeError: sweep_agg: no results for any parallel configuration. Last exception: Error loading silicon data for op PerfDataFilename.custom_allreduce: File does not exist at aic-core/src/aiconfigurator_core/systems/data/gb300/vllm/0.1.dev19262/custom_allreduce_perf.parquet. This combination of model, system, backend, and backend version is not supported by AIC in SILICON mode. Failed to query custom allreduce data for quant_mode=<CommQuantMode.half: QuantMapping(memory=2, compute=0, name='half', compute_dtype=None)>, tp_size=8, size=917504.0. Consider using HYBRID mode.\n",uv run aiconfigurator cli default --model-path moonshotai/Kimi-K3 --total-gpus 128 --system gb300 --backend vllm --backend-version 0.1.dev19262 --database-mode SILICON --isl 256 --osl 256 --prefix 128 --ttft 2000000.0 --tpot 50000.0 --top-n 1 --no-color,
moonshotai/Kimi-K3,KimiK3ForConditionalGeneration,gb300,vllm,0.1.dev19262,disagg,FAIL,"Traceback (most recent call last):\n  File ""src/aiconfigurator/sdk/sweep.py"", line 603, in _get_disagg_worker_candidates\n    summary = predict_disagg_worker(\n              ^^^^^^^^^^^^^^^^^^^^^^\n  File ""src/aiconfigurator/sdk/predict.py"", line 91, in predict_disagg_worker\n    summary = (predictor or DEFAULT_PREDICTOR).predict_disagg_worker(\n              ^^^^^^^^^^^^^^^^^^^^^^^^^^^^^^^^^^^^^^^^^^^^^^^^^^^^^^^\n  File ""src/aiconfigurator/sdk/predictor.py"", line 139, in predict_disagg_worker\n    return backend.run_static(\n           ^^^^^^^^^^^^^^^^^^^\n  File ""aic-core/src/aiconfigurator_core/sdk/backends/base_backend.py"", line 685, in run_static\n    ) = self._run_static_breakdown(\n        ^^^^^^^^^^^^^^^^^^^^^^^^^^^\n  File ""aic-core/src/aiconfigurator_core/sdk/backends/base_backend.py"", line 503, in _run_static_breakdown\n    context_latency_dict, context_energy_wms_dict, context_source_dict = self._run_context_phase(\n                                                                         ^^^^^^^^^^^^^^^^^^^^^^^^\n  File ""aic-core/src/aiconfigurator_core/sdk/backends/base_backend.py"", line 338, in _run_context_phase\n    result = op.query(\n             ^^^^^^^^^\n  File ""aic-core/src/aiconfigurator_core/sdk/operations/communication.py"", line 264, in query\n    result = database.query_custom_allreduce(common.CommQuantMode.half, self._tp_size, size)\n             ^^^^^^^^^^^^^^^^^^^^^^^^^^^^^^^^^^^^^^^^^^^^^^^^^^^^^^^^^^^^^^^^^^^^^^^^^^^^^^^\n  File ""aic-core/src/aiconfigurator_core/sdk/perf_database.py"", line 2871, in query_custom_allreduce\n    return CustomAllReduce._query_custom_allreduce_table(self, quant_mode, tp_size, size, database_mode)\n           ^^^^^^^^^^^^^^^^^^^^^^^^^^^^^^^^^^^^^^^^^^^^^^^^^^^^^^^^^^^^^^^^^^^^^^^^^^^^^^^^^^^^^^^^^^^^^\n  File ""aic-core/src/aiconfigurator_core/sdk/operations/communication.py"", line 242, in _query_custom_allreduce_table\n    return database._query_silicon_or_hybrid(\n           ^^^^^^^^^^^^^^^^^^^^^^^^^^^^^^^^^^\n  File ""aic-core/src/aiconfigurator_core/sdk/perf_database.py"", line 2543, in _query_silicon_or_hybrid\n    return get_silicon()\n           ^^^^^^^^^^^^^\n  File ""aic-core/src/aiconfigurator_core/sdk/operations/communication.py"", line 193, in get_silicon\n    data_wrapper.raise_if_not_loaded()\n  File ""aic-core/src/aiconfigurator_core/sdk/perf_database.py"", line 1498, in raise_if_not_loaded\n    raise PerfDataNotAvailableError(\naiconfigurator_core.sdk.errors.PerfDataNotAvailableError: Error loading silicon data for op PerfDataFilename.custom_allreduce: File does not exist at aic-core/src/aiconfigurator_core/systems/data/gb300/vllm/0.1.dev19262/custom_allreduce_perf.parquet. This combination of model, system, backend, and backend version is not supported by AIC in SILICON mode. Failed to query custom allreduce data for quant_mode=<CommQuantMode.half: QuantMapping(memory=2, compute=0, name='half', compute_dtype=None)>, tp_size=8, size=917504. Consider using HYBRID mode.\n\nThe above exception was the direct cause of the following exception:\n\nTraceback (most recent call last):\n  File ""tools/support_matrix/support_matrix.py"", line 925, in _attempt\n    python_pareto_df = SupportMatrix._run_mode(\n                       ^^^^^^^^^^^^^^^^^^^^^^^^\n  File ""tools/support_matrix/support_matrix.py"", line 814, in _run_mode\n    pareto_df = task.run()\n                ^^^^^^^^^^\n  File ""src/aiconfigurator/sdk/task_v2.py"", line 1687, in run\n    return sweep_disagg(\n           ^^^^^^^^^^^^^\n  File ""src/aiconfigurator/sdk/sweep.py"", line 850, in sweep_disagg\n    prefill_summary_df = _get_disagg_worker_candidates(\n                         ^^^^^^^^^^^^^^^^^^^^^^^^^^^^^^\n  File ""src/aiconfigurator/sdk/sweep.py"", line 642, in _get_disagg_worker_candidates\n    raise RuntimeError(\nRuntimeError: sweep_disagg/prefill: no results for any parallel config. Last exception: Error loading silicon data for op PerfDataFilename.custom_allreduce: File does not exist at aic-core/src/aiconfigurator_core/systems/data/gb300/vllm/0.1.dev19262/custom_allreduce_perf.parquet. This combination of model, system, backend, and backend version is not supported by AIC in SILICON mode. Failed to query custom allreduce data for quant_mode=<CommQuantMode.half: QuantMapping(memory=2, compute=0, name='half', compute_dtype=None)>, tp_size=8, size=917504. Consider using HYBRID mode.\n",uv run aiconfigurator cli default --model-path moonshotai/Kimi-K3 --total-gpus 128 --system gb300 --backend vllm --backend-version 0.1.dev19262 --database-mode SILICON --isl 256 --osl 256 --prefix 128 --ttft 2000000.0 --tpot 50000.0 --top-n 1 --no-color,
moonshotai/Kimi-K3,KimiK3ForConditionalGeneration,gb300,vllm,0.19.0,agg,FAIL,"Traceback (most recent call last):\n  File ""tools/support_matrix/support_matrix.py"", line 925, in _attempt\n    python_pareto_df = SupportMatrix._run_mode(\n                       ^^^^^^^^^^^^^^^^^^^^^^^^\n  File ""tools/support_matrix/support_matrix.py"", line 814, in _run_mode\n    pareto_df = task.run()\n                ^^^^^^^^^^\n  File ""src/aiconfigurator/sdk/task_v2.py"", line 1668, in run\n    self.validate()\n  File ""src/aiconfigurator/sdk/task_v2.py"", line 1259, in validate\n    self._validate_database_quant_modes()\n  File ""src/aiconfigurator/sdk/task_v2.py"", line 1308, in _validate_database_quant_modes\n    self._check_role_against_db(""agg"", validate_context=True, validate_generation=True)\n  File ""src/aiconfigurator/sdk/task_v2.py"", line 1478, in _check_role_against_db\n    _check(""moe"", moe_mode, profile_transfer=True)\n  File ""src/aiconfigurator/sdk/task_v2.py"", line 1457, in _check\n    raise exc_type(\nValueError: Unsupported moe quant mode 'w4a16_mxfp4' for system='gb300', backend='vllm', version='0.19.0'. Supported moe modes: ['bfloat16', 'fp8', 'fp8_block', 'int4_wo', 'nvfp4']\n",uv run aiconfigurator cli default --model-path moonshotai/Kimi-K3 --total-gpus 128 --system gb300 --backend vllm --backend-version 0.19.0 --database-mode SILICON --isl 256 --osl 256 --prefix 128 --ttft 2000000.0 --tpot 50000.0 --top-n 1 --no-color,
moonshotai/Kimi-K3,KimiK3ForConditionalGeneration,gb300,vllm,0.19.0,disagg,FAIL,"Traceback (most recent call last):\n  File ""tools/support_matrix/support_matrix.py"", line 925, in _attempt\n    python_pareto_df = SupportMatrix._run_mode(\n                       ^^^^^^^^^^^^^^^^^^^^^^^^\n  File ""tools/support_matrix/support_matrix.py"", line 814, in _run_mode\n    pareto_df = task.run()\n                ^^^^^^^^^^\n  File ""src/aiconfigurator/sdk/task_v2.py"", line 1668, in run\n    self.validate()\n  File ""src/aiconfigurator/sdk/task_v2.py"", line 1259, in validate\n    self._validate_database_quant_modes()\n  File ""src/aiconfigurator/sdk/task_v2.py"", line 1310, in _validate_database_quant_modes\n    self._check_role_against_db(""prefill"", validate_context=True, validate_generation=False)\n  File ""src/aiconfigurator/sdk/task_v2.py"", line 1478, in _check_role_against_db\n    _check(""moe"", moe_mode, profile_transfer=True)\n  File ""src/aiconfigurator/sdk/task_v2.py"", line 1457, in _check\n    raise exc_type(\nValueError: Unsupported moe quant mode 'w4a16_mxfp4' for system='gb300', backend='vllm', version='0.19.0'. Supported moe modes: ['bfloat16', 'fp8', 'fp8_block', 'int4_wo', 'nvfp4']\n",uv run aiconfigurator cli default --model-path moonshotai/Kimi-K3 --total-gpus 128 --system gb300 --backend vllm --backend-version 0.19.0 --database-mode SILICON --isl 256 --osl 256 --prefix 128 --ttft 2000000.0 --tpot 50000.0 --top-n 1 --no-color,
moonshotai/Kimi-K3,KimiK3ForConditionalGeneration,gb300,vllm,0.22.0,agg,PASS,,uv run aiconfigurator cli default --model-path moonshotai/Kimi-K3 --total-gpus 128 --system gb300 --backend vllm --backend-version 0.22.0 --database-mode SILICON --isl 256 --osl 256 --prefix 128 --ttft 2000000.0 --tpot 50000.0 --top-n 1 --no-color,silicon
moonshotai/Kimi-K3,KimiK3ForConditionalGeneration,gb300,vllm,0.22.0,disagg,PASS,,uv run aiconfigurator cli default --model-path moonshotai/Kimi-K3 --total-gpus 128 --system gb300 --backend vllm --backend-version 0.22.0 --database-mode SILICON --isl 256 --osl 256 --prefix 128 --ttft 2000000.0 --tpot 50000.0 --top-n 1 --no-color,silicon
moonshotai/Kimi-K3,KimiK3ForConditionalGeneration,gb300,vllm,0.24.0,agg,PASS,,uv run aiconfigurator cli default --model-path moonshotai/Kimi-K3 --total-gpus 128 --system gb300 --backend vllm --backend-version 0.24.0 --database-mode SILICON --isl 256 --osl 256 --prefix 128 --ttft 2000000.0 --tpot 50000.0 --top-n 1 --no-color,silicon
moonshotai/Kimi-K3,KimiK3ForConditionalGeneration,gb300,vllm,0.24.0,disagg,PASS,,uv run aiconfigurator cli default --model-path moonshotai/Kimi-K3 --total-gpus 128 --system gb300 --backend vllm --backend-version 0.24.0 --database-mode SILICON --isl 256 --osl 256 --prefix 128 --ttft 2000000.0 --tpot 50000.0 --top-n 1 --no-color,silicon
